warning: unused doc comment
   --> crates\shim-metadata\src\classify.rs:213:13
    |
213 |               /// 回调令牌,wrapper adapter 重入 VM);其余拥有外来类型 v1 跳过
    |               ^^^^^^^^^^^^^^^^^^^^^^^^^^^^^^^^^^^^^^^^^^^^^^^^^^^^^^^^^^^^^^
214 | /             Ty::OpaqueOwned(n) if n.contains("Fn") => {
215 | |                 args.push(ArgPlan::Callback);
216 | |                 continue;
217 | |             }
    | |_____________- rustdoc does not generate documentation for match arms
    |
    = help: use `//` for a plain comment
    = note: `#[warn(unused_doc_comments)]` (part of `#[warn(unused)]`) on by default

warning: `shim-metadata` (lib) generated 1 warning
warning: unused doc comment
   --> crates\auto-lang\src\aura\extract.rs:886:1
    |
886 | /// Extract view node from parsed ViewNode
    | ^^^^^^^^^^^^^^^^^^^^^^^^^^^^^^^^^^^^^^^^^^ rustdoc does not generate documentation for macro invocations
    |
    = help: to document an item produced by a macro, the macro must produce the documentation as part of its expansion
    = note: `#[warn(unused_doc_comments)]` (part of `#[warn(unused)]`) on by default

warning: unused import: `ViewProp`
  --> crates\auto-lang\src\aura\extract.rs:13:50
   |
13 | use crate::ast::{Expr, Type, Key, ViewPropValue, ViewProp, ViewEvent};
   |                                                  ^^^^^^^^
   |
   = note: `#[warn(unused_imports)]` (part of `#[warn(unused)]`) on by default

warning: unnecessary parentheses around block return value
   --> crates\auto-lang\src\design_tokens\registry.rs:190:9
    |
190 |         ((g - b) / d + if g < b { 6.0 } else { 0.0 })
    |         ^                                           ^
    |
    = note: `#[warn(unused_parens)]` (part of `#[warn(unused)]`) on by default
help: remove these parentheses
    |
190 -         ((g - b) / d + if g < b { 6.0 } else { 0.0 })
190 +         (g - b) / d + if g < b { 6.0 } else { 0.0 }
    |

warning: unused import: `super::*`
   --> crates\auto-lang\src\ui_gen\bp\registry.rs:368:9
    |
368 |     use super::*;
    |         ^^^^^^^^
    |
help: if this is a test module, consider adding a `#[cfg(test)]` to the containing module
   --> crates\auto-lang\src\ui_gen\bp\registry.rs:367:1
    |
367 | mod root_resolution_tests {
    | ^^^^^^^^^^^^^^^^^^^^^^^^^

warning: unused doc comment
    --> crates\auto-lang\src\ui_gen\rust.rs:1254:9
     |
1254 | /         /// action_config 全局面——与 VM 轨 renderer __menubar_toggle 同
1255 | |         /// 机制非消费方补丁；族折叠契约镜像解释态
1256 | |         /// convert_menubar_component）。枚举先于 view 树生成——变体在
1257 | |         /// 此预扫描推送（scan_input_fields 同序先例）。
     | |________________________________________________________^
1258 | /         if self.view_tree_has_menubar(&widget.view_tree) {
1259 | |             if !self.message_variants.iter().any(|v| v.name == "__MenubarToggle") {
1260 | |                 self.message_variants.push(AuraMsgVariant {
1261 | |                     name: "__MenubarToggle".to_string(),
...    |
1275 | |         }
     | |_________- rustdoc does not generate documentation for expressions
     |
     = help: use `//` for a plain comment

warning: unused imports: `Expr` and `Stmt`
    --> crates\auto-lang\src\ui_gen\rust.rs:7415:26
     |
7415 |         use crate::ast::{Expr, Stmt};
     |                          ^^^^  ^^^^

warning: unused import: `auto_val::Op`
    --> crates\auto-lang\src\ui_gen\rust.rs:7416:13
     |
7416 |         use auto_val::Op;
     |             ^^^^^^^^^^^^

warning: unused doc comment
    --> crates\auto-lang\src\ui_gen\rust.rs:8242:21
     |
8242 |                       /// 显式拒绝非静默）。
     |                       ^^^^^^^^^^^^^^^^^^^^^^
8243 | /                     _ => {
8244 | |                         let kind = self.tag_to_view_fn(tag);
8245 | |                         let hit = crate::ui_gen::vocab::view_prop_vocab(kind)
8246 | |                             .iter()
...    |
8281 | |                         format!("{{ std::compile_error!(\"{msg}\"); unreachable!() }}")
8282 | |                     }
     | |_____________________- rustdoc does not generate documentation for match arms
     |
     = help: use `//` for a plain comment

warning: unused doc comment
    --> crates\auto-lang\src\ui_gen\rust.rs:8426:17
     |
8426 |                 /// handler 闭包，Msg 槽发直消息（Option<M> 面无闭包包装）。
     |                 ^^^^^^^^^^^^^^^^^^^^^^^^^^^^^^^^^^^^^^^^^^^^^^^^^^^^^^^^^^^^
8427 |                 let kind = self.tag_to_view_fn(tag);
     |                 ------------------------------------ rustdoc does not generate documentation for statements
     |
     = help: use `//` for a plain comment

warning: unnecessary parentheses around `if` condition
     --> crates\auto-lang\src\ui_gen\rust.rs:11314:20
      |
11314 |                 if (fn_name.starts_with("store.") || fn_name.starts_with("self.store.")) {
      |                    ^                                                                   ^
      |
help: remove these parentheses
      |
11314 -                 if (fn_name.starts_with("store.") || fn_name.starts_with("self.store.")) {
11314 +                 if fn_name.starts_with("store.") || fn_name.starts_with("self.store.") {
      |

warning: unused import: `std::collections::HashSet`
   --> crates\auto-lang\src\ui_gen\api.rs:283:5
    |
283 | use std::collections::HashSet;
    |     ^^^^^^^^^^^^^^^^^^^^^^^^^

warning: unused import: `Args`
  --> crates\auto-lang\src\trans\emit.rs:15:23
   |
15 | use crate::ast::{Arg, Args, Body, Call, Code, Expr, Fn, For, If, Iter, Stmt, Store, StoreKind, Try, Use, UseKind};
   |                       ^^^^

warning: unused imports: `NATIVE_PRINT_F64` and `NATIVE_PRINT_U64`
 --> crates\auto-lang\src\vm\codegen.rs:7:1343
  |
7 | ...E_BASENAME, NATIVE_PRINT_F32, NATIVE_PRINT_F64, NATIVE_PRINT_I32, NATIVE_PRINT_STR, NATIVE_PRINT_U64, NATIVE_PRINT_UNIFIED, NATIVE...
  |                                  ^^^^^^^^^^^^^^^^                                      ^^^^^^^^^^^^^^^^

warning: unused import: `std::fmt::Write`
  --> crates\auto-lang\src\vm\abt\mod.rs:81:13
   |
81 |         use std::fmt::Write;
   |             ^^^^^^^^^^^^^^^

warning: unused doc comment
    --> crates\auto-lang\src\vm\engine.rs:1868:5
     |
1868 | /     /// PLAN-053 P-053-2: nil 家族判定 —— tag-null(encode_null，现行
1869 | |     /// `None`/`null`/`nil` 字面量与 JSON null 的统一编码)或旧编码
1870 | |     /// i32(-1)(历史 `null` 字面量/CREATE_NONE)或 i32(i32::MIN+1)
1871 | |     /// (历史 `nil` 字面量)。EQ/NE/NULL_COALESCE 用它在等值/合并语义上
...    |
1875 | |     /// PLAN-026 T-03 配套: 宽整数值归一(i32/i64 tag → i64 按值;算术
1876 | |     /// 兜底臂与序比较宽整臂共用)。
     | |_____------------------------------^
     |       |
     |       rustdoc does not generate documentation for macro invocations
     |
     = help: to document an item produced by a macro, the macro must produce the documentation as part of its expansion

warning: unused import: `std::sync::atomic::Ordering`
    --> crates\auto-lang\src\vm\engine.rs:1030:13
     |
1030 |         use std::sync::atomic::Ordering;
     |             ^^^^^^^^^^^^^^^^^^^^^^^^^^^

warning: unused import: `crate::vm::ffi::VMConvertible`
     --> crates\auto-lang\src\vm\engine.rs:11787:9
      |
11787 |     use crate::vm::ffi::VMConvertible;
      |         ^^^^^^^^^^^^^^^^^^^^^^^^^^^^^

warning: unused import: `crate::vm::task::AutoTask`
     --> crates\auto-lang\src\vm\engine.rs:11788:9
      |
11788 |     use crate::vm::task::AutoTask;
      |         ^^^^^^^^^^^^^^^^^^^^^^^^^

warning: unused import: `dashmap::DashMap`
  --> crates\auto-lang\src\vm\rc.rs:20:5
   |
20 | use dashmap::DashMap;
   |     ^^^^^^^^^^^^^^^^

warning: unused import: `AtomicU64`
  --> crates\auto-lang\src\vm\rc.rs:22:36
   |
22 | use std::sync::atomic::{AtomicU32, AtomicU64, Ordering};
   |                                    ^^^^^^^^^

warning: unused doc comment
    --> crates\auto-lang\src\vm\ffi\stdlib.rs:2977:1
     |
2977 | /// 原始（inventory rust_fn）shim 的暂存表：wrapper 规整首参后委托原实现。
     | ^^^^^^^^^^^^^^^^^^^^^^^^^^^^^^^^^^^^^^^^^^^^^^^^^^^^^^^^^^^^^^^^^^^^^^^^^^ rustdoc does not generate documentation for macro invocations
     |
     = help: to document an item produced by a macro, the macro must produce the documentation as part of its expansion

warning: unused doc comment
   --> crates\auto-lang\src\vm\ffi\dep_methods.rs:878:1
    |
878 | / /// 同步调用期有效的回调帧(裸指针仅在 marshaller 调用窗口内解引用;
879 | | /// 单线程原型,深度 1)。Option 空即"不在回调窗口"。
    | |_--------------------------------------------------^
    |   |
    |   rustdoc does not generate documentation for macro invocations
    |
    = help: to document an item produced by a macro, the macro must produce the documentation as part of its expansion

warning: unused doc comment
   --> crates\auto-lang\src\vm\ffi\term_engine.rs:917:1
    |
917 | / /// PLAN-020 T-00b:窗口尺寸面(逻辑 px)。读 iced_adapter 窗口全局
918 | | /// (renderer 每帧 set_window_width/height),与引擎零耦合——分屏矩形
919 | | /// 投影的前端 px 类几何标定源。非 ui 特性(无窗口)返缺省槽位值。
920 | | ///
...   |
923 | | /// (run_app/动态轨,022 T-03 写入路)与 vm 无窗口轨不注入 override,
924 | | /// 读路径与既有行为零变化。
    | |_---------------------------^
    |   |
    |   rustdoc does not generate documentation for macro invocations
    |
    = help: to document an item produced by a macro, the macro must produce the documentation as part of its expansion

warning: unnecessary parentheses around assigned value
    --> crates\auto-lang\src\vm\ffi\term_engine.rs:1051:26
     |
1051 |         let Ok(paused) = (lib.get::<unsafe extern "C" fn(*mut core::ffi::c_void) -> c_int>(
     |                          ^
1052 |             b"autoterm_engine_backlog_paused\0",
1053 |         )) else {
     |          ^
     |
help: remove these parentheses
     |
1051 ~         let Ok(paused) = lib.get::<unsafe extern "C" fn(*mut core::ffi::c_void) -> c_int>(
1052 |             b"autoterm_engine_backlog_paused\0",
1053 ~         ) else {
     |

warning: unnecessary parentheses around assigned value
    --> crates\auto-lang\src\vm\ffi\term_engine.rs:1090:27
     |
1090 |         let Ok(dropped) = (lib.get::<unsafe extern "C" fn(*mut core::ffi::c_void) -> c_int>(
     |                           ^
1091 |             b"autoterm_engine_overflow_count\0",
1092 |         )) else {
     |          ^
     |
help: remove these parentheses
     |
1090 ~         let Ok(dropped) = lib.get::<unsafe extern "C" fn(*mut core::ffi::c_void) -> c_int>(
1091 |             b"autoterm_engine_overflow_count\0",
1092 ~         ) else {
     |

warning: unused import: `crate::run`
  --> crates\auto-lang\src\vm\tests_chart_geometry.rs:12:5
   |
12 | use crate::run;
   |     ^^^^^^^^^^

warning: unused imports: `VueGenerator` and `VueMode`
    --> crates\auto-lang\src\lib.rs:6988:76
     |
6988 |     use crate::ui_gen::{generate_component_from_file, ComponentGenOptions, VueGenerator, VueMode};
     |                                                                            ^^^^^^^^^^^^  ^^^^^^^

warning: unused import: `syntect::easy::HighlightLines`
   --> crates\auto-lang\src\ui\code_editor\core\highlight.rs:333:9
    |
333 |     use syntect::easy::HighlightLines;
    |         ^^^^^^^^^^^^^^^^^^^^^^^^^^^^^

warning: unused import: `syntect::util::LinesWithEndings`
   --> crates\auto-lang\src\ui\code_editor\core\highlight.rs:334:9
    |
334 |     use syntect::util::LinesWithEndings;
    |         ^^^^^^^^^^^^^^^^^^^^^^^^^^^^^^^

warning: unused import: `Family`
  --> crates\auto-lang\src\ui\code_editor\core\render.rs:14:41
   |
14 |     Attrs, AttrsList, BufferLine, Edit, Family, FontSystem, LineEnding, Metrics, Selection, Wrap,
   |                                         ^^^^^^

warning: unused import: `Weak`
  --> crates\auto-lang\src\ui\code_editor\core\mod.rs:27:39
   |
27 | use std::sync::{Arc, Mutex, OnceLock, Weak};
   |                                       ^^^^

warning: unused import: `Family`
  --> crates\auto-lang\src\ui\code_editor\iced\gutter.rs:21:35
   |
21 |     Attrs, AttrsList, BufferLine, Family, FontSystem, LayoutLine, LineEnding, Shaping, SwashCache,
   |                                   ^^^^^^

warning: unused import: `iced::advanced::graphics::text::Renderer as RawTextRenderer`
  --> crates\auto-lang\src\ui\code_editor\iced\widget.rs:13:5
   |
13 | use iced::advanced::graphics::text::Renderer as RawTextRenderer;
   |     ^^^^^^^^^^^^^^^^^^^^^^^^^^^^^^^^^^^^^^^^^^^^^^^^^^^^^^^^^^^

warning: unused import: `ScrollSource`
  --> crates\auto-lang\src\ui\scroll\controller.rs:22:47
   |
22 | use crate::ui::scroll::intent::{ScrollIntent, ScrollSource};
   |                                               ^^^^^^^^^^^^

warning: unused import: `scroll_range`
  --> crates\auto-lang\src\ui\scroll\host.rs:16:49
   |
16 | use crate::ui::scroll::geometry::{clamp_offset, scroll_range};
   |                                                 ^^^^^^^^^^^^

warning: unused import: `ScrollAxisState`
   --> crates\auto-lang\src\ui\scroll\intent.rs:107:38
    |
107 | use crate::ui::scroll::state::{Axis, ScrollAxisState, ScrollState};
    |                                      ^^^^^^^^^^^^^^^

warning: unused imports: `Point` and `Vector`
 --> crates\auto-lang\src\ui\anchor_slot.rs:9:29
  |
9 | use iced::{Element, Length, Point, Rectangle, Size, Theme, Vector};
  |                             ^^^^^                          ^^^^^^

warning: unused import: `AtomicBool`
  --> crates\auto-lang\src\ui\style\mod.rs:41:29
   |
41 |     use std::sync::atomic::{AtomicBool, AtomicU64, Ordering};
   |                             ^^^^^^^^^^

warning: unused doc comment
   --> crates\auto-lang\src\ui\style\theme\mod.rs:176:1
    |
176 | / /// PLAN-020 T-00b: 窗口高度(逻辑 px),与 window_width 同规约——renderer
177 | | /// 在 view() 前设值。窗口尺寸面(分屏矩形投影 px 类几何的标定源)。
    | |_-----------------------------------------------------------------^
    |   |
    |   rustdoc does not generate documentation for macro invocations
    |
    = help: to document an item produced by a macro, the macro must produce the documentation as part of its expansion

warning: unused import: `VNode`
  --> crates\auto-lang\src\ui\selection\output.rs:16:38
   |
16 | use crate::ui::vnode::{kind_keyword, VNode, VNodeId, VTree};
   |                                      ^^^^^

warning: unused import: `Try`
  --> crates\auto-lang\src\ui\handler_codegen.rs:22:73
   |
22 |     Arg, Body, Branch, Expr, Fn, FnKind, If, Member, Name, Param, Stmt, Try, Type, TypeDecl,
   |                                                                         ^^^

warning: unused import: `ReservedEdges`
  --> crates\auto-lang\src\ui\session.rs:32:37
   |
32 | use crate::ui::layout::{LayoutMode, ReservedEdges};
   |                                     ^^^^^^^^^^^^^

warning: unused doc comment
    --> crates\auto-lang\src\ui\session.rs:4409:13
     |
4409 |               /// 回收（无 respawn——spawned 复位，下次召唤重 spawn）。
     |               ^^^^^^^^^^^^^^^^^^^^^^^^^^^^^^^^^^^^^^^^^^^^^^^^^^^^^^^^
4410 | /             if self.desktop.launcher_pipe.as_deref() == Some(pipe.as_str()) {
4411 | |                 if let Some(lwid) = self.desktop.launcher_wid.take() {
4412 | |                     if Some(lwid) != client.wid {
4413 | |                         let _ = self.wm_remove_win(lwid);
...    |
4420 | |                 self.desktop.launcher_spawned = false;
4421 | |             }
     | |_____________- rustdoc does not generate documentation for expressions
     |
     = help: use `//` for a plain comment

warning: unused doc comment
    --> crates\auto-lang\src\ui\session.rs:4788:25
     |
4788 | /                         ///（add_win_above_bottom：z_order[1]，bg 上/窗下）；
4789 | |                         /// rect 初值 = 顶部带（全宽 × 缺省面板高），宿主随
4790 | |                         /// DashboardSnapshot 推送动态更新（命中带随几何）。
     | |____________________________________________________________________________^
4791 |                           let mut dashboard_wid: Option<Wid> = None;
     |                           ------------------------------------------ rustdoc does not generate documentation for statements
     |
     = help: use `//` for a plain comment

warning: unused doc comment
    --> crates\auto-lang\src\ui\session.rs:4796:29
     |
4796 |   ...                   /// 边距；push_dashboard_snapshot 随几何动态更新）。
     |                         ^^^^^^^^^^^^^^^^^^^^^^^^^^^^^^^^^^^^^^^^^^^^^^^^^^^^
4797 | / ...                   let d_rect = iced::Rectangle::new(
4798 | | ...                       iced::Point::new((width - d_decl.width - 12.0).max(12.0), 12.0),
4799 | | ...                       iced::Size::new(d_decl.width, d_decl.height),
4800 | | ...                   );
     | |________________________- rustdoc does not generate documentation for statements
     |
     = help: use `//` for a plain comment

warning: unused doc comment
    --> crates\auto-lang\src\ui\session.rs:4883:21
     |
4883 |                       ///[v1 记债]——死亡由 pump 回收，下次召唤重 spawn）。
     |                       ^^^^^^^^^^^^^^^^^^^^^^^^^^^^^^^^^^^^^^^^^^^^^^^^^^^^
4884 | /                     if app_name == "launcher" && !surfaces.is_empty() {
4885 | |                         let rect = iced::Rectangle::new(
4886 | |                             iced::Point::new(0.0, 0.0),
4887 | |                             iced::Size::new(width, height),
...    |
4924 | |                         continue;
4925 | |                     }
     | |_____________________- rustdoc does not generate documentation for expressions
     |
     = help: use `//` for a plain comment

warning: unused doc comment
    --> crates\auto-lang\src\ui\shell_projection.rs:1212:13
     |
1212 |             /// renderer in-proc 写点 Value::Int 同型）。
     |             ^^^^^^^^^^^^^^^^^^^^^^^^^^^^^^^^^^^^^^^^^^^^^
1213 |             ShellWrite::Scalar("__panel_max_h", auto_val::Value::Int(self.panel_max_h as i32)),
     |             ---------------------------------------------------------------------------------- rustdoc does not generate documentation for expressions
     |
     = help: use `//` for a plain comment

warning: unused import: `std::collections::HashMap`
  --> crates\auto-lang\src\ui\desktop_protocol\client_runtime.rs:13:5
   |
13 | use std::collections::HashMap;
   |     ^^^^^^^^^^^^^^^^^^^^^^^^^

warning: unused imports: `AuraNode`, `AuraPropValue`, `AuraTextContent`, and `aura_events_get_base`
  --> crates\auto-lang\src\ui\desktop_protocol\client_runtime.rs:16:19
   |
16 | use crate::aura::{aura_events_get_base, AuraNode, AuraPropValue, AuraTextContent};
   |                   ^^^^^^^^^^^^^^^^^^^^  ^^^^^^^^  ^^^^^^^^^^^^^  ^^^^^^^^^^^^^^^

warning: unused imports: `DrawList`, `DrawOp`, `ImageFit`, `InputMsg`, `MouseButton`, and `WRect`
  --> crates\auto-lang\src\ui\desktop_protocol\client_runtime.rs:19:17
   |
19 |     ControlMsg, DrawList, DrawOp, FrameMsg, ImageFit, InputMsg, MouseButton, ProtocolMsg, Rgba8,
   |                 ^^^^^^^^  ^^^^^^            ^^^^^^^^  ^^^^^^^^  ^^^^^^^^^^^
20 |     WRect,
   |     ^^^^^

warning: unused doc comment
   --> crates\auto-lang\src\ui\desktop_protocol\coverage.rs:317:13
    |
317 | /             /// §10-④ 另立，opacity/overflow 先例；018 fixed×2/021
318 | |             /// sticky×2 判定翻绿，保真边界显式随注）；top-/left-/right-/
    | |_________________________________________________________________________^
319 |               // bottom-/z- 偏移与层级 token。
320 |               "absolute",
    |               ---------- rustdoc does not generate documentation for expressions
    |
    = help: use `//` for a plain comment

warning: unused doc comment
   --> crates\auto-lang\src\ui\desktop_protocol\coverage.rs:830:9
    |
830 |         /// "flex-wrap"（既有 "flex" 前缀命中），渲染 no-op 单行随注。
    |         ^^^^^^^^^^^^^^^^^^^^^^^^^^^^^^^^^^^^^^^^^^^^^^^^^^^^^^^^^^^^^^
831 |         SC::FlexWrap => "flex-wrap".into(),
    |         ---------------------------------- rustdoc does not generate documentation for match arms
    |
    = help: use `//` for a plain comment

warning: unused import: `super::broker`
  --> crates\auto-lang\src\ui\desktop_protocol\dual_mode.rs:16:5
   |
16 | use super::broker;
   |     ^^^^^^^^^^^^^

warning: unused imports: `AppEndpoint` and `AppState`
  --> crates\auto-lang\src\ui\desktop_protocol\dual_mode.rs:17:23
   |
17 | use super::endpoint::{AppEndpoint, AppState, FrameSource};
   |                       ^^^^^^^^^^^  ^^^^^^^^

warning: unused imports: `FrameMsg` and `ProtocolMsg`
  --> crates\auto-lang\src\ui\desktop_protocol\dual_mode.rs:19:44
   |
19 | use super::message::{ControlMsg, DrawList, FrameMsg, InputMsg, MouseButton, ProtocolMsg, Rgba8, WRect};
   |                                            ^^^^^^^^                         ^^^^^^^^^^^

warning: unused import: `super::shm::SharedFrameBuffer`
  --> crates\auto-lang\src\ui\desktop_protocol\dual_mode.rs:20:5
   |
20 | use super::shm::SharedFrameBuffer;
   |     ^^^^^^^^^^^^^^^^^^^^^^^^^^^^^

warning: unused import: `self`
  --> crates\auto-lang\src\ui\desktop_protocol\dual_mode.rs:21:24
   |
21 | use super::transport::{self, Transport};
   |                        ^^^^

warning: unused import: `crate::ui::session::DesktopSession`
  --> crates\auto-lang\src\ui\desktop_protocol\dual_mode.rs:23:5
   |
23 | use crate::ui::session::DesktopSession;
   |     ^^^^^^^^^^^^^^^^^^^^^^^^^^^^^^^^^^

warning: unused import: `DISABLED_ALPHA`
  --> crates\auto-lang\src\ui\desktop_protocol\native_projector.rs:35:17
   |
35 |     BUTTON_PAD, DISABLED_ALPHA, LINE_H_FACTOR, MARGIN, TEXT_SIZE,
   |                 ^^^^^^^^^^^^^^

warning: unused doc comment
   --> crates\auto-lang\src\ui\desktop_protocol\native_projector.rs:319:5
    |
319 |       /// 无 GAP/高度推导）；Widget 锚 = 边缘 + GAP。
    |       ^^^^^^^^^^^^^^^^^^^^^^^^^^^^^^^^^^^^^^^^^^^^^^^
320 | /     let (below, above) = match site {
321 | |         PopoverAnchorSite::Point { y, .. } => (*y, *y - ph),
322 | |         PopoverAnchorSite::Widget(_) => (r.y + r.h + POP_GAP, r.y - POP_GAP - ph),
323 | |     };
    | |______- rustdoc does not generate documentation for statements
    |
    = help: use `//` for a plain comment

warning: unused doc comment
    --> crates\auto-lang\src\ui\desktop_protocol\native_projector.rs:1442:9
     |
1442 |         ///（延迟放置见块尾）。
     |         ^^^^^^^^^^^^^^^^^^^^^^^
1443 |         let style = node_style_of_view(view);
     |         ------------------------------------- rustdoc does not generate documentation for statements
     |
     = help: use `//` for a plain comment

warning: unused doc comment
    --> crates\auto-lang\src\ui\desktop_protocol\native_projector.rs:2953:9
     |
2953 |         ///（token "style-grid" 判定面不受影响）。
     |         ^^^^^^^^^^^^^^^^^^^^^^^^^^^^^^^^^^^^^^^^^^
2954 |         StyleClass::GridCols(n) => s.grid_cols = Some(usize::from(*n)),
     |         -------------------------------------------------------------- rustdoc does not generate documentation for match arms
     |
     = help: use `//` for a plain comment

warning: unused doc comment
    --> crates\auto-lang\src\ui\desktop_protocol\native_projector.rs:2957:9
     |
2957 | /         ///（layout_view_block 延迟放置消费）；fixed/sticky 降级放行
2958 | |         ///（in-flow no-op——opacity/overflow 先例，真渲债 §10-④）。
     | |___________________________________________________________________^
2959 |           StyleClass::Absolute => s.absolute = true,
     |           ----------------------------------------- rustdoc does not generate documentation for match arms
     |
     = help: use `//` for a plain comment

warning: unused doc comment
    --> crates\auto-lang\src\ui\desktop_protocol\native_projector.rs:2986:9
     |
2986 |         ///（underline 先例；真渲债 KNOWN-DEBT 随注）。
     |         ^^^^^^^^^^^^^^^^^^^^^^^^^^^^^^^^^^^^^^^^^^^^^^^
2987 |         StyleClass::LineClamp(_) | StyleClass::LineClampNone => {}
     |         ---------------------------------------------------------- rustdoc does not generate documentation for match arms
     |
     = help: use `//` for a plain comment

warning: unused import: `HostEndpoint`
  --> crates\auto-lang\src\ui\desktop_protocol\rqhost.rs:27:35
   |
27 | use super::endpoint::{HostAction, HostEndpoint, HostState};
   |                                   ^^^^^^^^^^^^

warning: unused import: `super::host::SurfaceStore`
  --> crates\auto-lang\src\ui\desktop_protocol\rqhost.rs:28:5
   |
28 | use super::host::SurfaceStore;
   |     ^^^^^^^^^^^^^^^^^^^^^^^^^

warning: unused import: `HandshakeMsg`
  --> crates\auto-lang\src\ui\desktop_protocol\rqhost.rs:30:48
   |
30 |     ControlMsg, DrawList, FrameMode, FrameMsg, HandshakeMsg, ImeReq, InputMsg, MouseButton,
   |                                                ^^^^^^^^^^^^

warning: unused doc comment
   --> crates\auto-lang\src\ui\desktop_protocol\shell_client.rs:342:13
    |
342 |               /// 错退出，宿主 respawn 链兜底）。
    |               ^^^^^^^^^^^^^^^^^^^^^^^^^^^^^^^^^^^
343 | /             shell_face::LAUNCHER => {
344 | |                 let Some(entry) = std::env::var_os("AUTO_LAUNCHER_ENTRY") else {
345 | |                     eprintln!("[p036-child] launcher 面：AUTO_LAUNCHER_ENTRY 缺席");
346 | |                     return false;
...   |
362 | |             }
    | |_____________- rustdoc does not generate documentation for match arms
    |
    = help: use `//` for a plain comment

warning: unused doc comment
   --> crates\auto-lang\src\ui\desktop_protocol\shell_client.rs:709:21
    |
709 |                     ///——首 OVERLAY=switcher、次=notification_center）。
    |                     ^^^^^^^^^^^^^^^^^^^^^^^^^^^^^^^^^^^^^^^^^^^^^^^^^^^^
710 |                     let mut overlay_idx = 0usize;
    |                     ----------------------------- rustdoc does not generate documentation for statements
    |
    = help: use `//` for a plain comment

warning: unused doc comment
   --> crates\auto-lang\src\ui\desktop_protocol\shell_client.rs:747:25
    |
747 | /                         /// 可产命令（SendCmd 总线写点）——与 wire 输入同路：
748 | |                         /// 命令读走 + DesktopBus 上行（e2e 钩子与生产同径）。
    | |______________________________________________________________________________^
749 | /                         for record in self.faces.drain_commands(face) {
750 | |                             let wid = self
751 | |                                 .routes
752 | |                                 .iter()
...   |
758 | |                             );
759 | |                         }
    | |_________________________- rustdoc does not generate documentation for expressions
    |
    = help: use `//` for a plain comment

warning: unused import: `NamedPipeClient`
   --> crates\auto-lang\src\ui\desktop_protocol\transport.rs:160:58
    |
160 |     use tokio::net::windows::named_pipe::{ClientOptions, NamedPipeClient, NamedPipeServer, ServerOptions};
    |                                                          ^^^^^^^^^^^^^^^

warning: unused imports: `GetIconInfo` and `ICONINFO`
   --> crates\auto-lang\src\ui\native_dock\win32.rs:674:27
    |
674 |         GetClassLongPtrW, GetIconInfo, SendMessageTimeoutW, GCLP_HICON, HICON, ICONINFO,
    |                           ^^^^^^^^^^^                                          ^^^^^^^^

warning: unnecessary trailing semicolon
     --> crates\auto-lang\src\ui\aura_view_builder.rs:12559:22
      |
12559 |                     };
      |                      ^ help: remove this semicolon
      |
      = note: `#[warn(redundant_semicolons)]` (part of `#[warn(unused)]`) on by default

warning: unused doc comment
   --> crates\auto-lang\src\ui\iced\renderer.rs:125:1
    |
125 | /// 独立 kill-ring(readline 语义:最近 16 条;不污染系统剪贴板)。
    | ^^^^^^^^^^^^^^^^^^^^^^^^^^^^^^^^^^^^^^^^^^^^^^^^^^^^^^^^^^^^^^^ rustdoc does not generate documentation for macro invocations
    |
    = help: to document an item produced by a macro, the macro must produce the documentation as part of its expansion

warning: unused doc comment
   --> crates\auto-lang\src\ui\iced\renderer.rs:983:1
    |
983 | /// 每个 textarea key 当前嵌入的 ghost 后缀(渲染时写入,编辑派发时读)。
    | ^^^^^^^^^^^^^^^^^^^^^^^^^^^^^^^^^^^^^^^^^^^^^^^^^^^^^^^^^^^^^^^^^^^^^^ rustdoc does not generate documentation for macro invocations
    |
    = help: to document an item produced by a macro, the macro must produce the documentation as part of its expansion

warning: unused import: `Fill`
    --> crates\auto-lang\src\ui\iced\renderer.rs:8648:36
     |
8648 |         use iced::widget::canvas::{Fill, Frame, Path, Stroke};
     |                                    ^^^^

warning: unused doc comment
     --> crates\auto-lang\src\ui\iced\renderer.rs:11007:5
      |
11007 |       /// RebuildNotes 事件重建 rows——in-proc 写集 + handler 同册语义）。
      |       ^^^^^^^^^^^^^^^^^^^^^^^^^^^^^^^^^^^^^^^^^^^^^^^^^^^^^^^^^^^^^^^^^^^
11008 | /     if state.desktop.shell_pipe.is_some() {
11009 | |         if state.desktop.notes_open {
11010 | |             push_notes_snapshot(
11011 | |                 state,
...     |
11015 | |         return;
11016 | |     }
      | |_____- rustdoc does not generate documentation for expressions
      |
      = help: use `//` for a plain comment

warning: unused doc comment
     --> crates\auto-lang\src\ui\iced\renderer.rs:11095:5
      |
11095 | /     /// 场）——launcher 独立 exe：已 attach 则快照推送（ApplyFilter 事件
11096 | |     /// + child 自主聚焦[D5 等价]）；未 spawn 则一次性 spawn（attach 异步
11097 | |     ///——ServiceTick 补推追赶）；伪窗聚焦承接键盘路由（D5 可聚焦语义）。
11098 | |     /// in-proc 轨原路径零变化（I2）。
      | |______________________________________^
11099 | /     if state.desktop.shell_pipe.is_some() {
11100 | |         state.desktop.launcher_open = true;
11101 | |         if state.desktop.launcher_pipe.is_some() {
11102 | |             if let Some(lwid) = state.desktop.launcher_wid {
...     |
11115 | |         return iced::Task::none();
11116 | |     }
      | |_____- rustdoc does not generate documentation for expressions
      |
      = help: use `//` for a plain comment

warning: unused doc comment
     --> crates\auto-lang\src\ui\iced\renderer.rs:11258:5
      |
11258 | /     ///（child 预装/懒装面 apply_writes + dispatch 重建 rows）；in-proc
11259 | |     /// 原路径零变化（I2）。开关镜像位 = switcher_open（层序/仲裁消费）。
      | |_________________________________________________________________________^
11260 | /     if state.desktop.shell_pipe.is_some() {
11261 | |         state.desktop.switcher_open = true;
11262 | |         push_switcher_snapshot(state, &[crate::ui::shell_projection::ShellEvent::RebuildMru]);
11263 | |         return iced::Task::none();
11264 | |     }
      | |_____- rustdoc does not generate documentation for expressions
      |
      = help: use `//` for a plain comment

warning: unused doc comment
     --> crates\auto-lang\src\ui\iced\renderer.rs:11353:5
      |
11353 | /     /// RebuildNotes 事件 + 未读清零；关 = visible=0 纯状态位）；in-proc
11354 | |     /// 原路径零变化（I2）。
      | |____________________________^
11355 | /     if state.desktop.shell_pipe.is_some() {
11356 | |         let open = !state.desktop.notes_open;
11357 | |         state.desktop.notes_open = open;
11358 | |         if open {
...     |
11364 | |         return iced::Task::none();
11365 | |     }
      | |_____- rustdoc does not generate documentation for expressions
      |
      = help: use `//` for a plain comment

warning: unused doc comment
     --> crates\auto-lang\src\ui\iced\renderer.rs:11665:5
      |
11665 |       ///（右上锚定：x = 视口 - w - 12，y = panel_top——035 固定外框契约）。
      |       ^^^^^^^^^^^^^^^^^^^^^^^^^^^^^^^^^^^^^^^^^^^^^^^^^^^^^^^^^^^^^^^^^^^^^
11666 | /     if let (Some(dwid), Some(host)) = (
11667 | |         state.desktop.shell_pseudo_wids.get(4).copied(),
11668 | |         state.host.as_mut(),
11669 | |     ) {
...     |
11686 | |     }
      | |_____- rustdoc does not generate documentation for expressions
      |
      = help: use `//` for a plain comment

warning: unused doc comment
     --> crates\auto-lang\src\ui\iced\renderer.rs:12225:5
      |
12225 |       /// 宿主行为两轨同源）+ 快照重推（RebuildFaces 事件重建 rows）。
      |       ^^^^^^^^^^^^^^^^^^^^^^^^^^^^^^^^^^^^^^^^^^^^^^^^^^^^^^^^^^^^^^^^
12226 | /     if state.desktop.shell_pipe.is_some() {
12227 | |         if state.desktop.dashboard_open {
12228 | |             push_dashboard_snapshot(
12229 | |                 state,
...     |
12233 | |         return;
12234 | |     }
      | |_____- rustdoc does not generate documentation for expressions
      |
      = help: use `//` for a plain comment

warning: unused doc comment
     --> crates\auto-lang\src\ui\iced\renderer.rs:12242:5
      |
12242 | /     ///（in-proc 注入与 outproc 快照两轨同源——孵化副作用/配置门/跨度/
12243 | |     /// 布局算式单一事实）。
      | |____________________________^
12244 |       let (faces, panel_w, panel_h, panel_top) = collect_dashboard_faces(state);
      |       -------------------------------------------------------------------------- rustdoc does not generate documentation for statements
      |
      = help: use `//` for a plain comment

warning: unused doc comment
     --> crates\auto-lang\src\ui\iced\renderer.rs:12305:5
      |
12305 | /     /// visible 置位 + RebuildFaces 事件快照；关 = visible=0 纯状态）；
12306 | |     /// in-proc 原路径零变化（I2）。
      | |____________________________________^
12307 | /     if state.desktop.shell_pipe.is_some() {
12308 | |         if state.desktop.dashboard_open {
12309 | |             state.desktop.dashboard_open = false;
12310 | |             push_dashboard_snapshot(state, &[]);
...     |
12318 | |         return iced::Task::none();
12319 | |     }
      | |_____- rustdoc does not generate documentation for expressions
      |
      = help: use `//` for a plain comment

warning: unused doc comment
     --> crates\auto-lang\src\ui\iced\renderer.rs:20462:25
      |
20462 | /                         /// spawn→attach 异步落差（launcher_open 挂起 +
20463 | |                         /// pipe 落地 + 指纹未建）时补推召唤快照。
      | |__________________________________________________________________^
20464 | /                         if state.desktop.launcher_open
20465 | |                             && state.desktop.launcher_pipe.is_some()
20466 | |                             && state.desktop.launcher_fp.is_none()
...     |
20474 | |                             );
20475 | |                         }
      | |_________________________- rustdoc does not generate documentation for expressions
      |
      = help: use `//` for a plain comment

warning: unused doc comment
     --> crates\auto-lang\src\ui\iced\renderer.rs:20841:25
      |
20841 | /                         /// 事件快照（child dispatch → SwitcherMsg::Advance）；
20842 | |                         /// 未可见 = 首召唤（switcher_open 置位 + RebuildMru +
20843 | |                         /// Advance 首步——in-proc 首按推进语义同册）。
      | |______________________________________________________________________^
20844 | /                         if state.desktop.shell_pipe.is_some() {
20845 | |                             if state.desktop.switcher_open {
20846 | |                                 push_switcher_snapshot(
20847 | |                                     state,
...     |
20860 | |                             return iced::Task::none();
20861 | |                         }
      | |_________________________- rustdoc does not generate documentation for expressions
      |
      = help: use `//` for a plain comment

warning: unused doc comment
     --> crates\auto-lang\src\ui\iced\renderer.rs:21139:29
      |
21139 | / ...                   /// ——Escape 事件快照（面板 .at Escape handler 置
21140 | | ...                   /// visible=0 + 镜像位复位；in-proc 走 app 内 bind
21141 | | ...                   /// 路径不动）。
      | |______________________________________^
21142 | / ...                   if state.desktop.shell_pipe.is_some() {
21143 | | ...                       if state.desktop.switcher_open {
21144 | | ...                           state.desktop.switcher_open = false;
21145 | | ...                           push_switcher_snapshot(
...     |
21174 | | ...                   }
      | |_______________________- rustdoc does not generate documentation for expressions
      |
      = help: use `//` for a plain comment

warning: unused doc comment
     --> crates\auto-lang\src\ui\iced\renderer.rs:21677:41
      |
21677 | / ...                   /// Pick 事件快照（child dispatch →
21678 | | ...                   /// SwitcherMsg::Pick 提交选中 →
21679 | | ...                   /// SendCmd focus 上行 DesktopBus）+
21680 | | ...                   /// 面板自隐（switcher_open 复位）。
      | |__________________________________________________________^
21681 | / ...                   if state.desktop.shell_pipe.is_some() {
21682 | | ...                       state.desktop.switcher_open = false;
21683 | | ...                       push_switcher_snapshot(
21684 | | ...                           state,
...     |
21687 | | ...                       return iced::Task::none();
21688 | | ...                   }
      | |_______________________- rustdoc does not generate documentation for expressions
      |
      = help: use `//` for a plain comment

warning: unused doc comment
     --> crates\auto-lang\src\ui\iced\renderer.rs:21964:17
      |
21964 | /                 /// 表面帧贴层（伪窗[4]，表面 = dashboard_layout 外框
21965 | |                 /// 720×176 spacer 链右上贴放）；in-proc = 面板 App 拆借
21966 | |                 /// 视图 wrapper（原路径零变化）。face 卡两轨共用（宿主
21967 | |                 /// 叠层——D1 修订：卡内容真渲保留宿主，面板 chrome/清单
21968 | |                 /// /grid = child）。
      | |_____________________________________^
21969 | /                 let msg_target = state
21970 | |                     .desktop
21971 | |                     .dashboard_app
21972 | |                     .unwrap_or(crate::ui::session::AppId(0));
      | |_____________________________________________________________- rustdoc does not generate documentation for statements
      |
      = help: use `//` for a plain comment

warning: unused doc comment
     --> crates\auto-lang\src\ui\iced\renderer.rs:22330:13
      |
22330 | /             ///（伪窗全屏——launcher 可见时置顶；child else 分支同语义
22331 | |             /// 渲透明空层）。
      | |______________________________^
22332 | /             if state.desktop.launcher_pipe.is_some() && state.launcher_visible() {
22333 | |                 if let Some(lwid) = state.desktop.launcher_wid {
22334 | |                     if let Some(el) = shell_surface_element_pipe(state, state.desktop.launcher_pipe.clone(), lwid) {
22335 | |                         let full = iced::widget::container(el)
...     |
22354 | |                 layers.push(launcher_client.map(move |m| DM::App(launcher_app, m)));
22355 | |             }
      | |_____________- rustdoc does not generate documentation for expressions
      |
      = help: use `//` for a plain comment

warning: unused doc comment
     --> crates\auto-lang\src\ui\iced\renderer.rs:22361:17
      |
22361 |                   /// 贴层（伪窗 [2]；面板内容/scrim 由 child DrawList 自绘）。
      |                   ^^^^^^^^^^^^^^^^^^^^^^^^^^^^^^^^^^^^^^^^^^^^^^^^^^^^^^^^^^^^^
22362 | /                 if state.desktop.shell_pipe.is_some() {
22363 | |                     let overlay_wid = state.desktop.shell_pseudo_wids.get(2).copied();
22364 | |                     if let Some(el) = overlay_wid.and_then(|w| shell_surface_element(state, w)) {
22365 | |                         let full = iced::widget::container(el)
...     |
22384 | |                 layers.push(switcher_client.map(move |m| DM::App(switcher_app, m)));
22385 | |                 }
      | |_________________- rustdoc does not generate documentation for expressions
      |
      = help: use `//` for a plain comment

warning: unused doc comment
     --> crates\auto-lang\src\ui\iced\renderer.rs:22397:17
      |
22397 |                   ///（伪窗 [3]；对齐/scrim 由 child 自绘）。
      |                   ^^^^^^^^^^^^^^^^^^^^^^^^^^^^^^^^^^^^^^^^^^^
22398 | /                 if state.desktop.shell_pipe.is_some() {
22399 | |                     let overlay_wid = state.desktop.shell_pseudo_wids.get(3).copied();
22400 | |                     if let Some(el) = overlay_wid.and_then(|w| shell_surface_element(state, w)) {
22401 | |                         let full = iced::widget::container(el)
...     |
22419 | |                 layers.push(panel_client.map(move |m| DM::App(panel_app, m)));
22420 | |                 }
      | |_________________- rustdoc does not generate documentation for expressions
      |
      = help: use `//` for a plain comment

warning: unused import: `Text`
   --> crates\auto-lang\src\ui\iced\broker_surface.rs:390:49
    |
390 |         use iced::widget::canvas::{Frame, Path, Text};
    |                                                 ^^^^

warning: unused import: `BorderSpec`
   --> crates\auto-lang\src\ui\iced\broker_surface.rs:561:5
    |
561 |     BorderSpec, DisplayList, DisplayOp, Fill as WireFill, ShadowSpec,
    |     ^^^^^^^^^^

warning: variable does not need to be mutable
    --> crates\auto-lang\src\vm\ffi\http_server.rs:3518:9
     |
3518 |     let mut loop_result = ();
     |         ----^^^^^^^^^^^
     |         |
     |         help: remove this `mut`
     |
     = note: `#[warn(unused_mut)]` (part of `#[warn(unused)]`) on by default

warning: variable does not need to be mutable
   --> crates\auto-lang\src\vm\ffi\http_stream.rs:208:13
    |
208 |         let mut space_wait = handle.space.notified();
    |             ----^^^^^^^^^^
    |             |
    |             help: remove this `mut`

warning: variable does not need to be mutable
   --> crates\auto-lang\src\vm\ffi\http_transport.rs:203:10
    |
203 |     let (mut parts, body) = request.into_parts();
    |          ----^^^^^
    |          |
    |          help: remove this `mut`

warning: falling back to `f32` as the trait bound `f32: From<f64>` is not satisfied
    --> crates\auto-lang\src\ui\terminal\iced\widget.rs:1063:28
     |
1063 |                     width: 0.0.into(),
     |                            ^^^ help: explicitly specify the type as `f32`: `0.0_f32`
     |
     = warning: this was previously accepted by the compiler but is being phased out; it will become a hard error in a future release!
     = note: for more information, see issue #154024 <https://github.com/rust-lang/rust/issues/154024>
     = note: `#[warn(float_literal_f32_fallback)]` (part of `#[warn(future_incompatible)]`) on by default

warning: falling back to `f32` as the trait bound `f32: From<f64>` is not satisfied
    --> crates\auto-lang\src\ui\terminal\iced\widget.rs:1348:32
     |
1348 |                         width: 1.0.into(),
     |                                ^^^ help: explicitly specify the type as `f32`: `1.0_f32`
     |
     = warning: this was previously accepted by the compiler but is being phased out; it will become a hard error in a future release!
     = note: for more information, see issue #154024 <https://github.com/rust-lang/rust/issues/154024>

warning: unused import: `HasWindowHandle`
   --> crates\auto-lang\src\ui\desktop_protocol\win_ime.rs:248:29
    |
248 |     use raw_window_handle::{HasWindowHandle, RawWindowHandle};
    |                             ^^^^^^^^^^^^^^^

warning: variable does not need to be mutable
   --> crates\auto-lang\src\aura\extract.rs:689:24
    |
689 |     let (mut handlers, mut handler_params) = if let Some(on) = &decl.on {
    |                        ----^^^^^^^^^^^^^^
    |                        |
    |                        help: remove this `mut`

warning: unused variable: `def`
   --> crates\auto-lang\src\aura\schema.rs:333:21
    |
333 |         if let Some(def) = self.elements.get(tag) {
    |                     ^^^ help: if this is intentional, prefix it with an underscore: `_def`
    |
    = note: `#[warn(unused_variables)]` (part of `#[warn(unused)]`) on by default

warning: variable does not need to be mutable
    --> crates\auto-lang\src\ui_gen\vue.rs:7025:34
     |
7025 | ...                   let (mut static_classes, _dc, _ds) = self.extract_classes(tag, props);
     |                            ----^^^^^^^^^^^^^^
     |                            |
     |                            help: remove this `mut`

warning: unreachable pattern
    --> crates\auto-lang\src\ui_gen\vue.rs:9705:13
     |
9676 |             "option" | "Option" => "option".to_string(),
     |             ------------------- matches all the relevant values
...
9705 |             "option" | "Option" => "option".to_string(),
     |             ^^^^^^^^^^^^^^^^^^^ no value can reach this
     |
     = note: `#[warn(unreachable_patterns)]` (part of `#[warn(unused)]`) on by default

warning: unreachable pattern
     --> crates\auto-lang\src\ui_gen\vue.rs:10370:17
      |
10370 |                 _ => {}
      |                 ^ no value can reach this
      |
note: multiple earlier patterns match some of the same values
     --> crates\auto-lang\src\ui_gen\vue.rs:10370:17
      |
10235 |                 AuraPropValue::StyleBinding(bindings) => {
      |                 ------------------------------------- matches some of the same values
...
10254 |                 AuraPropValue::Expr(crate::ast::Expr::Str(s)) => {
      |                 --------------------------------------------- matches some of the same values
...
10284 |                 AuraPropValue::Expr(crate::ast::Expr::If(if_stmt)) => {
      |                 -------------------------------------------------- matches some of the same values
...
10297 |                 AuraPropValue::Expr(crate::ast::Expr::Array(elems)) => {
      |                 --------------------------------------------------- matches some of the same values
...
10370 |                 _ => {}
      |                 ^ ...and 1 other patterns collectively make this unreachable

warning: unused variable: `store_check`
    --> crates\auto-lang\src\ui_gen\rust.rs:7920:21
     |
7920 |                 let store_check = format!("{}.{}", first, part);
     |                     ^^^^^^^^^^^ help: if this is intentional, prefix it with an underscore: `_store_check`

warning: variable does not need to be mutable
   --> crates\auto-lang\src\ui_gen\widget\registry.rs:417:13
    |
417 |         let mut scroll_scrollbar = WidgetSpec::new("ScrollAreaScrollbar", WidgetCategory::Layout)
    |             ----^^^^^^^^^^^^^^^^
    |             |
    |             help: remove this `mut`

warning: variable does not need to be mutable
   --> crates\auto-lang\src\ui_gen\widget\registry.rs:422:13
    |
422 |         let mut scroll_thumb = WidgetSpec::new("ScrollAreaThumb", WidgetCategory::Layout)
    |             ----^^^^^^^^^^^^
    |             |
    |             help: remove this `mut`

warning: variable does not need to be mutable
   --> crates\auto-lang\src\ui_gen\widget\registry.rs:615:13
    |
615 |         let mut select_value = WidgetSpec::new("SelectValue", WidgetCategory::Form)
    |             ----^^^^^^^^^^^^
    |             |
    |             help: remove this `mut`

warning: variable does not need to be mutable
    --> crates\auto-lang\src\ui_gen\widget\registry.rs:1225:13
     |
1225 |         let mut breadcrumb_sep = WidgetSpec::new("BreadcrumbSeparator", WidgetCategory::Navigation)
     |             ----^^^^^^^^^^^^^^
     |             |
     |             help: remove this `mut`

warning: variable does not need to be mutable
    --> crates\auto-lang\src\ui_gen\widget\registry.rs:1290:13
     |
1290 |         let mut pagination_link = WidgetSpec::new("PaginationLink", WidgetCategory::Navigation)
     |             ----^^^^^^^^^^^^^^^
     |             |
     |             help: remove this `mut`

warning: variable does not need to be mutable
    --> crates\auto-lang\src\ui_gen\widget\registry.rs:1295:13
     |
1295 |         let mut pagination_ellipsis = WidgetSpec::new("PaginationEllipsis", WidgetCategory::Navigation)
     |             ----^^^^^^^^^^^^^^^^^^^
     |             |
     |             help: remove this `mut`

warning: variable does not need to be mutable
    --> crates\auto-lang\src\ui_gen\widget\registry.rs:1300:13
     |
1300 |         let mut pagination_next = WidgetSpec::new("PaginationNext", WidgetCategory::Navigation)
     |             ----^^^^^^^^^^^^^^^
     |             |
     |             help: remove this `mut`

warning: variable does not need to be mutable
    --> crates\auto-lang\src\ui_gen\widget\registry.rs:1305:13
     |
1305 |         let mut pagination_prev = WidgetSpec::new("PaginationPrevious", WidgetCategory::Navigation)
     |             ----^^^^^^^^^^^^^^^
     |             |
     |             help: remove this `mut`

warning: variable does not need to be mutable
    --> crates\auto-lang\src\ui_gen\widget\registry.rs:2054:13
     |
2054 |         let mut toast_viewport = WidgetSpec::new("ToastViewport", WidgetCategory::Feedback)
     |             ----^^^^^^^^^^^^^^
     |             |
     |             help: remove this `mut`

warning: variable does not need to be mutable
    --> crates\auto-lang\src\ui_gen\widget\registry.rs:2065:13
     |
2065 |         let mut toast_close = WidgetSpec::new("ToastClose", WidgetCategory::Feedback)
     |             ----^^^^^^^^^^^
     |             |
     |             help: remove this `mut`

warning: variable does not need to be mutable
    --> crates\auto-lang\src\ui_gen\widget\registry.rs:2103:13
     |
2103 |         let mut sonner = WidgetSpec::new("Sonner", WidgetCategory::Feedback)
     |             ----^^^^^^
     |             |
     |             help: remove this `mut`

warning: variable does not need to be mutable
    --> crates\auto-lang\src\ui_gen\widget\registry.rs:2274:13
     |
2274 |         let mut calendar_day = WidgetSpec::new("CalendarDay", WidgetCategory::Data)
     |             ----^^^^^^^^^^^^
     |             |
     |             help: remove this `mut`

warning: value assigned to `sub_widgets_out` is never read
   --> crates\auto-lang\src\ui_gen\api.rs:849:44
    |
849 |     let mut sub_widgets_out: Vec<String> = Vec::new();
    |                                            ^^^^^^^^^^ this value is reassigned later and never used
...
912 |         sub_widgets_out = package_names;
    |         --------------- `sub_widgets_out` is overwritten here before the previous value is read
    |
    = note: `#[warn(unused_assignments)]` (part of `#[warn(unused)]`) on by default

warning: unused variable: `count`
   --> crates\auto-lang\src\ui_gen\validators.rs:674:9
    |
674 |     let count = template.matches("AutoDownEditor").count();
    |         ^^^^^ help: if this is intentional, prefix it with an underscore: `_count`

warning: unused variable: `w`
    --> crates\auto-lang\src\parser.rs:1383:21
     |
1383 |                 let w = "__w".to_string();
     |                     ^ help: if this is intentional, prefix it with an underscore: `_w`

warning: variable does not need to be mutable
    --> crates\auto-lang\src\parser.rs:2542:13
     |
2542 |         let mut rollback = |slf: &mut Self| {
     |             ----^^^^^^^^
     |             |
     |             help: remove this `mut`

warning: unused variable: `open`
     --> crates\auto-lang\src\parser.rs:10882:14
      |
10882 |         let (open, close, close_text) = if self.is_kind(TokenKind::Lt) {
      |              ^^^^ help: if this is intentional, prefix it with an underscore: `_open`

warning: unused variable: `events`
     --> crates\auto-lang\src\parser.rs:13242:45
      |
13242 |             ViewNode::Element { tag, props, events, children, .. } => {
      |                                             ^^^^^^ help: try ignoring the field: `events: _`

warning: unused variable: `method`
    --> crates\auto-lang\src\trans\rust.rs:1041:31
     |
1041 |         if let Expr::Dot(obj, method) = call.name.as_ref() {
     |                               ^^^^^^ help: if this is intentional, prefix it with an underscore: `_method`

warning: unreachable pattern
    --> crates\auto-lang\src\trans\rust.rs:6542:34
     |
6442 |                         "Json" => match method.as_str() {
     |                         ------ matches all the relevant values
...
6542 |                         "json" | "Json" => match method.as_str() {
     |                                  ^^^^^^ no value can reach this

warning: unreachable pattern
    --> crates\auto-lang\src\trans\rust.rs:6686:29
     |
6608 | ...                   "as_int" => {
     |                       -------- matches all the relevant values
...
6686 | ...                   "as_int" => {
     |                       ^^^^^^^^ no value can reach this

warning: unused variable: `i`
    --> crates\auto-lang\src\trans\rust.rs:6947:38
     |
6947 | ...                   for (i, arg) in call.args.args.iter().enumerate().skip(1) {
     |                            ^ help: if this is intentional, prefix it with an underscore: `_i`

warning: unused variable: `name`
     --> crates\auto-lang\src\trans\rust.rs:12990:13
      |
12990 |         let name = td.name.as_str();
      |             ^^^^ help: if this is intentional, prefix it with an underscore: `_name`

warning: unused variable: `name`
     --> crates\auto-lang\src\trans\rust.rs:13542:9
      |
13542 |         name: &str,
      |         ^^^^ help: if this is intentional, prefix it with an underscore: `_name`

warning: irrefutable `if let` pattern
     --> crates\auto-lang\src\trans\rust.rs:21084:20
      |
21084 |                 if let crate::ast::Cover::Tag(tc) = cover {
      |                    ^^^^^^^^^^^^^^^^^^^^^^^^^^^^^^^^^^^^^^
      |
      = note: this pattern will always match, so the `if let` is useless
      = help: consider replacing the `if let` with a `let`
      = note: `#[warn(irrefutable_let_patterns)]` on by default

warning: unused variable: `derive_attr`
     --> crates\auto-lang\src\trans\rust.rs:23391:21
      |
23391 |                 let derive_attr = caps.get(1).unwrap().as_str();
      |                     ^^^^^^^^^^^ help: if this is intentional, prefix it with an underscore: `_derive_attr`

warning: unused variable: `has_kw`
  --> crates\auto-lang\src\trans\s2s_rules.rs:90:21
   |
90 |                 let has_kw = c
   |                     ^^^^^^ help: if this is intentional, prefix it with an underscore: `_has_kw`

warning: unused variable: `spec_decl`
    --> crates\auto-lang\src\vm\codegen.rs:2702:28
     |
2702 |             Stmt::SpecDecl(spec_decl) => {
     |                            ^^^^^^^^^ help: if this is intentional, prefix it with an underscore: `_spec_decl`

warning: unused variable: `enum_method`
    --> crates\auto-lang\src\vm\codegen.rs:8192:61
     |
8192 | ...                   let enum_method = format!("{}.{}", enum_name, method.as_ref());
     |                           ^^^^^^^^^^^ help: if this is intentional, prefix it with an underscore: `_enum_method`

warning: unreachable pattern
   --> crates\auto-lang\src\vm\abt\asm.rs:175:11
    |
151 |         | OpCode::LOAD_GLOBAL | OpCode::STORE_GLOBAL
    |           ------------------- matches all the relevant values
...
175 |         | OpCode::LOAD_GLOBAL | OpCode::STORE_GLOBAL
    |           ^^^^^^^^^^^^^^^^^^^ no value can reach this

warning: unreachable pattern
   --> crates\auto-lang\src\vm\abt\asm.rs:175:33
    |
151 |         | OpCode::LOAD_GLOBAL | OpCode::STORE_GLOBAL
    |                                 -------------------- matches all the relevant values
...
175 |         | OpCode::LOAD_GLOBAL | OpCode::STORE_GLOBAL
    |                                 ^^^^^^^^^^^^^^^^^^^^ no value can reach this

warning: unreachable pattern
   --> crates\auto-lang\src\vm\abt\disasm.rs:263:11
    |
239 |         | OpCode::LOAD_GLOBAL | OpCode::STORE_GLOBAL
    |           ------------------- matches all the relevant values
...
263 |         | OpCode::LOAD_GLOBAL | OpCode::STORE_GLOBAL
    |           ^^^^^^^^^^^^^^^^^^^ no value can reach this

warning: unreachable pattern
   --> crates\auto-lang\src\vm\abt\disasm.rs:263:33
    |
239 |         | OpCode::LOAD_GLOBAL | OpCode::STORE_GLOBAL
    |                                 -------------------- matches all the relevant values
...
263 |         | OpCode::LOAD_GLOBAL | OpCode::STORE_GLOBAL
    |                                 ^^^^^^^^^^^^^^^^^^^^ no value can reach this

warning: variable does not need to be mutable
  --> crates\auto-lang\src\vm\abt\mod.rs:87:13
   |
87 | ...   let mut emit_line = |s: &str, src_line: Option<u32>, out: &mut String, map: &mut Vec<crate::trans::SourceMapEntry>, line_no: &...
   |           ----^^^^^^^^^
   |           |
   |           help: remove this `mut`

warning: unused variable: `saved_saved_closure_id`
    --> crates\auto-lang\src\vm\engine.rs:2333:13
     |
2333 |         let saved_saved_closure_id = task.saved_closure_id;
     |             ^^^^^^^^^^^^^^^^^^^^^^ help: if this is intentional, prefix it with an underscore: `_saved_saved_closure_id`

warning: unused variable: `handle`
    --> crates\auto-lang\src\vm\engine.rs:7686:33
     |
7686 |                     if let Some(handle) = http_response_handle {
     |                                 ^^^^^^ help: if this is intentional, prefix it with an underscore: `_handle`

warning: unused variable: `other`
    --> crates\auto-lang\src\vm\engine.rs:8713:42
     |
8713 | ...                   Some(other) => {
     |                            ^^^^^ help: if this is intentional, prefix it with an underscore: `_other`

warning: value assigned to `old_field_ref` is never read
    --> crates\auto-lang\src\vm\engine.rs:5738:58
     |
5738 |                       let mut old_field_ref: Option<u64> = None;
     |                                                            ^^^^ this value is reassigned later and never used
...
5752 | /                                 old_field_ref = instance.fields.get(field_index).and_then(|v| match v {
5753 | |                                     Value::VmRef(r) => Some(r.id as u64),
5754 | |                                     _ => None,
5755 | |                                 });
     | |__________________________________- `old_field_ref` is overwritten here before the previous value is read

warning: variable does not need to be mutable
   --> crates\auto-lang\src\vm\rc.rs:355:22
    |
355 |             let Some(mut e) = self.heap_rc.get_mut(&id) else {
    |                      ----^
    |                      |
    |                      help: remove this `mut`

warning: unused variable: `k`
   --> crates\auto-lang\src\vm\rc.rs:694:25
    |
694 |             if let Some(k) = &key {
    |                         ^ help: if this is intentional, prefix it with an underscore: `_k`

warning: unused variable: `key`
  --> crates\auto-lang\src\vm\autodown_natives.rs:59:9
   |
59 |     let key = pop_string_arg(task, vm);
   |         ^^^ help: if this is intentional, prefix it with an underscore: `_key`

warning: unused variable: `vm`
   --> crates\auto-lang\src\vm\native.rs:320:38
    |
320 | fn shim_int_and(task: &mut AutoTask, vm: &AutoVM) -> Result<(), VMError> {
    |                                      ^^ help: if this is intentional, prefix it with an underscore: `_vm`

warning: unused variable: `vm`
   --> crates\auto-lang\src\vm\native.rs:328:37
    |
328 | fn shim_int_or(task: &mut AutoTask, vm: &AutoVM) -> Result<(), VMError> {
    |                                     ^^ help: if this is intentional, prefix it with an underscore: `_vm`

warning: unused variable: `vm`
   --> crates\auto-lang\src\vm\native.rs:336:38
    |
336 | fn shim_int_xor(task: &mut AutoTask, vm: &AutoVM) -> Result<(), VMError> {
    |                                      ^^ help: if this is intentional, prefix it with an underscore: `_vm`

warning: unused variable: `vm`
   --> crates\auto-lang\src\vm\native.rs:345:38
    |
345 | fn shim_int_not(task: &mut AutoTask, vm: &AutoVM) -> Result<(), VMError> {
    |                                      ^^ help: if this is intentional, prefix it with an underscore: `_vm`

warning: unused variable: `vm`
   --> crates\auto-lang\src\vm\native.rs:353:38
    |
353 | fn shim_int_shl(task: &mut AutoTask, vm: &AutoVM) -> Result<(), VMError> {
    |                                      ^^ help: if this is intentional, prefix it with an underscore: `_vm`

warning: unused variable: `vm`
   --> crates\auto-lang\src\vm\native.rs:364:38
    |
364 | fn shim_int_shr(task: &mut AutoTask, vm: &AutoVM) -> Result<(), VMError> {
    |                                      ^^ help: if this is intentional, prefix it with an underscore: `_vm`

warning: unused variable: `vm`
   --> crates\auto-lang\src\vm\native.rs:375:38
    |
375 | fn shim_int_sar(task: &mut AutoTask, vm: &AutoVM) -> Result<(), VMError> {
    |                                      ^^ help: if this is intentional, prefix it with an underscore: `_vm`

warning: unused variable: `vm`
   --> crates\auto-lang\src\vm\native.rs:389:38
    |
389 | fn shim_int_rol(task: &mut AutoTask, vm: &AutoVM) -> Result<(), VMError> {
    |                                      ^^ help: if this is intentional, prefix it with an underscore: `_vm`

warning: unused variable: `vm`
   --> crates\auto-lang\src\vm\native.rs:397:38
    |
397 | fn shim_int_ror(task: &mut AutoTask, vm: &AutoVM) -> Result<(), VMError> {
    |                                      ^^ help: if this is intentional, prefix it with an underscore: `_vm`

warning: unused variable: `vm`
   --> crates\auto-lang\src\vm\native.rs:405:45
    |
405 | fn shim_int_count_ones(task: &mut AutoTask, vm: &AutoVM) -> Result<(), VMError> {
    |                                             ^^ help: if this is intentional, prefix it with an underscore: `_vm`

warning: unused variable: `vm`
   --> crates\auto-lang\src\vm\native.rs:412:48
    |
412 | fn shim_int_leading_zeros(task: &mut AutoTask, vm: &AutoVM) -> Result<(), VMError> {
    |                                                ^^ help: if this is intentional, prefix it with an underscore: `_vm`

warning: unused variable: `vm`
   --> crates\auto-lang\src\vm\native.rs:419:49
    |
419 | fn shim_int_trailing_zeros(task: &mut AutoTask, vm: &AutoVM) -> Result<(), VMError> {
    |                                                 ^^ help: if this is intentional, prefix it with an underscore: `_vm`

warning: unused variable: `vm`
   --> crates\auto-lang\src\vm\native.rs:426:41
    |
426 | fn shim_int_bitrev(task: &mut AutoTask, vm: &AutoVM) -> Result<(), VMError> {
    |                                         ^^ help: if this is intentional, prefix it with an underscore: `_vm`

warning: unused variable: `vm`
   --> crates\auto-lang\src\vm\native.rs:435:43
    |
435 | fn shim_int_bit_read(task: &mut AutoTask, vm: &AutoVM) -> Result<(), VMError> {
    |                                           ^^ help: if this is intentional, prefix it with an underscore: `_vm`

warning: unused variable: `vm`
   --> crates\auto-lang\src\vm\native.rs:447:43
    |
447 | fn shim_int_bit_test(task: &mut AutoTask, vm: &AutoVM) -> Result<(), VMError> {
    |                                           ^^ help: if this is intentional, prefix it with an underscore: `_vm`

warning: unused variable: `vm`
   --> crates\auto-lang\src\vm\native.rs:458:41
    |
458 | fn shim_int_bit_on(task: &mut AutoTask, vm: &AutoVM) -> Result<(), VMError> {
    |                                         ^^ help: if this is intentional, prefix it with an underscore: `_vm`

warning: unused variable: `vm`
   --> crates\auto-lang\src\vm\native.rs:468:42
    |
468 | fn shim_int_bit_off(task: &mut AutoTask, vm: &AutoVM) -> Result<(), VMError> {
    |                                          ^^ help: if this is intentional, prefix it with an underscore: `_vm`

warning: unused variable: `vm`
   --> crates\auto-lang\src\vm\native.rs:478:43
    |
478 | fn shim_int_bit_flip(task: &mut AutoTask, vm: &AutoVM) -> Result<(), VMError> {
    |                                           ^^ help: if this is intentional, prefix it with an underscore: `_vm`

warning: unused variable: `vm`
   --> crates\auto-lang\src\vm\native.rs:509:43
    |
509 |         pub fn $name(task: &mut AutoTask, vm: &AutoVM) -> Result<(), VMError> {
    |                                           ^^
...
528 | math_unary_shim!(shim_math_sin, sin);
    | ------------------------------------ in this macro invocation
    |
help: `vm` is captured in macro and introduced a unused variable
   --> crates\auto-lang\src\vm\native.rs:509:43
    |
509 |         pub fn $name(task: &mut AutoTask, vm: &AutoVM) -> Result<(), VMError> {
    |                                           ^^
...
528 | math_unary_shim!(shim_math_sin, sin);
    | ------------------------------------ in this macro invocation
    = note: this warning originates in the macro `math_unary_shim` (in Nightly builds, run with -Z macro-backtrace for more info)

warning: unused variable: `vm`
   --> crates\auto-lang\src\vm\native.rs:509:43
    |
509 |         pub fn $name(task: &mut AutoTask, vm: &AutoVM) -> Result<(), VMError> {
    |                                           ^^
...
529 | math_unary_shim!(shim_math_cos, cos);
    | ------------------------------------ in this macro invocation
    |
help: `vm` is captured in macro and introduced a unused variable
   --> crates\auto-lang\src\vm\native.rs:509:43
    |
509 |         pub fn $name(task: &mut AutoTask, vm: &AutoVM) -> Result<(), VMError> {
    |                                           ^^
...
529 | math_unary_shim!(shim_math_cos, cos);
    | ------------------------------------ in this macro invocation
    = note: this warning originates in the macro `math_unary_shim` (in Nightly builds, run with -Z macro-backtrace for more info)

warning: unused variable: `vm`
   --> crates\auto-lang\src\vm\native.rs:509:43
    |
509 |         pub fn $name(task: &mut AutoTask, vm: &AutoVM) -> Result<(), VMError> {
    |                                           ^^
...
530 | math_unary_shim!(shim_math_tan, tan);
    | ------------------------------------ in this macro invocation
    |
help: `vm` is captured in macro and introduced a unused variable
   --> crates\auto-lang\src\vm\native.rs:509:43
    |
509 |         pub fn $name(task: &mut AutoTask, vm: &AutoVM) -> Result<(), VMError> {
    |                                           ^^
...
530 | math_unary_shim!(shim_math_tan, tan);
    | ------------------------------------ in this macro invocation
    = note: this warning originates in the macro `math_unary_shim` (in Nightly builds, run with -Z macro-backtrace for more info)

warning: unused variable: `vm`
   --> crates\auto-lang\src\vm\native.rs:509:43
    |
509 |         pub fn $name(task: &mut AutoTask, vm: &AutoVM) -> Result<(), VMError> {
    |                                           ^^
...
533 | math_unary_shim!(shim_math_abs_f, abs);
    | -------------------------------------- in this macro invocation
    |
help: `vm` is captured in macro and introduced a unused variable
   --> crates\auto-lang\src\vm\native.rs:509:43
    |
509 |         pub fn $name(task: &mut AutoTask, vm: &AutoVM) -> Result<(), VMError> {
    |                                           ^^
...
533 | math_unary_shim!(shim_math_abs_f, abs);
    | -------------------------------------- in this macro invocation
    = note: this warning originates in the macro `math_unary_shim` (in Nightly builds, run with -Z macro-backtrace for more info)

warning: unused variable: `vm`
   --> crates\auto-lang\src\vm\native.rs:509:43
    |
509 |         pub fn $name(task: &mut AutoTask, vm: &AutoVM) -> Result<(), VMError> {
    |                                           ^^
...
534 | math_unary_shim!(shim_math_floor, floor);
    | ---------------------------------------- in this macro invocation
    |
help: `vm` is captured in macro and introduced a unused variable
   --> crates\auto-lang\src\vm\native.rs:509:43
    |
509 |         pub fn $name(task: &mut AutoTask, vm: &AutoVM) -> Result<(), VMError> {
    |                                           ^^
...
534 | math_unary_shim!(shim_math_floor, floor);
    | ---------------------------------------- in this macro invocation
    = note: this warning originates in the macro `math_unary_shim` (in Nightly builds, run with -Z macro-backtrace for more info)

warning: unused variable: `vm`
   --> crates\auto-lang\src\vm\native.rs:509:43
    |
509 |         pub fn $name(task: &mut AutoTask, vm: &AutoVM) -> Result<(), VMError> {
    |                                           ^^
...
535 | math_unary_shim!(shim_math_ceil, ceil);
    | -------------------------------------- in this macro invocation
    |
help: `vm` is captured in macro and introduced a unused variable
   --> crates\auto-lang\src\vm\native.rs:509:43
    |
509 |         pub fn $name(task: &mut AutoTask, vm: &AutoVM) -> Result<(), VMError> {
    |                                           ^^
...
535 | math_unary_shim!(shim_math_ceil, ceil);
    | -------------------------------------- in this macro invocation
    = note: this warning originates in the macro `math_unary_shim` (in Nightly builds, run with -Z macro-backtrace for more info)

warning: unused variable: `vm`
   --> crates\auto-lang\src\vm\native.rs:509:43
    |
509 |         pub fn $name(task: &mut AutoTask, vm: &AutoVM) -> Result<(), VMError> {
    |                                           ^^
...
536 | math_unary_shim!(shim_math_round, round);
    | ---------------------------------------- in this macro invocation
    |
help: `vm` is captured in macro and introduced a unused variable
   --> crates\auto-lang\src\vm\native.rs:509:43
    |
509 |         pub fn $name(task: &mut AutoTask, vm: &AutoVM) -> Result<(), VMError> {
    |                                           ^^
...
536 | math_unary_shim!(shim_math_round, round);
    | ---------------------------------------- in this macro invocation
    = note: this warning originates in the macro `math_unary_shim` (in Nightly builds, run with -Z macro-backtrace for more info)

warning: unused variable: `vm`
   --> crates\auto-lang\src\vm\native.rs:509:43
    |
509 |         pub fn $name(task: &mut AutoTask, vm: &AutoVM) -> Result<(), VMError> {
    |                                           ^^
...
537 | math_unary_shim!(shim_math_exp, exp);
    | ------------------------------------ in this macro invocation
    |
help: `vm` is captured in macro and introduced a unused variable
   --> crates\auto-lang\src\vm\native.rs:509:43
    |
509 |         pub fn $name(task: &mut AutoTask, vm: &AutoVM) -> Result<(), VMError> {
    |                                           ^^
...
537 | math_unary_shim!(shim_math_exp, exp);
    | ------------------------------------ in this macro invocation
    = note: this warning originates in the macro `math_unary_shim` (in Nightly builds, run with -Z macro-backtrace for more info)

warning: unused variable: `vm`
   --> crates\auto-lang\src\vm\native.rs:509:43
    |
509 |         pub fn $name(task: &mut AutoTask, vm: &AutoVM) -> Result<(), VMError> {
    |                                           ^^
...
538 | math_unary_shim!(shim_math_ln, ln);
    | ---------------------------------- in this macro invocation
    |
help: `vm` is captured in macro and introduced a unused variable
   --> crates\auto-lang\src\vm\native.rs:509:43
    |
509 |         pub fn $name(task: &mut AutoTask, vm: &AutoVM) -> Result<(), VMError> {
    |                                           ^^
...
538 | math_unary_shim!(shim_math_ln, ln);
    | ---------------------------------- in this macro invocation
    = note: this warning originates in the macro `math_unary_shim` (in Nightly builds, run with -Z macro-backtrace for more info)

warning: unused variable: `vm`
   --> crates\auto-lang\src\vm\native.rs:509:43
    |
509 |         pub fn $name(task: &mut AutoTask, vm: &AutoVM) -> Result<(), VMError> {
    |                                           ^^
...
539 | math_unary_shim!(shim_math_log2, log2);
    | -------------------------------------- in this macro invocation
    |
help: `vm` is captured in macro and introduced a unused variable
   --> crates\auto-lang\src\vm\native.rs:509:43
    |
509 |         pub fn $name(task: &mut AutoTask, vm: &AutoVM) -> Result<(), VMError> {
    |                                           ^^
...
539 | math_unary_shim!(shim_math_log2, log2);
    | -------------------------------------- in this macro invocation
    = note: this warning originates in the macro `math_unary_shim` (in Nightly builds, run with -Z macro-backtrace for more info)

warning: unused variable: `vm`
   --> crates\auto-lang\src\vm\native.rs:509:43
    |
509 |         pub fn $name(task: &mut AutoTask, vm: &AutoVM) -> Result<(), VMError> {
    |                                           ^^
...
540 | math_unary_shim!(shim_math_log10, log10);
    | ---------------------------------------- in this macro invocation
    |
help: `vm` is captured in macro and introduced a unused variable
   --> crates\auto-lang\src\vm\native.rs:509:43
    |
509 |         pub fn $name(task: &mut AutoTask, vm: &AutoVM) -> Result<(), VMError> {
    |                                           ^^
...
540 | math_unary_shim!(shim_math_log10, log10);
    | ---------------------------------------- in this macro invocation
    = note: this warning originates in the macro `math_unary_shim` (in Nightly builds, run with -Z macro-backtrace for more info)

warning: unused variable: `vm`
   --> crates\auto-lang\src\vm\native.rs:509:43
    |
509 |         pub fn $name(task: &mut AutoTask, vm: &AutoVM) -> Result<(), VMError> {
    |                                           ^^
...
541 | math_unary_shim!(shim_math_signum, signum);
    | ------------------------------------------ in this macro invocation
    |
help: `vm` is captured in macro and introduced a unused variable
   --> crates\auto-lang\src\vm\native.rs:509:43
    |
509 |         pub fn $name(task: &mut AutoTask, vm: &AutoVM) -> Result<(), VMError> {
    |                                           ^^
...
541 | math_unary_shim!(shim_math_signum, signum);
    | ------------------------------------------ in this macro invocation
    = note: this warning originates in the macro `math_unary_shim` (in Nightly builds, run with -Z macro-backtrace for more info)

warning: unused variable: `vm`
   --> crates\auto-lang\src\vm\native.rs:509:43
    |
509 |         pub fn $name(task: &mut AutoTask, vm: &AutoVM) -> Result<(), VMError> {
    |                                           ^^
...
542 | math_unary_shim!(shim_math_asin, asin);
    | -------------------------------------- in this macro invocation
    |
help: `vm` is captured in macro and introduced a unused variable
   --> crates\auto-lang\src\vm\native.rs:509:43
    |
509 |         pub fn $name(task: &mut AutoTask, vm: &AutoVM) -> Result<(), VMError> {
    |                                           ^^
...
542 | math_unary_shim!(shim_math_asin, asin);
    | -------------------------------------- in this macro invocation
    = note: this warning originates in the macro `math_unary_shim` (in Nightly builds, run with -Z macro-backtrace for more info)

warning: unused variable: `vm`
   --> crates\auto-lang\src\vm\native.rs:509:43
    |
509 |         pub fn $name(task: &mut AutoTask, vm: &AutoVM) -> Result<(), VMError> {
    |                                           ^^
...
543 | math_unary_shim!(shim_math_acos, acos);
    | -------------------------------------- in this macro invocation
    |
help: `vm` is captured in macro and introduced a unused variable
   --> crates\auto-lang\src\vm\native.rs:509:43
    |
509 |         pub fn $name(task: &mut AutoTask, vm: &AutoVM) -> Result<(), VMError> {
    |                                           ^^
...
543 | math_unary_shim!(shim_math_acos, acos);
    | -------------------------------------- in this macro invocation
    = note: this warning originates in the macro `math_unary_shim` (in Nightly builds, run with -Z macro-backtrace for more info)

warning: unused variable: `vm`
   --> crates\auto-lang\src\vm\native.rs:509:43
    |
509 |         pub fn $name(task: &mut AutoTask, vm: &AutoVM) -> Result<(), VMError> {
    |                                           ^^
...
544 | math_unary_shim!(shim_math_atan, atan);
    | -------------------------------------- in this macro invocation
    |
help: `vm` is captured in macro and introduced a unused variable
   --> crates\auto-lang\src\vm\native.rs:509:43
    |
509 |         pub fn $name(task: &mut AutoTask, vm: &AutoVM) -> Result<(), VMError> {
    |                                           ^^
...
544 | math_unary_shim!(shim_math_atan, atan);
    | -------------------------------------- in this macro invocation
    = note: this warning originates in the macro `math_unary_shim` (in Nightly builds, run with -Z macro-backtrace for more info)

warning: unused variable: `vm`
   --> crates\auto-lang\src\vm\native.rs:509:43
    |
509 |         pub fn $name(task: &mut AutoTask, vm: &AutoVM) -> Result<(), VMError> {
    |                                           ^^
...
545 | math_unary_shim!(shim_math_to_radians, to_radians);
    | -------------------------------------------------- in this macro invocation
    |
help: `vm` is captured in macro and introduced a unused variable
   --> crates\auto-lang\src\vm\native.rs:509:43
    |
509 |         pub fn $name(task: &mut AutoTask, vm: &AutoVM) -> Result<(), VMError> {
    |                                           ^^
...
545 | math_unary_shim!(shim_math_to_radians, to_radians);
    | -------------------------------------------------- in this macro invocation
    = note: this warning originates in the macro `math_unary_shim` (in Nightly builds, run with -Z macro-backtrace for more info)

warning: unused variable: `vm`
   --> crates\auto-lang\src\vm\native.rs:509:43
    |
509 |         pub fn $name(task: &mut AutoTask, vm: &AutoVM) -> Result<(), VMError> {
    |                                           ^^
...
546 | math_unary_shim!(shim_math_to_degrees, to_degrees);
    | -------------------------------------------------- in this macro invocation
    |
help: `vm` is captured in macro and introduced a unused variable
   --> crates\auto-lang\src\vm\native.rs:509:43
    |
509 |         pub fn $name(task: &mut AutoTask, vm: &AutoVM) -> Result<(), VMError> {
    |                                           ^^
...
546 | math_unary_shim!(shim_math_to_degrees, to_degrees);
    | -------------------------------------------------- in this macro invocation
    = note: this warning originates in the macro `math_unary_shim` (in Nightly builds, run with -Z macro-backtrace for more info)

warning: unused variable: `vm`
   --> crates\auto-lang\src\vm\native.rs:519:43
    |
519 |         pub fn $name(task: &mut AutoTask, vm: &AutoVM) -> Result<(), VMError> {
    |                                           ^^
...
547 | math_binary_shim!(shim_math_pow, powf);
    | -------------------------------------- in this macro invocation
    |
help: `vm` is captured in macro and introduced a unused variable
   --> crates\auto-lang\src\vm\native.rs:519:43
    |
519 |         pub fn $name(task: &mut AutoTask, vm: &AutoVM) -> Result<(), VMError> {
    |                                           ^^
...
547 | math_binary_shim!(shim_math_pow, powf);
    | -------------------------------------- in this macro invocation
    = note: this warning originates in the macro `math_binary_shim` (in Nightly builds, run with -Z macro-backtrace for more info)

warning: unused variable: `vm`
   --> crates\auto-lang\src\vm\native.rs:519:43
    |
519 |         pub fn $name(task: &mut AutoTask, vm: &AutoVM) -> Result<(), VMError> {
    |                                           ^^
...
548 | math_binary_shim!(shim_math_powf, powf);
    | --------------------------------------- in this macro invocation
    |
help: `vm` is captured in macro and introduced a unused variable
   --> crates\auto-lang\src\vm\native.rs:519:43
    |
519 |         pub fn $name(task: &mut AutoTask, vm: &AutoVM) -> Result<(), VMError> {
    |                                           ^^
...
548 | math_binary_shim!(shim_math_powf, powf);
    | --------------------------------------- in this macro invocation
    = note: this warning originates in the macro `math_binary_shim` (in Nightly builds, run with -Z macro-backtrace for more info)

warning: unused variable: `vm`
   --> crates\auto-lang\src\vm\native.rs:559:45
    |
559 | pub fn shim_math_atan2(task: &mut AutoTask, vm: &AutoVM) -> Result<(), VMError> {
    |                                             ^^ help: if this is intentional, prefix it with an underscore: `_vm`

warning: unused variable: `vm`
    --> crates\auto-lang\src\vm\native.rs:2146:48
     |
2146 | pub fn shim_console_clear(task: &mut AutoTask, vm: &AutoVM) -> Result<(), VMError> {
     |                                                ^^ help: if this is intentional, prefix it with an underscore: `_vm`

warning: unused variable: `vm`
    --> crates\auto-lang\src\vm\native.rs:7660:46
     |
7660 | pub fn shim_rand_random(task: &mut AutoTask, vm: &AutoVM) -> Result<(), VMError> {
     |                                              ^^ help: if this is intentional, prefix it with an underscore: `_vm`

warning: unused variable: `vm`
    --> crates\auto-lang\src\vm\native.rs:7678:44
     |
7678 | pub fn shim_log_noop(_task: &mut AutoTask, vm: &AutoVM) -> Result<(), VMError> {
     |                                            ^^ help: if this is intentional, prefix it with an underscore: `_vm`

warning: unused variable: `vm`
    --> crates\auto-lang\src\vm\native.rs:9466:45
     |
9466 | pub fn shim_result_ok(_task: &mut AutoTask, vm: &AutoVM) -> Result<(), VMError> {
     |                                             ^^ help: if this is intentional, prefix it with an underscore: `_vm`

warning: unused variable: `vm`
    --> crates\auto-lang\src\vm\native.rs:9520:45
     |
9520 | pub fn shim_rand_float(task: &mut AutoTask, vm: &AutoVM) -> Result<(), VMError> {
     |                                             ^^ help: if this is intentional, prefix it with an underscore: `_vm`

warning: unused variable: `vm`
    --> crates\auto-lang\src\vm\native.rs:9533:44
     |
9533 | pub fn shim_rand_bool(task: &mut AutoTask, vm: &AutoVM) -> Result<(), VMError> {
     |                                            ^^ help: if this is intentional, prefix it with an underscore: `_vm`

warning: unused variable: `vm`
    --> crates\auto-lang\src\vm\ffi\stdlib.rs:3752:58
     |
3752 | pub fn shim_net_tcp_listener_accept(task: &mut AutoTask, vm: &AutoVM) -> Result<(), VMError> {
     |                                                          ^^ help: if this is intentional, prefix it with an underscore: `_vm`

warning: unused variable: `vm`
    --> crates\auto-lang\src\vm\ffi\stdlib.rs:3791:57
     |
3791 | pub fn shim_net_tcp_listener_close(task: &mut AutoTask, vm: &AutoVM) -> Result<(), VMError> {
     |                                                         ^^ help: if this is intentional, prefix it with an underscore: `_vm`

warning: unused variable: `vm`
    --> crates\auto-lang\src\vm\ffi\stdlib.rs:3933:55
     |
3933 | pub fn shim_net_tcp_stream_close(task: &mut AutoTask, vm: &AutoVM) -> Result<(), VMError> {
     |                                                       ^^ help: if this is intentional, prefix it with an underscore: `_vm`

warning: unused variable: `vm`
    --> crates\auto-lang\src\vm\ffi\stdlib.rs:3954:66
     |
3954 | pub fn shim_net_tcp_stream_set_read_timeout(task: &mut AutoTask, vm: &AutoVM) -> Result<(), VMError> {
     |                                                                  ^^ help: if this is intentional, prefix it with an underscore: `_vm`

warning: unused variable: `vm`
    --> crates\auto-lang\src\vm\ffi\stdlib.rs:3973:67
     |
3973 | pub fn shim_net_tcp_stream_set_write_timeout(task: &mut AutoTask, vm: &AutoVM) -> Result<(), VMError> {
     |                                                                   ^^ help: if this is intentional, prefix it with an underscore: `_vm`

warning: unused variable: `vm`
    --> crates\auto-lang\src\vm\ffi\stdlib.rs:3995:55
     |
3995 | pub fn shim_net_tcp_stream_flush(task: &mut AutoTask, vm: &AutoVM) -> Result<(), VMError> {
     |                                                       ^^ help: if this is intentional, prefix it with an underscore: `_vm`

warning: unused variable: `vm`
    --> crates\auto-lang\src\vm\ffi\stdlib.rs:4011:61
     |
4011 | pub fn shim_net_tcp_stream_set_nodelay(task: &mut AutoTask, vm: &AutoVM) -> Result<(), VMError> {
     |                                                             ^^ help: if this is intentional, prefix it with an underscore: `_vm`

warning: unused variable: `vm`
    --> crates\auto-lang\src\vm\ffi\stdlib.rs:4143:46
     |
4143 | pub fn shim_http_server(task: &mut AutoTask, vm: &AutoVM) -> Result<(), VMError> {
     |                                              ^^ help: if this is intentional, prefix it with an underscore: `_vm`

warning: unused variable: `vm`
    --> crates\auto-lang\src\vm\ffi\stdlib.rs:4762:48
     |
4762 | pub fn shim_http_response(task: &mut AutoTask, vm: &AutoVM) -> Result<(), VMError> {
     |                                                ^^ help: if this is intentional, prefix it with an underscore: `_vm`

warning: unused variable: `vm`
    --> crates\auto-lang\src\vm\ffi\stdlib.rs:4775:55
     |
4775 | pub fn shim_http_response_status(task: &mut AutoTask, vm: &AutoVM) -> Result<(), VMError> {
     |                                                       ^^ help: if this is intentional, prefix it with an underscore: `_vm`

warning: unused variable: `vm`
    --> crates\auto-lang\src\vm\ffi\stdlib.rs:4899:50
     |
4899 | pub fn shim_http_rate_limit(task: &mut AutoTask, vm: &AutoVM) -> Result<(), VMError> {
     |                                                  ^^ help: if this is intentional, prefix it with an underscore: `_vm`

warning: unused variable: `vm`
    --> crates\auto-lang\src\vm\ffi\stdlib.rs:6115:55
     |
6115 | pub fn shim_response_status_code(task: &mut AutoTask, vm: &AutoVM) -> Result<(), VMError> {
     |                                                       ^^ help: if this is intentional, prefix it with an underscore: `_vm`

warning: unused variable: `vm`
    --> crates\auto-lang\src\vm\ffi\stdlib.rs:7827:51
     |
7827 | pub fn shim_http_last_status(task: &mut AutoTask, vm: &AutoVM) -> Result<(), VMError> {
     |                                                   ^^ help: if this is intentional, prefix it with an underscore: `_vm`

warning: unused variable: `vm`
    --> crates\auto-lang\src\vm\ffi\stdlib.rs:7859:47
     |
7859 | pub fn shim_http_listen(_task: &mut AutoTask, vm: &AutoVM) -> Result<(), VMError> {
     |                                               ^^ help: if this is intentional, prefix it with an underscore: `_vm`

warning: variable does not need to be mutable
    --> crates\auto-lang\src\vm\ffi\http_server.rs:3895:5
     |
3895 |     mut ctx: DispatchCtx,
     |     ----^^^
     |     |
     |     help: remove this `mut`

warning: unused variable: `stream_id`
   --> crates\auto-lang\src\vm\ffi\http_stream.rs:394:5
    |
394 |     stream_id: u64,
    |     ^^^^^^^^^ help: if this is intentional, prefix it with an underscore: `_stream_id`

warning: unused variable: `mod_ast`
    --> crates\auto-lang\src\lib.rs:3252:20
     |
3252 |             let Ok(mod_ast) = parser.parse() else { continue };
     |                    ^^^^^^^ help: if this is intentional, prefix it with an underscore: `_mod_ast`

warning: taking a mutable reference to a `const` item
    --> crates\auto-lang\src\lib.rs:6042:54
     |
6042 |         scan_at_files(&src_root, &mut type_store, 0, &mut SCAN_MAX_FILES);
     |                                                      ^^^^^^^^^^^^^^^^^^^
     |
     = note: each usage of a `const` item creates a new temporary
     = note: the mutable reference will refer to this temporary, not the original `const` item
note: `const` item defined here
    --> crates\auto-lang\src\lib.rs:5992:9
     |
5992 |         const SCAN_MAX_FILES: usize = 400;
     |         ^^^^^^^^^^^^^^^^^^^^^^^^^^^
     = note: `#[warn(const_item_mutation)]` on by default

warning: unused variable: `ext`
   --> crates\auto-lang\src\ui\code_editor\core\highlight.rs:337:14
    |
337 |     let Some(ext) = lang_to_extension(lang) else {
    |              ^^^ help: if this is intentional, prefix it with an underscore: `_ext`

warning: variable does not need to be mutable
   --> crates\auto-lang\src\ui\code_editor\diff\envelope.rs:307:9
    |
307 |     let mut push_row = |rows: &mut Vec<Row>, row_idx: &mut usize, row: Row| {
    |         ----^^^^^^^^
    |         |
    |         help: remove this `mut`

warning: variable does not need to be mutable
   --> crates\auto-lang\src\ui\vm_bridge.rs:851:21
    |
851 |                 let mut od = crate::vm::types::ObjectData::new();
    |                     ----^^
    |                     |
    |                     help: remove this `mut`

warning: unused variable: `g`
    --> crates\auto-lang\src\ui\vm_bridge.rs:1244:25
     |
1244 |                     let g = obj.read().unwrap();
     |                         ^ help: if this is intentional, prefix it with an underscore: `_g`

warning: unused variable: `name`
    --> crates\auto-lang\src\ui\vm_bridge.rs:1487:14
     |
1487 |         for (name, val) in result.iter_mut() {
     |              ^^^^ help: if this is intentional, prefix it with an underscore: `_name`

warning: unused variable: `state_dot`
    --> crates\auto-lang\src\ui\handler_codegen.rs:1082:9
     |
1082 |     let state_dot = |field: &str| {
     |         ^^^^^^^^^ help: if this is intentional, prefix it with an underscore: `_state_dot`

warning: unused variable: `store_fields`
    --> crates\auto-lang\src\ui\handler_codegen.rs:1955:5
     |
1955 |     store_fields: &HashMap<String, Vec<String>>,
     |     ^^^^^^^^^^^^ help: if this is intentional, prefix it with an underscore: `_store_fields`

warning: unused variable: `store_widget_names`
    --> crates\auto-lang\src\ui\handler_codegen.rs:1956:5
     |
1956 |     store_widget_names: &HashMap<String, String>,
     |     ^^^^^^^^^^^^^^^^^^ help: if this is intentional, prefix it with an underscore: `_store_widget_names`

warning: unused variable: `app_root`
    --> crates\auto-lang\src\ui\session.rs:3931:26
     |
3931 |         let (child_name, app_root) = Self::outproc_child_identity(&spec, name);
     |                          ^^^^^^^^ help: if this is intentional, prefix it with an underscore: `_app_root`

warning: variable does not need to be mutable
   --> crates\auto-lang\src\ui\desktop_protocol\client_entry.rs:151:17
    |
151 |             let mut projector = RqProjector::new(component, opts.width, opts.height);
    |                 ----^^^^^^^^^
    |                 |
    |                 help: remove this `mut`

warning: unused variable: `e`
   --> crates\auto-lang\src\ui\desktop_protocol\client_runtime.rs:549:26
    |
549 |                 Some(Err(e)) => {
    |                          ^ help: if this is intentional, prefix it with an underscore: `_e`

warning: unreachable pattern
   --> crates\auto-lang\src\ui\desktop_protocol\coverage.rs:859:9
    |
783 |         SC::Opacity(_) => "opacity-50".into(),
    |         -------------- matches all the relevant values
...
859 |         SC::Opacity(_) => "opacity-50".into(),
    |         ^^^^^^^^^^^^^^ no value can reach this

warning: unused variable: `component`
   --> crates\auto-lang\src\ui\desktop_protocol\coverage.rs:927:5
    |
927 |     component: &crate::ui::dynamic::DynamicComponent,
    |     ^^^^^^^^^ help: if this is intentional, prefix it with an underscore: `_component`

warning: unreachable pattern
    --> crates\auto-lang\src\ui\desktop_protocol\native_projector.rs:2921:9
     |
2886 |         StyleClass::GradientFrom(c) => s.bg = s.bg.or(resolve_typed_color(c)),
     |         --------------------------- matches all the relevant values
...
2921 |         StyleClass::GradientFrom(c) => s.grad_from = resolve_typed_color(c),
     |         ^^^^^^^^^^^^^^^^^^^^^^^^^^^ no value can reach this

warning: variable does not need to be mutable
   --> crates\auto-lang\src\ui\desktop_protocol\rqhost.rs:651:5
    |
651 |     mut end: Box<dyn Transport + Send>,
    |     ----^^^
    |     |
    |     help: remove this `mut`

warning: variable does not need to be mutable
  --> crates\auto-lang\src\ui\desktop_protocol\render_cli.rs:99:13
   |
99 |         let mut next = |i: &mut usize, flag: &str| -> Result<String, String> {
   |             ----^^^^
   |             |
   |             help: remove this `mut`

warning: variable does not need to be mutable
   --> crates\auto-lang\src\ui\desktop_protocol\shell_client.rs:287:13
    |
287 |         let mut chrome =
    |             ----^^^^^^
    |             |
    |             help: remove this `mut`

warning: variable does not need to be mutable
   --> crates\auto-lang\src\ui\desktop_protocol\shell_client.rs:289:13
    |
289 |         let mut background =
    |             ----^^^^^^^^^^
    |             |
    |             help: remove this `mut`

warning: unused variable: `pid`
    --> crates\auto-lang\src\ui\native_dock\win32.rs:2073:30
     |
2073 | pub fn main_window_minimized(pid: u32) -> bool {
     |                              ^^^ help: if this is intentional, prefix it with an underscore: `_pid`

warning: variable does not need to be mutable
   --> crates\auto-lang\src\ui\snapshot_builder.rs:305:21
    |
305 |                 let mut props = vec![
    |                     ----^^^^^
    |                     |
    |                     help: remove this `mut`

warning: unused variable: `shared_handle`
    --> crates\auto-lang\src\ui\mcp_server.rs:1274:22
     |
1274 | fn tool_editor_state(shared_handle: &SharedStateHandle, args: serde_json::Value) -> serde_json::Value {
     |                      ^^^^^^^^^^^^^ help: if this is intentional, prefix it with an underscore: `_shared_handle`

warning: unused variable: `ids`
    --> crates\auto-lang\src\ui\mcp_server.rs:4075:13
     |
4075 |         let ids: Vec<String> = matches.iter()
     |             ^^^ help: if this is intentional, prefix it with an underscore: `_ids`

warning: unused variable: `stripped`
   --> crates\auto-lang\src\ui\aura_view_builder.rs:895:21
    |
895 |                 let stripped = store_field.as_deref().unwrap_or(stripped);
    |                     ^^^^^^^^ help: if this is intentional, prefix it with an underscore: `_stripped`

warning: unused variable: `index`
    --> crates\auto-lang\src\ui\aura_view_builder.rs:1244:9
     |
1244 |         index: &Option<String>,
     |         ^^^^^ help: if this is intentional, prefix it with an underscore: `_index`

warning: unused variable: `stripped`
    --> crates\auto-lang\src\ui\aura_view_builder.rs:7578:13
     |
7578 |         let stripped = store_field.as_deref().unwrap_or(stripped);
     |             ^^^^^^^^ help: if this is intentional, prefix it with an underscore: `_stripped`

warning: unreachable pattern
     --> crates\auto-lang\src\ui\aura_view_builder.rs:12198:13
      |
12122 |             Expr::Bina(_, Op::Add, _) => {
      |             ------------------------- matches all the relevant values
...
12198 |             Expr::Bina(l, Op::Add, r) => format!(
      |             ^^^^^^^^^^^^^^^^^^^^^^^^^ no value can reach this

warning: unused variable: `cond`
     --> crates\auto-lang\src\ui\aura_view_builder.rs:12735:13
      |
12735 |         let cond = condition.trim();
      |             ^^^^ help: if this is intentional, prefix it with an underscore: `_cond`

warning: unused variable: `keymap`
    --> crates\auto-lang\src\ui\iced\renderer.rs:4971:95
     |
4971 |             AbstractView::Textarea { placeholder, value, on_change, on_submit, height, style, keymap, .. } => {
     |                                                                                               ^^^^^^ help: try ignoring the field: `keymap: _`

warning: variable does not need to be mutable
    --> crates\auto-lang\src\ui\iced\renderer.rs:9161:9
     |
9161 |     let mut lock = match guard.lock() {
     |         ----^^^^
     |         |
     |         help: remove this `mut`

warning: variable does not need to be mutable
     --> crates\auto-lang\src\ui\iced\renderer.rs:10615:14
      |
10615 |     let Some(mut v) = state.split_mut(app_id) else {
      |              ----^
      |              |
      |              help: remove this `mut`

warning: variable does not need to be mutable
     --> crates\auto-lang\src\ui\iced\renderer.rs:11200:13
      |
11200 |         let mut app = state.apps.get_mut(&launcher).expect("launcher mounted");
      |             ----^^^
      |             |
      |             help: remove this `mut`

warning: unused variable: `dragged_slot`
     --> crates\auto-lang\src\ui\iced\renderer.rs:15381:9
      |
15381 |     let dragged_slot = cells
      |         ^^^^^^^^^^^^ help: if this is intentional, prefix it with an underscore: `_dragged_slot`

warning: variable does not need to be mutable
     --> crates\auto-lang\src\ui\iced\renderer.rs:20988:36
      |
20988 |                         let (exit, mut tasks) = drain_and_execute_desktop_commands(state);
      |                                    ----^^^^^
      |                                    |
      |                                    help: remove this `mut`

warning: variable does not need to be mutable
     --> crates\auto-lang\src\ui\iced\renderer.rs:21010:36
      |
21010 |                         let (exit, mut tasks) = drain_and_execute_desktop_commands(state);
      |                                    ----^^^^^
      |                                    |
      |                                    help: remove this `mut`

warning: variable does not need to be mutable
     --> crates\auto-lang\src\ui\iced\renderer.rs:21057:32
      |
21057 |                     let (exit, mut tasks) = drain_and_execute_desktop_commands(state);
      |                                ----^^^^^
      |                                |
      |                                help: remove this `mut`

warning: variable does not need to be mutable
     --> crates\auto-lang\src\ui\iced\renderer.rs:23315:13
      |
23315 |         let mut buf = state.app.devtools.console_buffer.lock().unwrap();
      |             ----^^^
      |             |
      |             help: remove this `mut`

warning: variable does not need to be mutable
     --> crates\auto-lang\src\ui\iced\renderer.rs:25507:15
      |
25507 | fn apply_edit(mut state: crate::ui::session::SessionViewMut) {
      |               ----^^^^^
      |               |
      |               help: remove this `mut`

warning: unused variable: `on_change`
     --> crates\auto-lang\src\ui\iced\renderer.rs:26115:5
      |
26115 |     on_change: Option<M>,
      |     ^^^^^^^^^ help: if this is intentional, prefix it with an underscore: `_on_change`

warning: unused variable: `placeholder`
     --> crates\auto-lang\src\ui\iced\renderer.rs:26117:5
      |
26117 |     placeholder: Option<String>,
      |     ^^^^^^^^^^^ help: if this is intentional, prefix it with an underscore: `_placeholder`

warning: unreachable pattern
     --> crates\auto-lang\src\ui\iced\renderer.rs:26422:9
      |
26404 |         AbstractView::Popover { anchor, content, .. } => {
      |         --------------------------------------------- matches all the relevant values
...
26422 |         AbstractView::Popover { anchor, content, .. } => {
      |         ^^^^^^^^^^^^^^^^^^^^^^^^^^^^^^^^^^^^^^^^^^^^^ no value can reach this

warning: unused variable: `key`
     --> crates\auto-lang\src\ui\iced\renderer.rs:27343:40
      |
27343 |         AbstractView::AutodownEditor { key, value, is_final, on_change, on_focus, placeholder, style: _ } => {
      |                                        ^^^ help: try ignoring the field: `key: _`

warning: unused variable: `is_final`
     --> crates\auto-lang\src\ui\iced\renderer.rs:27343:52
      |
27343 |         AbstractView::AutodownEditor { key, value, is_final, on_change, on_focus, placeholder, style: _ } => {
      |                                                    ^^^^^^^^ help: try ignoring the field: `is_final: _`

warning: unused variable: `on_change`
     --> crates\auto-lang\src\ui\iced\renderer.rs:27343:62
      |
27343 |         AbstractView::AutodownEditor { key, value, is_final, on_change, on_focus, placeholder, style: _ } => {
      |                                                              ^^^^^^^^^ help: try ignoring the field: `on_change: _`

warning: unused variable: `placeholder`
     --> crates\auto-lang\src\ui\iced\renderer.rs:27343:83
      |
27343 |         AbstractView::AutodownEditor { key, value, is_final, on_change, on_focus, placeholder, style: _ } => {
      |                                                                                   ^^^^^^^^^^^ help: try ignoring the field: `placeholder: _`

warning: unused variable: `tick_msg`
     --> crates\auto-lang\src\ui\iced\renderer.rs:28747:19
      |
28747 |     let (tick_ms, tick_msg) = (tick.tick_interval_ms(), tick.tick_msg());
      |                   ^^^^^^^^ help: if this is intentional, prefix it with an underscore: `_tick_msg`

warning: unused variable: `interval`
     --> crates\auto-lang\src\ui\iced\renderer.rs:28748:9
      |
28748 |     let interval = tick_ms.map(|ms| std::time::Duration::from_millis(ms as u64));
      |         ^^^^^^^^ help: if this is intentional, prefix it with an underscore: `_interval`

warning: variable does not need to be mutable
   --> crates\auto-lang\src\ui\iced\table_resize.rs:193:17
    |
193 |             let mut lay_row =
    |                 ----^^^^^^^
    |                 |
    |                 help: remove this `mut`

warning: type `TodoItem` is more private than the item `ui::session::AppState::todos`
    --> crates\auto-lang\src\ui\session.rs:49:5
     |
  49 |     pub todos: Vec<TodoItem>,
     |     ^^^^^^^^^^^^^^^^^^^^^^^^ field `ui::session::AppState::todos` is reachable at visibility `pub`
     |
note: but type `TodoItem` is only usable at visibility `pub(crate)`
    --> crates\auto-lang\src\ui\iced\renderer.rs:7545:1
     |
7545 | pub(crate) struct TodoItem {
     | ^^^^^^^^^^^^^^^^^^^^^^^^^^
     = note: `#[warn(private_interfaces)]` on by default

warning: type `DebugElementInfo` is more private than the item `ui::session::DevToolsState::debug_element_styles`
     --> crates\auto-lang\src\ui\session.rs:150:5
      |
  150 |     pub debug_element_styles: RefCell<HashMap<String, DebugElementInfo>>,
      |     ^^^^^^^^^^^^^^^^^^^^^^^^^^^^^^^^^^^^^^^^^^^^^^^^^^^^^^^^^^^^^^^^^^^^ field `ui::session::DevToolsState::debug_element_styles` is reachable at visibility `pub`
      |
note: but type `DebugElementInfo` is only usable at visibility `pub(crate)`
     --> crates\auto-lang\src\ui\iced\renderer.rs:25667:1
      |
25667 | pub(crate) struct DebugElementInfo {
      | ^^^^^^^^^^^^^^^^^^^^^^^^^^^^^^^^^^

warning: type `InspectorSubTab` is more private than the item `ui::session::DevToolsState::inspector_subtab`
     --> crates\auto-lang\src\ui\session.rs:155:5
      |
  155 |     pub inspector_subtab: RefCell<InspectorSubTab>,
      |     ^^^^^^^^^^^^^^^^^^^^^^^^^^^^^^^^^^^^^^^^^^^^^^ field `ui::session::DevToolsState::inspector_subtab` is reachable at visibility `pub`
      |
note: but type `InspectorSubTab` is only usable at visibility `pub(crate)`
     --> crates\auto-lang\src\ui\iced\renderer.rs:10517:1
      |
10517 | pub(crate) enum InspectorSubTab {
      | ^^^^^^^^^^^^^^^^^^^^^^^^^^^^^^^

warning: type `InspectorSections` is more private than the item `ui::session::DevToolsState::inspector_sections`
     --> crates\auto-lang\src\ui\session.rs:156:5
      |
  156 |     pub inspector_sections: RefCell<InspectorSections>,
      |     ^^^^^^^^^^^^^^^^^^^^^^^^^^^^^^^^^^^^^^^^^^^^^^^^^^ field `ui::session::DevToolsState::inspector_sections` is reachable at visibility `pub`
      |
note: but type `InspectorSections` is only usable at visibility `pub(crate)`
     --> crates\auto-lang\src\ui\iced\renderer.rs:10557:1
      |
10557 | pub(crate) struct InspectorSections {
      | ^^^^^^^^^^^^^^^^^^^^^^^^^^^^^^^^^^^

warning: type `DevToolsTab` is more private than the item `ui::session::DevToolsState::devtools_tab`
     --> crates\auto-lang\src\ui\session.rs:158:5
      |
  158 |     pub devtools_tab: RefCell<DevToolsTab>,
      |     ^^^^^^^^^^^^^^^^^^^^^^^^^^^^^^^^^^^^^^ field `ui::session::DevToolsState::devtools_tab` is reachable at visibility `pub`
      |
note: but type `DevToolsTab` is only usable at visibility `pub(crate)`
     --> crates\auto-lang\src\ui\iced\renderer.rs:10504:1
      |
10504 | pub(crate) enum DevToolsTab {
      | ^^^^^^^^^^^^^^^^^^^^^^^^^^^

warning: type `DebugTreeNode` is more private than the item `ui::session::DevToolsState::component_tree`
     --> crates\auto-lang\src\ui\session.rs:165:5
      |
  165 |     pub component_tree: RefCell<Option<DebugTreeNode>>,
      |     ^^^^^^^^^^^^^^^^^^^^^^^^^^^^^^^^^^^^^^^^^^^^^^^^^^ field `ui::session::DevToolsState::component_tree` is reachable at visibility `pub`
      |
note: but type `DebugTreeNode` is only usable at visibility `pub(crate)`
     --> crates\auto-lang\src\ui\iced\renderer.rs:25622:1
      |
25622 | pub(crate) struct DebugTreeNode {
      | ^^^^^^^^^^^^^^^^^^^^^^^^^^^^^^^

warning: type `ToastReq` is more private than the item `DesktopState::toasts`
     --> crates\auto-lang\src\ui\session.rs:301:5
      |
  301 |     pub toasts: RefCell<Vec<ToastReq>>,
      |     ^^^^^^^^^^^^^^^^^^^^^^^^^^^^^^^^^^ field `DesktopState::toasts` is reachable at visibility `pub`
      |
note: but type `ToastReq` is only usable at visibility `pub(crate)`
     --> crates\auto-lang\src\ui\iced\renderer.rs:10572:1
      |
10572 | pub(crate) struct ToastReq {
      | ^^^^^^^^^^^^^^^^^^^^^^^^^^

warning: type `NotificationEntry` is more private than the item `DesktopState::notifications`
   --> crates\auto-lang\src\ui\session.rs:316:5
    |
316 |     pub notifications: RefCell<Vec<NotificationEntry>>,
    |     ^^^^^^^^^^^^^^^^^^^^^^^^^^^^^^^^^^^^^^^^^^^^^^^^^^ field `DesktopState::notifications` is reachable at visibility `pub`
    |
note: but type `NotificationEntry` is only usable at visibility `pub(crate)`
   --> crates\auto-lang\src\ui\session.rs:274:1
    |
274 | pub(crate) struct NotificationEntry {
    | ^^^^^^^^^^^^^^^^^^^^^^^^^^^^^^^^^^^

warning: type `sendinput::Input` is more private than the item `unicode_inputs`
  --> crates\auto-lang\src\ui\desktop_protocol\sendinput.rs:89:1
   |
89 | pub fn unicode_inputs(text: &str) -> Vec<Input> {
   | ^^^^^^^^^^^^^^^^^^^^^^^^^^^^^^^^^^^^^^^^^^^^^^^ function `unicode_inputs` is reachable at visibility `pub`
   |
note: but type `sendinput::Input` is only usable at visibility `pub(self)`
  --> crates\auto-lang\src\ui\desktop_protocol\sendinput.rs:54:1
   |
54 | struct Input {
   | ^^^^^^^^^^^^

warning: type `sendinput::Input` is more private than the item `vk_inputs`
   --> crates\auto-lang\src\ui\desktop_protocol\sendinput.rs:100:1
    |
100 | pub fn vk_inputs(vk: u32) -> Vec<Input> {
    | ^^^^^^^^^^^^^^^^^^^^^^^^^^^^^^^^^^^^^^^ function `vk_inputs` is reachable at visibility `pub`
    |
note: but type `sendinput::Input` is only usable at visibility `pub(self)`
   --> crates\auto-lang\src\ui\desktop_protocol\sendinput.rs:54:1
    |
 54 | struct Input {
    | ^^^^^^^^^^^^

warning: type `sendinput::Input` is more private than the item `sendinput::send`
   --> crates\auto-lang\src\ui\desktop_protocol\sendinput.rs:106:1
    |
106 | pub fn send(inputs: &[Input]) -> u32 {
    | ^^^^^^^^^^^^^^^^^^^^^^^^^^^^^^^^^^^^ function `sendinput::send` is reachable at visibility `pub`
    |
note: but type `sendinput::Input` is only usable at visibility `pub(self)`
   --> crates\auto-lang\src\ui\desktop_protocol\sendinput.rs:54:1
    |
 54 | struct Input {
    | ^^^^^^^^^^^^

warning: type `PreviewCardUiState` is more private than the item `aura_view_builder::AuraViewBuilder::<'a>::with_preview_states`
   --> crates\auto-lang\src\ui\aura_view_builder.rs:423:5
    |
423 |     pub fn with_preview_states(mut self, states: &'a std::collections::HashMap<String, crate::ui::dynamic::PreviewCardUiState>) -> Self {
    |     ^^^^^^^^^^^^^^^^^^^^^^^^^^^^^^^^^^^^^^^^^^^^^^^^^^^^^^^^^^^^^^^^^^^^^^^^^^^^^^^^^^^^^^^^^^^^^^^^^^^^^^^^^^^^^^^^^^^^^^^^^^^^^^^^^^^ method `aura_view_builder::AuraViewBuilder::<'a>::with_preview_states` is reachable at visibility `pub`
    |
note: but type `PreviewCardUiState` is only usable at visibility `pub(crate)`
   --> crates\auto-lang\src\ui\dynamic.rs:355:1
    |
355 | pub(crate) struct PreviewCardUiState {
    | ^^^^^^^^^^^^^^^^^^^^^^^^^^^^^^^^^^^^

warning: constant `AUTO_LIB_FILES_V2` is never used
    --> crates\auto-lang\src\lib.rs:1893:18
     |
1893 | pub(crate) const AUTO_LIB_FILES_V2: &[&str] = &[
     |                  ^^^^^^^^^^^^^^^^^
     |
     = note: `#[warn(dead_code)]` (part of `#[warn(unused)]`) on by default

warning: function `aavm2_lib_source` is never used
    --> crates\auto-lang\src\lib.rs:1909:15
     |
1909 | pub(crate) fn aavm2_lib_source(project_root: &std::path::Path) -> AutoResult<String> {
     |               ^^^^^^^^^^^^^^^^

warning: function `extract_api_imports_from_ast` is never used
    --> crates\auto-lang\src\lib.rs:6759:4
     |
6759 | fn extract_api_imports_from_ast(code: &crate::ast::Code) -> Vec<String> {
     |    ^^^^^^^^^^^^^^^^^^^^^^^^^^^^

warning: function `is_api_use_stmt` is never used
    --> crates\auto-lang\src\lib.rs:6772:4
     |
6772 | fn is_api_use_stmt(use_stmt: &crate::ast::Use) -> bool {
     |    ^^^^^^^^^^^^^^^

warning: method `has_subscribers` is never used
    --> crates\auto-lang\src\back_proxy.rs:1118:8
     |
1102 | impl SessionBus {
     | --------------- method in this implementation
...
1118 |     fn has_subscribers(&self) -> bool {
     |        ^^^^^^^^^^^^^^^

warning: function `key_of` is never used
   --> crates\auto-lang\src\ui_gen\vue.rs:198:8
    |
198 |     fn key_of(node: &AuraNode) -> Option<String> {
    |        ^^^^^^

warning: struct `EnvGuard` is never constructed
   --> crates\auto-lang\src\ui_gen\bp\registry.rs:370:12
    |
370 |     struct EnvGuard(&'static str);
    |            ^^^^^^^^

warning: associated function `set` is never used
   --> crates\auto-lang\src\ui_gen\bp\registry.rs:372:12
    |
371 |     impl EnvGuard {
    |     ------------- associated function in this implementation
372 |         fn set(var: &'static str, value: &std::ffi::OsStr) -> Self {
    |            ^^^

warning: associated function `collect_pattern_idents` is never used
     --> crates\auto-lang\src\trans\rust.rs:21068:8
      |
  485 | impl RustTrans {
      | -------------- associated function in this implementation
...
21068 |     fn collect_pattern_idents(expr: &Expr, out: &mut HashSet<AutoStr>) {
      |        ^^^^^^^^^^^^^^^^^^^^^^

warning: function `test_a2p` is never used
    --> crates\auto-lang\src\trans\python.rs:2599:8
     |
2599 |     fn test_a2p(case: &str) -> AutoResult<()> {
     |        ^^^^^^^^

warning: function `pop_str_idx` is never used
  --> crates\auto-lang\src\vm\engine.rs:91:4
   |
91 | fn pop_str_idx(ram: &mut VirtualRAM) -> usize {
   |    ^^^^^^^^^^^

warning: methods `decode_tagged_value` and `intern_string` are never used
    --> crates\auto-lang\src\vm\engine.rs:936:8
     |
 695 | impl AutoVM {
     | ----------- methods in this implementation
...
 936 |     fn decode_tagged_value(&self, raw: i32) -> auto_val::Value {
     |        ^^^^^^^^^^^^^^^^^^^
...
1122 |     fn intern_string(&mut self, bytes: &[u8]) -> usize {
     |        ^^^^^^^^^^^^^

warning: function `vm_with` is never used
     --> crates\auto-lang\src\vm\engine.rs:11733:8
      |
11733 |     fn vm_with(code: Vec<u8>) -> AutoVM {
      |        ^^^^^^^

warning: function `pop_str` is never used
     --> crates\auto-lang\src\vm\engine.rs:11737:8
      |
11737 |     fn pop_str(vm: &AutoVM, task: &mut AutoTask) -> String {
      |        ^^^^^^^

warning: function `vm_idle` is never used
     --> crates\auto-lang\src\vm\engine.rs:11791:8
      |
11791 |     fn vm_idle() -> AutoVM {
      |        ^^^^^^^

warning: function `vm_with` is never used
     --> crates\auto-lang\src\vm\engine.rs:11868:8
      |
11868 |     fn vm_with(code: Vec<u8>) -> AutoVM {
      |        ^^^^^^^

warning: function `push_result_instance` is never used
     --> crates\auto-lang\src\vm\engine.rs:11872:8
      |
11872 |     fn push_result_instance(vm: &AutoVM, task: &mut AutoTask, kind: &str, field: auto_val::Value) {
      |        ^^^^^^^^^^^^^^^^^^^^

warning: field `req_id` is never read
    --> crates\auto-lang\src\vm\ffi\stdlib.rs:7008:5
     |
7004 | struct HttpJsonJob {
     |        ----------- field in this struct
...
7008 |     req_id: u64,
     |     ^^^^^^

warning: function `http_status_reason` is never used
   --> crates\auto-lang\src\vm\ffi\http_server.rs:480:4
    |
480 | fn http_status_reason(code: u16) -> &'static str {
    |    ^^^^^^^^^^^^^^^^^^

warning: field `0` is never read
    --> crates\auto-lang\src\vm\ffi\http_server.rs:5282:12
     |
5282 |     Future(u32),
     |     ------ ^^^
     |     |
     |     field in this variant
     |
help: consider changing the field to be of unit type to suppress this warning while preserving the field numbering, or remove the field
     |
5282 -     Future(u32),
5282 +     Future(()),
     |

warning: function `stream_remove` is never used
   --> crates\auto-lang\src\vm\ffi\http_stream.rs:311:15
    |
311 | pub(crate) fn stream_remove(stream_id: u64) {
    |               ^^^^^^^^^^^^^

warning: field `root` is never read
   --> crates\auto-lang\src\ui\image_pipeline.rs:983:5
    |
981 | struct MediaSession {
    |        ------------ field in this struct
982 |     id: String,
983 |     root: PathBuf,
    |     ^^^^
    |
    = note: `MediaSession` has a derived impl for the trait `Debug`, but this is intentionally ignored during dead code analysis

warning: method `take_scroll_bind_suppress` is never used
   --> crates\auto-lang\src\ui\terminal\mod.rs:360:19
    |
254 | impl TerminalCore {
    | ----------------- method in this implementation
...
360 |     pub(crate) fn take_scroll_bind_suppress(&self) -> bool {
    |                   ^^^^^^^^^^^^^^^^^^^^^^^^^

warning: constant `DEFAULT_FG` is never used
   --> crates\auto-lang\src\ui\terminal\iced\widget.rs:102:7
    |
102 | const DEFAULT_FG: Color = Color::from_rgb8(0xe8, 0xe8, 0xe8);
    |       ^^^^^^^^^^

warning: function `row_rebuilds` is never used
   --> crates\auto-lang\src\ui\terminal\iced\widget.rs:160:15
    |
160 | pub(crate) fn row_rebuilds() -> u64 {
    |               ^^^^^^^^^^^^

warning: function `row_rebuilds_reset` is never used
   --> crates\auto-lang\src\ui\terminal\iced\widget.rs:165:15
    |
165 | pub(crate) fn row_rebuilds_reset() -> u64 {
    |               ^^^^^^^^^^^^^^^^^^

warning: associated function `view_y_to_offset` is never used
   --> crates\auto-lang\src\ui\terminal\iced\widget.rs:433:19
    |
370 | impl<M: Clone> Terminal<M> {
    | -------------------------- associated function in this implementation
...
433 |     pub(crate) fn view_y_to_offset(view_y: f32, history: usize) -> usize {
    |                   ^^^^^^^^^^^^^^^^

warning: method `retain_heap_result` is never used
    --> crates\auto-lang\src\ui\vm_bridge.rs:2550:8
     |
 557 | impl VmBridge {
     | ------------- method in this implementation
...
2550 |     fn retain_heap_result(&self, out: &Value) {
     |        ^^^^^^^^^^^^^^^^^^

warning: function `rewrite_stmt` is never used
   --> crates\auto-lang\src\ui\handler_codegen.rs:338:4
    |
338 | fn rewrite_stmt(stmt: &mut Stmt, state_fields: &HashSet<String>) {
    |    ^^^^^^^^^^^^

warning: function `synthesize_handler_fn_from_decl` is never used
    --> crates\auto-lang\src\ui\handler_codegen.rs:1819:4
     |
1819 | fn synthesize_handler_fn_from_decl(
     |    ^^^^^^^^^^^^^^^^^^^^^^^^^^^^^^^

warning: function `skeleton_children` is never used
   --> crates\auto-lang\src\ui\memo_deps.rs:941:4
    |
941 | fn skeleton_children(children: &[AuraNode], h: &mut std::collections::hash_map::DefaultHasher) {
    |    ^^^^^^^^^^^^^^^^^

warning: constant `INPUT_H` is never used
   --> crates\auto-lang\src\ui\desktop_protocol\client_runtime.rs:113:7
    |
113 | const INPUT_H: f32 = 32.0;
    |       ^^^^^^^

warning: constant `INPUT_PAD` is never used
   --> crates\auto-lang\src\ui\desktop_protocol\client_runtime.rs:114:7
    |
114 | const INPUT_PAD: f32 = 10.0;
    |       ^^^^^^^^^

warning: field `font_italic` is never read
   --> crates\auto-lang\src\ui\desktop_protocol\client_runtime.rs:149:16
    |
124 | pub(crate) struct NodeStyle {
    |                   --------- field in this struct
...
149 |     pub(crate) font_italic: bool,
    |                ^^^^^^^^^^^
    |
    = note: `NodeStyle` has a derived impl for the trait `Clone`, but this is intentionally ignored during dead code analysis

warning: function `handler_token` is never used
   --> crates\auto-lang\src\ui\desktop_protocol\client_runtime.rs:230:4
    |
230 | fn handler_token(pattern: &str) -> Option<String> {
    |    ^^^^^^^^^^^^^

warning: function `fstr_template_and_bindings` is never used
   --> crates\auto-lang\src\ui\desktop_protocol\client_runtime.rs:245:4
    |
245 | fn fstr_template_and_bindings(expr: &Expr) -> (String, Vec<String>) {
    |    ^^^^^^^^^^^^^^^^^^^^^^^^^^

warning: function `interpolate` is never used
   --> crates\auto-lang\src\ui\desktop_protocol\client_runtime.rs:283:4
    |
283 | fn interpolate(comp: &DynamicComponent, template: &str, bindings: &[String]) -> String {
    |    ^^^^^^^^^^^

warning: function `format_value` is never used
   --> crates\auto-lang\src\ui\desktop_protocol\client_runtime.rs:297:4
    |
297 | fn format_value(value: &auto_val::Value) -> String {
    |    ^^^^^^^^^^^^

warning: static `PUMP_T0` is never used
   --> crates\auto-lang\src\ui\desktop_protocol\client_runtime.rs:472:8
    |
472 | static PUMP_T0: std::sync::OnceLock<std::time::Instant> = std::sync::OnceLock::new();
    |        ^^^^^^^

warning: function `t0` is never used
   --> crates\auto-lang\src\ui\desktop_protocol\client_runtime.rs:474:4
    |
474 | fn t0() -> std::time::Instant {
    |    ^^

warning: constant `CHILD_ENV` is never used
  --> crates\auto-lang\src\ui\desktop_protocol\dual_mode.rs:26:7
   |
26 | const CHILD_ENV: &str = "AUTO_386_CHILD_PIPE";
   |       ^^^^^^^^^

warning: constant `CHILD_MARKER` is never used
  --> crates\auto-lang\src\ui\desktop_protocol\dual_mode.rs:28:7
   |
28 | const CHILD_MARKER: &str = "AUTO386-STANDALONE";
   |       ^^^^^^^^^^^^

warning: constant `COUNTER_SRC` is never used
  --> crates\auto-lang\src\ui\desktop_protocol\dual_mode.rs:31:7
   |
31 | const COUNTER_SRC: &str = "widget SpawnCounter {\n    model { var count int = 0 }\n    view {\n        button \"+\" { onclick: () =>...
   |       ^^^^^^^^^^^

warning: struct `SpawnCounterSource` is never constructed
  --> crates\auto-lang\src\ui\desktop_protocol\dual_mode.rs:34:8
   |
34 | struct SpawnCounterSource {
   |        ^^^^^^^^^^^^^^^^^^

warning: associated items `new` and `count` are never used
  --> crates\auto-lang\src\ui\desktop_protocol\dual_mode.rs:41:8
   |
40 | impl SpawnCounterSource {
   | ----------------------- associated items in this implementation
41 |     fn new(component: DynamicComponent) -> Self {
   |        ^^^
...
45 |     fn count(&self) -> i64 {
   |        ^^^^^

warning: function `pump_host` is never used
  --> crates\auto-lang\src\ui\desktop_protocol\dual_mode.rs:99:4
   |
99 | fn pump_host(server_end: &mut Box<dyn Transport + Send>, ph: &mut ProtocolHost<'_>) {
   |    ^^^^^^^^^

warning: function `git_status_porcelain` is never used
    --> crates\auto-lang\src\ui\desktop_protocol\stage3.rs:6672:4
     |
6672 | fn git_status_porcelain(repo: &std::path::Path, scope: &str) -> Vec<String> {
     |    ^^^^^^^^^^^^^^^^^^^^

warning: struct `RestoreFiles` is never constructed
    --> crates\auto-lang\src\ui\desktop_protocol\stage3.rs:6686:8
     |
6686 | struct RestoreFiles(Vec<(std::path::PathBuf, Vec<u8>)>);
     |        ^^^^^^^^^^^^

warning: method `run` is never used
    --> crates\auto-lang\src\ui\desktop_protocol\stage3.rs:6689:8
     |
6688 | impl RestoreFiles {
     | ----------------- method in this implementation
6689 |     fn run(&self) {
     |        ^^^

warning: function `load_blue_test_icon` is never used
    --> crates\auto-lang\src\ui\native_dock\win32.rs:1841:4
     |
1841 | fn load_blue_test_icon() -> windows::Win32::UI::WindowsAndMessaging::HICON {
     |    ^^^^^^^^^^^^^^^^^^^

warning: function `parse_aura_id` is never used
    --> crates\auto-lang\src\ui\mcp_server.rs:3336:4
     |
3336 | fn parse_aura_id(s: &str) -> Option<AuraNodeId> {
     |    ^^^^^^^^^^^^^

warning: function `view_kind_str` is never used
    --> crates\auto-lang\src\ui\mcp_server.rs:3476:4
     |
3476 | fn view_kind_str(view: &View<DynamicMessage>) -> &'static str {
     |    ^^^^^^^^^^^^^

warning: multiple associated items are never used
     --> crates\auto-lang\src\ui\aura_view_builder.rs:3616:8
      |
  298 | impl<'a> AuraViewBuilder<'a> {
      | ---------------------------- associated items in this implementation
...
 3616 |     fn autodown_scroll_binding(
      |        ^^^^^^^^^^^^^^^^^^^^^^^
...
 3729 |     fn autodown_table_widths(
      |        ^^^^^^^^^^^^^^^^^^^^^
...
 3770 |     fn autodown_on_col_resize_binding(
      |        ^^^^^^^^^^^^^^^^^^^^^^^^^^^^^^
...
 3795 |     fn autodown_padding_class(
      |        ^^^^^^^^^^^^^^^^^^^^^^
...
 3814 |     fn autodown_placeholder(
      |        ^^^^^^^^^^^^^^^^^^^^
...
 3853 |     fn autodown_on_focus_binding(
      |        ^^^^^^^^^^^^^^^^^^^^^^^^^
...
 5321 |     fn icon_to_emoji(icon: &str) -> Option<&'static str> {
      |        ^^^^^^^^^^^^^
...
 5450 |     fn render_outlet(&self, bindings: &Bindings) -> View<DynamicMessage> {
      |        ^^^^^^^^^^^^^
...
 9308 |     fn modal_dialog_family(tag: &str) -> ModalDialogFamily {
      |        ^^^^^^^^^^^^^^^^^^^
...
13933 |     fn extract_f64(
      |        ^^^^^^^^^^^

warning: constant `LEADING_EMPTY` is never used
    --> crates\auto-lang\src\ui\aura_view_builder.rs:9191:35
     |
9191 | ...                   const LEADING_EMPTY: &str = "w-4 h-4 shrink-0";
     |                             ^^^^^^^^^^^^^

warning: function `svg_attr_literal` is never used
     --> crates\auto-lang\src\ui\aura_view_builder.rs:20357:4
      |
20357 | fn svg_attr_literal(expr: &Expr) -> Option<String> {
      |    ^^^^^^^^^^^^^^^^

warning: function `vf_widget` is never used
     --> crates\auto-lang\src\ui\aura_view_builder.rs:23960:8
      |
23960 |     fn vf_widget() -> AuraWidget {
      |        ^^^^^^^^^

warning: function `vf_row` is never used
     --> crates\auto-lang\src\ui\aura_view_builder.rs:24000:8
      |
24000 |     fn vf_row(id: i32, name: &str) -> Value {
      |        ^^^^^^

warning: function `vf_rows` is never used
     --> crates\auto-lang\src\ui\aura_view_builder.rs:24007:8
      |
24007 |     fn vf_rows(rows: &[Value]) -> Value {
      |        ^^^^^^^

warning: function `vf_node` is never used
     --> crates\auto-lang\src\ui\aura_view_builder.rs:24011:8
      |
24011 |     fn vf_node() -> AuraNode {
      |        ^^^^^^^

warning: function `vf_build` is never used
     --> crates\auto-lang\src\ui\aura_view_builder.rs:24026:8
      |
24026 |     fn vf_build(bridge: &VmBridge, node: &AuraNode) -> String {
      |        ^^^^^^^^

warning: function `vf_kinds` is never used
     --> crates\auto-lang\src\ui\aura_view_builder.rs:24032:8
      |
24032 |     fn vf_kinds(bridge: &VmBridge) -> (u64, u64, u64) {
      |        ^^^^^^^^

warning: function `sig_widget` is never used
     --> crates\auto-lang\src\ui\aura_view_builder.rs:24169:8
      |
24169 |     fn sig_widget(computed: AuraComputed) -> AuraWidget {
      |        ^^^^^^^^^^

warning: function `inline_mirror` is never used
     --> crates\auto-lang\src\ui\aura_view_builder.rs:24210:8
      |
24210 |     fn inline_mirror() -> AuraComputed {
      |        ^^^^^^^^^^^^^

warning: function `block_mirror` is never used
     --> crates\auto-lang\src\ui\aura_view_builder.rs:24218:8
      |
24218 |     fn block_mirror() -> AuraComputed {
      |        ^^^^^^^^^^^^

warning: function `sig_view` is never used
     --> crates\auto-lang\src\ui\aura_view_builder.rs:24232:8
      |
24232 |     fn sig_view() -> AuraNode {
      |        ^^^^^^^^

warning: function `sig_build` is never used
     --> crates\auto-lang\src\ui\aura_view_builder.rs:24237:8
      |
24237 |     fn sig_build(bridge: &VmBridge, computed: &[AuraComputed], node: &AuraNode) -> String {
      |        ^^^^^^^^^

warning: function `sig_counts` is never used
     --> crates\auto-lang\src\ui\aura_view_builder.rs:24244:8
      |
24244 |     fn sig_counts(bridge: &VmBridge) -> (u64, u64) {
      |        ^^^^^^^^^^

warning: function `conv_widget` is never used
     --> crates\auto-lang\src\ui\aura_view_builder.rs:24354:8
      |
24354 |     fn conv_widget() -> AuraWidget {
      |        ^^^^^^^^^^^

warning: function `conv_menubar` is never used
     --> crates\auto-lang\src\ui\aura_view_builder.rs:24399:8
      |
24399 |     fn conv_menubar(memo: bool) -> AuraNode {
      |        ^^^^^^^^^^^^

warning: function `conv_build` is never used
     --> crates\auto-lang\src\ui\aura_view_builder.rs:24418:8
      |
24418 |     fn conv_build(
      |        ^^^^^^^^^^

warning: function `onkeydown_suffix` is never used
    --> crates\auto-lang\src\ui\dynamic.rs:3058:4
     |
3058 | fn onkeydown_suffix(event_key: &str) -> Option<&str> {
     |    ^^^^^^^^^^^^^^^^

warning: variants `Handler` and `Swallow` are never constructed
   --> crates\auto-lang\src\ui\iced\renderer.rs:153:5
    |
138 | enum LineEditOp {
    |      ---------- variants in this enum
...
153 |     Handler,
    |     ^^^^^^^
...
161 |     Swallow,
    |     ^^^^^^^
    |
    = note: `LineEditOp` has derived impls for the traits `Clone` and `Debug`, but these are intentionally ignored during dead code analysis

warning: function `table_cell_container` is never used
    --> crates\auto-lang\src\ui\iced\renderer.rs:1578:4
     |
1578 | fn table_cell_container<'a, M: 'static>(
     |    ^^^^^^^^^^^^^^^^^^^^

warning: function `col_fixed_width` is never used
    --> crates\auto-lang\src\ui\iced\renderer.rs:1597:4
     |
1597 | fn col_fixed_width(col_widths: Option<&[f32]>, col: usize) -> Option<f32> {
     |    ^^^^^^^^^^^^^^^

warning: function `table_row_rule` is never used
    --> crates\auto-lang\src\ui\iced\renderer.rs:1603:4
     |
1603 | fn table_row_rule<M: 'static>() -> iced::Element<'static, M> {
     |    ^^^^^^^^^^^^^^

warning: function `build_floating_layer` is never used
    --> crates\auto-lang\src\ui\iced\renderer.rs:3054:4
     |
3054 | fn build_floating_layer<M: Clone + Debug + 'static>(
     |    ^^^^^^^^^^^^^^^^^^^^

warning: function `build_floating_layer_capture` is never used
    --> crates\auto-lang\src\ui\iced\renderer.rs:3063:4
     |
3063 | fn build_floating_layer_capture<M: Clone + Debug + 'static>(
     |    ^^^^^^^^^^^^^^^^^^^^^^^^^^^^

warning: function `lucide_svg` is never used
    --> crates\auto-lang\src\ui\iced\renderer.rs:7156:4
     |
7156 | fn lucide_svg(name: &str) -> Option<&'static str> {
     |    ^^^^^^^^^^

warning: function `parse_drag_points` is never used
    --> crates\auto-lang\src\ui\iced\renderer.rs:7445:4
     |
7445 | fn parse_drag_points(pts: &str) -> Vec<(f32, f32)> {
     |    ^^^^^^^^^^^^^^^^^

warning: function `widget_tick` is never used
    --> crates\auto-lang\src\ui\iced\renderer.rs:8400:4
     |
8400 | fn widget_tick(
     |    ^^^^^^^^^^^

warning: field `id` is never read
     --> crates\auto-lang\src\ui\iced\renderer.rs:10573:5
      |
10572 | pub(crate) struct ToastReq {
      |                   -------- field in this struct
10573 |     id: u64,
      |     ^^

warning: function `load_desktop_positions` is never used
     --> crates\auto-lang\src\ui\iced\renderer.rs:15215:4
      |
15215 | fn load_desktop_positions() -> Vec<(String, (usize, usize))> {
      |    ^^^^^^^^^^^^^^^^^^^^^^

warning: function `target_slot_default` is never used
     --> crates\auto-lang\src\ui\iced\renderer.rs:15303:4
      |
15303 | fn target_slot_default() -> usize {
      |    ^^^^^^^^^^^^^^^^^^^

warning: function `ade_fg_dark` is never used
     --> crates\auto-lang\src\ui\iced\renderer.rs:36869:4
      |
36869 | fn ade_fg_dark() -> crate::ui::code_editor::theme::Rgba {
      |    ^^^^^^^^^^^

warning: function `ade_fg_light` is never used
     --> crates\auto-lang\src\ui\iced\renderer.rs:36872:4
      |
36872 | fn ade_fg_light() -> crate::ui::code_editor::theme::Rgba {
      |    ^^^^^^^^^^^^

warning: constant `LUCIDE_SOURCE_VERSION` is never used
    --> crates\auto-lang\src\ui\iced\lucide_generated.rs:1418:18
     |
1418 | pub(super) const LUCIDE_SOURCE_VERSION: &str = "0.312.0";
     |                  ^^^^^^^^^^^^^^^^^^^^^

warning: variable `_stake__disc` should have a snake case name
    --> crates\auto-lang\src\vm\native.rs:3845:13
     |
3845 |         let _stake__disc = crate::vm::native::StakeGuard::nv(vm, _disc);
     |             ^^^^^^^^^^^^ help: convert the identifier to snake case: `_stake_disc`
     |
     = note: `#[warn(non_snake_case)]` (part of `#[warn(nonstandard_style)]`) on by default

warning: variable `_stake__closure_id` should have a snake case name
    --> crates\auto-lang\src\vm\native.rs:4209:9
     |
4209 |     let _stake__closure_id = crate::vm::native::StakeGuard::new(vm, _closure_id as i64 as u64);
     |         ^^^^^^^^^^^^^^^^^^ help: convert the identifier to snake case: `_stake_closure_id`

warning: variable `_stake__func_addr` should have a snake case name
    --> crates\auto-lang\src\vm\native.rs:5215:9
     |
5215 |     let _stake__func_addr = crate::vm::native::StakeGuard::new(vm, _func_addr as i64 as u64); // Not used in MVP
     |         ^^^^^^^^^^^^^^^^^ help: convert the identifier to snake case: `_stake_func_addr`

warning: variable `_stake__func_addr` should have a snake case name
    --> crates\auto-lang\src\vm\native.rs:5269:9
     |
5269 |     let _stake__func_addr = crate::vm::native::StakeGuard::new(vm, _func_addr as i64 as u64); // Not used in MVP
     |         ^^^^^^^^^^^^^^^^^ help: convert the identifier to snake case: `_stake_func_addr`

warning: variable `_stake__capacity` should have a snake case name
    --> crates\auto-lang\src\vm\native.rs:6026:9
     |
6026 |     let _stake__capacity = crate::vm::native::StakeGuard::new(vm, _capacity as i64 as u64);
     |         ^^^^^^^^^^^^^^^^ help: convert the identifier to snake case: `_stake_capacity`

warning: variable `_stake__capacity` should have a snake case name
    --> crates\auto-lang\src\vm\native.rs:6858:9
     |
6858 |     let _stake__capacity = crate::vm::native::StakeGuard::new(vm, _capacity as i64 as u64);
     |         ^^^^^^^^^^^^^^^^ help: convert the identifier to snake case: `_stake_capacity`

warning: variable `_stake__arr_id` should have a snake case name
    --> crates\auto-lang\src\vm\native.rs:7371:9
     |
7371 |     let _stake__arr_id = crate::vm::native::StakeGuard::new(vm, _arr_id as i64 as u64);
     |         ^^^^^^^^^^^^^^ help: convert the identifier to snake case: `_stake_arr_id`

warning: variable `_stake__inst_id` should have a snake case name
    --> crates\auto-lang\src\vm\native.rs:7476:9
     |
7476 |     let _stake__inst_id = crate::vm::native::StakeGuard::new(vm, _inst_id as i64 as u64);
     |         ^^^^^^^^^^^^^^^ help: convert the identifier to snake case: `_stake_inst_id`

warning: variable `_stake__inst_id` should have a snake case name
    --> crates\auto-lang\src\vm\native.rs:7489:9
     |
7489 |     let _stake__inst_id = crate::vm::native::StakeGuard::new(vm, _inst_id as i64 as u64);
     |         ^^^^^^^^^^^^^^^ help: convert the identifier to snake case: `_stake_inst_id`

warning: calls to `std::mem::drop` with a value that implements `Copy` does nothing
    --> crates\auto-lang\src\vm\ffi\stdlib.rs:9779:13
     |
9779 |             drop(i64::pop_from_stack(task, vm).unwrap_or(0));
     |             ^^^^^------------------------------------------^
     |                  |
     |                  argument has type `i64`
     |
     = note: `#[warn(dropping_copy_types)]` on by default
help: use `let _ = ...` to ignore the expression or result
     |
9779 -             drop(i64::pop_from_stack(task, vm).unwrap_or(0));
9779 +             let _ = i64::pop_from_stack(task, vm).unwrap_or(0);
     |

warning: calls to `std::mem::drop` with a value that implements `Copy` does nothing
    --> crates\auto-lang\src\vm\ffi\stdlib.rs:9783:13
     |
9783 |             drop(i64::pop_from_stack(task, vm).unwrap_or(0));
     |             ^^^^^------------------------------------------^
     |                  |
     |                  argument has type `i64`
     |
help: use `let _ = ...` to ignore the expression or result
     |
9783 -             drop(i64::pop_from_stack(task, vm).unwrap_or(0));
9783 +             let _ = i64::pop_from_stack(task, vm).unwrap_or(0);
     |

warning: variable `_stake__cfg` should have a snake case name
   --> crates\auto-lang\src\vm\ffi\musk_response_ctor.rs:836:16
    |
836 |     let (_cfg, _stake__cfg) = pop_value_staked(task, vm); // config Value (unused for the default)
    |                ^^^^^^^^^^^ help: convert the identifier to snake case: `_stake_cfg`

warning: for loop over a `&Option`. This is more readably written as an `if let` statement
   --> crates\auto-lang\src\ui\vm_bridge.rs:539:15
    |
539 |     for on in &decl.on {
    |               ^^^^^^^^
    |
    = note: `#[warn(for_loops_over_fallibles)]` on by default
help: to check pattern in a loop use `while let`
    |
539 -     for on in &decl.on {
539 +     while let Some(on) = &decl.on {
    |
help: consider using `if let` to clear intent
    |
539 -     for on in &decl.on {
539 +     if let Some(on) = &decl.on {
    |

warning: unused `BOOL` that must be used
   --> crates\auto-lang\src\ui\desktop_protocol\win_ime.rs:321:9
    |
321 |         ImmReleaseContext(hwnd, himc);
    |         ^^^^^^^^^^^^^^^^^^^^^^^^^^^^^
    |
    = note: `#[warn(unused_must_use)]` (part of `#[warn(unused)]`) on by default
help: use `let _ = ...` to ignore the resulting value
    |
321 |         let _ = ImmReleaseContext(hwnd, himc);
    |         +++++++

warning: unused `BOOL` that must be used
   --> crates\auto-lang\src\ui\desktop_protocol\win_ime.rs:151:26
    |
151 |                 unsafe { ImmReleaseContext(hwnd, himc) };
    |                          ^^^^^^^^^^^^^^^^^^^^^^^^^^^^^
    |
help: use `let _ = ...` to ignore the resulting value
    |
151 |                 unsafe { let _ = ImmReleaseContext(hwnd, himc); };
    |                          +++++++                              +

warning: direct cast of function item into an integer
   --> crates\auto-lang\src\ui\desktop_protocol\win_ime.rs:177:25
    |
177 |             ime_wndproc as usize as isize,
    |                         ^^^^^^^^
    |
    = note: `#[warn(function_casts_as_integer)]` on by default
help: first cast to a pointer `as *const ()`
    |
177 |             ime_wndproc as *const () as usize as isize,
    |                         ++++++++++++

warning: structure field `PageFaultCount` should have a snake case name
   --> crates\auto-lang\src\ui\desktop_protocol\stage3.rs:162:13
    |
162 |         pub PageFaultCount: u32,
    |             ^^^^^^^^^^^^^^ help: convert the identifier to snake case: `page_fault_count`

warning: structure field `PeakWorkingSetSize` should have a snake case name
   --> crates\auto-lang\src\ui\desktop_protocol\stage3.rs:163:13
    |
163 |         pub PeakWorkingSetSize: usize,
    |             ^^^^^^^^^^^^^^^^^^ help: convert the identifier to snake case: `peak_working_set_size`

warning: structure field `WorkingSetSize` should have a snake case name
   --> crates\auto-lang\src\ui\desktop_protocol\stage3.rs:164:13
    |
164 |         pub WorkingSetSize: usize,
    |             ^^^^^^^^^^^^^^ help: convert the identifier to snake case: `working_set_size`

warning: structure field `QuotaPeakPagedPoolUsage` should have a snake case name
   --> crates\auto-lang\src\ui\desktop_protocol\stage3.rs:165:13
    |
165 |         pub QuotaPeakPagedPoolUsage: usize,
    |             ^^^^^^^^^^^^^^^^^^^^^^^ help: convert the identifier to snake case: `quota_peak_paged_pool_usage`

warning: structure field `QuotaPagedPoolUsage` should have a snake case name
   --> crates\auto-lang\src\ui\desktop_protocol\stage3.rs:166:13
    |
166 |         pub QuotaPagedPoolUsage: usize,
    |             ^^^^^^^^^^^^^^^^^^^ help: convert the identifier to snake case: `quota_paged_pool_usage`

warning: structure field `QuotaPeakNonPagedPoolUsage` should have a snake case name
   --> crates\auto-lang\src\ui\desktop_protocol\stage3.rs:167:13
    |
167 |         pub QuotaPeakNonPagedPoolUsage: usize,
    |             ^^^^^^^^^^^^^^^^^^^^^^^^^^ help: convert the identifier to snake case: `quota_peak_non_paged_pool_usage`

warning: structure field `QuotaNonPagedPoolUsage` should have a snake case name
   --> crates\auto-lang\src\ui\desktop_protocol\stage3.rs:168:13
    |
168 |         pub QuotaNonPagedPoolUsage: usize,
    |             ^^^^^^^^^^^^^^^^^^^^^^ help: convert the identifier to snake case: `quota_non_paged_pool_usage`

warning: structure field `PagefileUsage` should have a snake case name
   --> crates\auto-lang\src\ui\desktop_protocol\stage3.rs:169:13
    |
169 |         pub PagefileUsage: usize,
    |             ^^^^^^^^^^^^^ help: convert the identifier to snake case: `pagefile_usage`

warning: structure field `PeakPagefileUsage` should have a snake case name
   --> crates\auto-lang\src\ui\desktop_protocol\stage3.rs:170:13
    |
170 |         pub PeakPagefileUsage: usize,
    |             ^^^^^^^^^^^^^^^^^ help: convert the identifier to snake case: `peak_pagefile_usage`

warning: structure field `PrivateUsage` should have a snake case name
   --> crates\auto-lang\src\ui\desktop_protocol\stage3.rs:171:13
    |
171 |         pub PrivateUsage: usize,
    |             ^^^^^^^^^^^^ help: convert the identifier to snake case: `private_usage`

warning: calls to `std::mem::drop` with a reference instead of an owned value does nothing
     --> crates\auto-lang\src\ui\iced\renderer.rs:14003:5
      |
14003 |     drop(host);
      |     ^^^^^----^
      |          |
      |          argument has type `&HostCtx`
      |
      = note: `#[warn(dropping_references)]` on by default
help: use `let _ = ...` to ignore the expression or result
      |
14003 -     drop(host);
14003 +     let _ = host;
      |

warning: `K32GetProcessMemoryInfo` redeclared with a different signature
   --> crates\auto-lang\src\ui\desktop_protocol\stage3.rs:148:9
    |
148 | /         fn K32GetProcessMemoryInfo(
149 | |             hProcess: isize,
150 | |             ppsmemCounters: *mut PROCESS_MEMORY_COUNTERS,
151 | |             cb: u32,
152 | |         ) -> i32;
    | |_________________^ this signature doesn't match the previous declaration
    |
   ::: crates\auto-lang\src\ui\mem_guard.rs:256:9
    |
256 | /         fn K32GetProcessMemoryInfo(
257 | |             process: *mut core::ffi::c_void,
258 | |             counters: *mut ProcessMemoryCounters,
259 | |             cb: u32,
260 | |         ) -> i32;
    | |_________________- `K32GetProcessMemoryInfo` previously declared here
    |
    = note: expected `unsafe extern "system" fn(*mut c_void, *mut ProcessMemoryCounters, u32) -> i32`
               found `unsafe extern "system" fn(isize, *mut PROCESS_MEMORY_COUNTERS, u32) -> i32`
    = note: `#[warn(clashing_extern_declarations)]` on by default

warning: `auto-lang` (lib) generated 382 warnings (run `cargo fix --lib -p auto-lang` to apply 178 suggestions)
warning: unused import: `ApiExtractor`
 --> crates\auto-lang\src\api\integration_tests.rs:8:53
  |
8 |         ApiAnnotationParser, ApiAttrs, ApiEndpoint, ApiExtractor, ApiField, ApiModule, ApiParam,
  |                                                     ^^^^^^^^^^^^
  |
  = note: `#[warn(unused_imports)]` (part of `#[warn(unused)]`) on by default

warning: unused import: `ViewProp`
  --> crates\auto-lang\src\aura\extract.rs:13:50
   |
13 | use crate::ast::{Expr, Type, Key, ViewPropValue, ViewProp, ViewEvent};
   |                                                  ^^^^^^^^

warning: duplicated attribute
     --> crates\auto-lang\src\ui_gen\vue.rs:21205:5
      |
21205 |     #[test]
      |     ^^^^^^^
      |
      = note: `#[warn(duplicate_macro_attributes)]` on by default

warning: duplicated attribute
     --> crates\auto-lang\src\ui_gen\vue.rs:24552:5
      |
24552 |     #[test]
      |     ^^^^^^^

warning: unused import: `super::*`
    --> crates\auto-lang\src\ui_gen\validators.rs:1151:9
     |
1151 |     use super::*;
     |         ^^^^^^^^

warning: unused import: `Mutex`
   --> crates\auto-lang\src\state_file.rs:196:26
    |
196 |     use std::sync::{Arc, Mutex};
    |                          ^^^^^

warning: unused import: `super::*`
   --> crates\auto-lang\src\mode.rs:239:9
    |
239 |     use super::*;
    |         ^^^^^^^^

warning: duplicated attribute
     --> crates\auto-lang\src\parser.rs:20005:5
      |
20005 |     #[test]
      |     ^^^^^^^

warning: unused import: `super::*`
     --> crates\auto-lang\src\parser.rs:17580:9
      |
17580 |     use super::*;
      |         ^^^^^^^^

warning: unused import: `Expr`
   --> crates\auto-lang\src\trans\auto_s2s.rs:161:26
    |
161 |         use crate::ast::{Expr, Stmt};
    |                          ^^^^

warning: unused import: `super::*`
     --> crates\auto-lang\src\vm\native.rs:10903:13
      |
10903 |         use super::*;
      |             ^^^^^^^^

warning: unused import: `super::cleanup_sse_iterator`
    --> crates\auto-lang\src\vm\ffi\http_server.rs:5827:9
     |
5827 |     use super::cleanup_sse_iterator;
     |         ^^^^^^^^^^^^^^^^^^^^^^^^^^^

warning: unused import: `axum::extract::Request`
    --> crates\auto-lang\src\vm\ffi\http_server.rs:5957:9
     |
5957 |     use axum::extract::Request;
     |         ^^^^^^^^^^^^^^^^^^^^^^

warning: unused import: `axum::response::Response`
    --> crates\auto-lang\src\vm\ffi\http_server.rs:5958:9
     |
5958 |     use axum::response::Response;
     |         ^^^^^^^^^^^^^^^^^^^^^^^^

warning: unused imports: `AdocDocument`, `AdocInline`, `AdocLexer`, `AdocSection`, and `LexerMode`
 --> crates\auto-lang\src\tests\autodown_tests.rs:3:16
  |
3 |     AdocBlock, AdocDocument, AdocInline, AdocMath, AdocParser, AdocSection,
  |                ^^^^^^^^^^^^  ^^^^^^^^^^                        ^^^^^^^^^^^
4 |     AdocLexer, LexerMode,
  |     ^^^^^^^^^  ^^^^^^^^^

warning: unused import: `std::path::PathBuf`
   --> crates\auto-lang\src\tests\plan340_tests.rs:124:13
    |
124 |         use std::path::PathBuf;
    |             ^^^^^^^^^^^^^^^^^^

warning: unused import: `std::path::PathBuf`
   --> crates\auto-lang\src\tests\plan340_tests.rs:263:13
    |
263 |         use std::path::PathBuf;
    |             ^^^^^^^^^^^^^^^^^^

warning: unused import: `std::path::PathBuf`
   --> crates\auto-lang\src\tests\plan340_tests.rs:813:13
    |
813 |         use std::path::PathBuf;
    |             ^^^^^^^^^^^^^^^^^^

warning: unused imports: `ParkedWait` and `SegmentOutcome`
  --> crates\auto-lang\src\tests\plan712_http_error_semantics_tests.rs:14:25
   |
14 | use crate::vm::engine::{ParkedWait, SegmentOutcome};
   |                         ^^^^^^^^^^  ^^^^^^^^^^^^^^

warning: unused import: `crate::vm::task::AutoTask`
  --> crates\auto-lang\src\tests\plan712_http_error_semantics_tests.rs:15:5
   |
15 | use crate::vm::task::AutoTask;
   |     ^^^^^^^^^^^^^^^^^^^^^^^^^

warning: unused imports: `Read` and `Write`
   --> crates\auto-lang\src\tests\plan705_spike_tests.rs:949:19
    |
949 |     use std::io::{Read, Write};
    |                   ^^^^  ^^^^^

warning: duplicated attribute
    --> crates\auto-lang\src\ui\view.rs:4678:5
     |
4678 |     #[test]
     |     ^^^^^^^

warning: duplicated attribute
   --> crates\auto-lang\src\ui\debug\inspector_cache.rs:311:5
    |
311 |     #[test]
    |     ^^^^^^^

warning: unused import: `crate::parser::Parser`
    --> crates\auto-lang\src\ui\vm_bridge.rs:5709:13
     |
5709 |         use crate::parser::Parser;
     |             ^^^^^^^^^^^^^^^^^^^^^

warning: unused import: `crate::session::CompilerSession`
    --> crates\auto-lang\src\ui\vm_bridge.rs:5710:13
     |
5710 |         use crate::session::CompilerSession;
     |             ^^^^^^^^^^^^^^^^^^^^^^^^^^^^^^^

warning: duplicated attribute
    --> crates\auto-lang\src\ui\shell_projection.rs:1440:5
     |
1440 |     #[test]
     |     ^^^^^^^

warning: unused imports: `AuraTextContent` and `aura_events_get_base`
  --> crates\auto-lang\src\ui\desktop_protocol\client_runtime.rs:16:19
   |
16 | use crate::aura::{aura_events_get_base, AuraNode, AuraPropValue, AuraTextContent};
   |                   ^^^^^^^^^^^^^^^^^^^^                           ^^^^^^^^^^^^^^^

warning: unused import: `ImageFit`
  --> crates\auto-lang\src\ui\desktop_protocol\client_runtime.rs:19:45
   |
19 |     ControlMsg, DrawList, DrawOp, FrameMsg, ImageFit, InputMsg, MouseButton, ProtocolMsg, Rgba8,
   |                                             ^^^^^^^^

warning: unused doc comment
    --> crates\auto-lang\src\ui\desktop_protocol\coverage.rs:1579:9
     |
1579 | /         ///（resolve_native_frame_mode Covered 臂 Commands，p032 报告）
1580 | |         ///——judged 跌破 95% 门即红：降级需显式裁定（台账裁定行 + 报告
1581 | |         /// 更新），禁静默回归。
     | |________________________________^
1582 |           let flip = judged_pct >= 95.0;
     |           ------------------------------ rustdoc does not generate documentation for statements
     |
     = help: use `//` for a plain comment

warning: unused import: `ControlMsg`
    --> crates\auto-lang\src\ui\desktop_protocol\endpoint.rs:1377:27
     |
1377 |             surface_role, ControlMsg, FrameMsg, ProtocolMsg, SurfaceDecl, WelcomeSurface,
     |                           ^^^^^^^^^^

warning: unused doc comment
    --> crates\auto-lang\src\ui\desktop_protocol\native_projector.rs:3743:9
     |
3743 |         /// 延后），父内容高 = 纯流内件（button 128）。
     |         ^^^^^^^^^^^^^^^^^^^^^^^^^^^^^^^^^^^^^^^^^^^^^^^ rustdoc does not generate documentation for macro invocations
     |
     = help: to document an item produced by a macro, the macro must produce the documentation as part of its expansion

warning: unused doc comment
    --> crates\auto-lang\src\ui\desktop_protocol\native_projector.rs:3722:9
     |
3722 |         ///（left 胜——CSS ltr 同语义），x = 父左 10。
     |         ^^^^^^^^^^^^^^^^^^^^^^^^^^^^^^^^^^^^^^^^^^^^^
3723 |         let (bx, by) = find("badge");
     |         ----------------------------- rustdoc does not generate documentation for statements
     |
     = help: use `//` for a plain comment

warning: unused doc comment
    --> crates\auto-lang\src\ui\desktop_protocol\native_projector.rs:3727:9
     |
3727 |         ///（ops 序 = 覆盖序，稳定排序文档序同 z）。
     |         ^^^^^^^^^^^^^^^^^^^^^^^^^^^^^^^^^^^^^^^^^^^^
3728 |         let (tx, ty) = find("tag");
     |         --------------------------- rustdoc does not generate documentation for statements
     |
     = help: use `//` for a plain comment

warning: unused import: `crate::ui::desktop_protocol::broker`
   --> crates\auto-lang\src\ui\desktop_protocol\remote.rs:244:9
    |
244 |     use crate::ui::desktop_protocol::broker;
    |         ^^^^^^^^^^^^^^^^^^^^^^^^^^^^^^^^^^^

warning: unused import: `super::*`
   --> crates\auto-lang\src\ui\desktop_protocol\remote.rs:621:9
    |
621 |     use super::*;
    |         ^^^^^^^^

warning: unused imports: `self` and `ws`
   --> crates\auto-lang\src\ui\desktop_protocol\remote.rs:622:50
    |
622 |     use crate::ui::desktop_protocol::transport::{self, ws};
    |                                                  ^^^^  ^^

warning: unused import: `crate::ui::desktop_protocol::endpoint::FrameSource`
    --> crates\auto-lang\src\ui\desktop_protocol\rqhost.rs:2263:13
     |
2263 |         use crate::ui::desktop_protocol::endpoint::FrameSource;
     |             ^^^^^^^^^^^^^^^^^^^^^^^^^^^^^^^^^^^^^^^^^^^^^^^^^^

warning: unused import: `crate::ui::desktop_protocol::endpoint::FrameSource`
    --> crates\auto-lang\src\ui\desktop_protocol\rqhost.rs:2437:13
     |
2437 |         use crate::ui::desktop_protocol::endpoint::FrameSource;
     |             ^^^^^^^^^^^^^^^^^^^^^^^^^^^^^^^^^^^^^^^^^^^^^^^^^^

warning: unused doc comment
    --> crates\auto-lang\src\ui\desktop_protocol\shell_client.rs:1109:9
     |
1109 | /         /// 按可解码即应用（wire 解码无判别位；生产宿主按 face 定载体
1110 | |         /// 不混发，D6 注记）。
     | |_________----------------------^
     |           |
     |           rustdoc does not generate documentation for macro invocations
     |
     = help: to document an item produced by a macro, the macro must produce the documentation as part of its expansion

warning: unused doc comment
   --> crates\auto-lang\src\ui\desktop_protocol\stage3.rs:581:9
    |
581 | /         /// .at 合并解析 + ensure_covered 门 + RqProjector）；native-
582 | |         /// auto-full = auto 档翻转抽样腿（resolve_native_frame_mode
583 | |         ///（Auto）裁决断言 Commands——flipped@ramp3 后缺省 queue，观测
584 | |         /// 行随行）。
    | |______________________^
585 | /         if mode == "native-full" || mode == "native-auto-full" {
586 | |             // 生产同型装载：单 app.at + path 上下文（`use` 模块声明由
587 | |             // loader 按 path 兄弟文件解析——018 book_store/021 页组件）。
588 | |             let base = concat!(env!("CARGO_MANIFEST_DIR"), "/../../examples/ui/");
...   |
614 | |             return;
615 | |         }
    | |_________- rustdoc does not generate documentation for expressions
    |
    = help: use `//` for a plain comment

warning: unused doc comment
    --> crates\auto-lang\src\ui\desktop_protocol\stage3.rs:1208:9
     |
1208 |           /// 同快照同几何 → DrawList 文本逐行全等）。
     |           ^^^^^^^^^^^^^^^^^^^^^^^^^^^^^^^^^^^^^^^^^^^^
1209 | /         {
1210 | |             use crate::ui::desktop_protocol::shell_client::ShellFaces;
1211 | |             let mut local =
1212 | |                 ShellFaces::load(geometry).expect("本地解释装配（内嵌 pin 兜底）");
...    |
1242 | |             println!("AUTO036 leg2 parity-switcher-frames PASS ({} 行)", n);
1243 | |         }
     | |_________- rustdoc does not generate documentation for expressions
     |
     = help: use `//` for a plain comment

warning: unused doc comment
    --> crates\auto-lang\src\ui\desktop_protocol\stage3.rs:1429:9
     |
1429 |           /// 回收 + 壳管线/帧不连坐。
     |           ^^^^^^^^^^^^^^^^^^^^^^^^^^^^
1430 | /         {
1431 | |             let children_len = session.desktop.outproc_children.len();
1432 | |             let mut launcher_child = session
1433 | |                 .desktop
...    |
1447 | |             );
1448 | |         }
     | |_________- rustdoc does not generate documentation for expressions
     |
     = help: use `//` for a plain comment

warning: unused import: `FrameMode`
    --> crates\auto-lang\src\ui\desktop_protocol\stage3.rs:2759:60
     |
2759 |         use crate::ui::desktop_protocol::message::{DrawOp, FrameMode, MouseButton};
     |                                                            ^^^^^^^^^

warning: unused doc comment
    --> crates\auto-lang\src\ui\desktop_protocol\stage3.rs:3068:9
     |
3068 |           /// 命中区序选（row 内第 idx 个匹配；002 的 "+" 是第三个按钮）。
     |           ^^^^^^^^^^^^^^^^^^^^^^^^^^^^^^^^^^^^^^^^^^^^^^^^^^^^^^^^^^^^^^^^
3069 | /         let twin_hit_nth = |app: &str, needle: &str, idx: usize| -> Option<(f32, f32)> {
3070 | |             twins
3071 | |                 .iter()
3072 | |                 .find(|(n, _)| n == app)
...    |
3079 | |                 })
3080 | |         };
     | |__________- rustdoc does not generate documentation for statements
     |
     = help: use `//` for a plain comment

warning: unused import: `HandshakeMsg`
    --> crates\auto-lang\src\ui\desktop_protocol\stage3.rs:3867:23
     |
3867 |             FrameMsg, HandshakeMsg, PixelFormat, ProtocolMsg, WRect,
     |                       ^^^^^^^^^^^^

warning: unused doc comment
    --> crates\auto-lang\src\ui\desktop_protocol\stage3.rs:5156:9
     |
5156 |           /// 拒收留痕腿（见尾部——native_gate_runtime_views_of_six 钉）。
     |           ^^^^^^^^^^^^^^^^^^^^^^^^^^^^^^^^^^^^^^^^^^^^^^^^^^^^^^^^^^^^^^^
5157 | /         let legs: &[(&str, &str, &str)] = &[
5158 | |             ("012-clock", "native-auto-full", "时钟 Clock"),
5159 | |             ("021-blog-viewer", "native-full", "My Blog"),
5160 | |             ("024-charts", "native-full", "图表工坊"),
5161 | |             ("046-tabs-variants", "native-full", "Alpha panel"),
5162 | |         ];
     | |__________- rustdoc does not generate documentation for statements
     |
     = help: use `//` for a plain comment

warning: unused doc comment
    --> crates\auto-lang\src\ui\desktop_protocol\stage3.rs:5289:9
     |
5289 | /         ///（truncate/codeeditor）——queue 门 ensure_covered 拒绝退出，
5290 | |         /// 缺项载荷逐字断言（I3/AC-04 纪律的 e2e 面）。
     | |________________________________________________________^
5291 | /         {
5292 | |             let base = concat!(env!("CARGO_MANIFEST_DIR"), "/../../examples/ui/");
5293 | |             for (name, want) in [
5294 | |                 ("018-book-reader", "style:truncate"),
...    |
5310 | |         }
     | |_________- rustdoc does not generate documentation for expressions
     |
     = help: use `//` for a plain comment

warning: unused import: `crate::ui_gen::nav_contract as nc`
     --> crates\auto-lang\src\ui\aura_view_builder.rs:19699:13
      |
19699 |         use crate::ui_gen::nav_contract as nc;
      |             ^^^^^^^^^^^^^^^^^^^^^^^^^^^^^^^^^

warning: unused imports: `AuraPropValue` and `AuraTextContent`
    --> crates\auto-lang\src\ui\dynamic.rs:3248:58
     |
3248 |     use crate::aura::{AuraNode, AuraStateDef, AuraEvent, AuraPropValue, AuraTextContent};
     |                                                          ^^^^^^^^^^^^^  ^^^^^^^^^^^^^^^

warning: duplicated attribute
     --> crates\auto-lang\src\ui\iced\renderer.rs:31062:5
      |
31062 |     #[test]
      |     ^^^^^^^

warning: duplicated attribute
     --> crates\auto-lang\src\ui\iced\renderer.rs:31100:5
      |
31100 |     #[test]
      |     ^^^^^^^

warning: duplicated attribute
     --> crates\auto-lang\src\ui\iced\renderer.rs:31161:5
      |
31161 |     #[test]
      |     ^^^^^^^

warning: duplicated attribute
     --> crates\auto-lang\src\ui\iced\renderer.rs:31331:5
      |
31331 |     #[test]
      |     ^^^^^^^

warning: unused import: `super::*`
     --> crates\auto-lang\src\ui\iced\renderer.rs:30344:9
      |
30344 |     use super::*;
      |         ^^^^^^^^

warning: unused import: `super::*`
  --> crates\auto-lang\src\ui\host.rs:99:9
   |
99 |     use super::*;
   |         ^^^^^^^^

warning: use of deprecated struct `ui_gen::jet::components::Material3Registry`: Use WidgetRegistry instead
   --> crates\auto-lang\src\ui_gen\jet\components.rs:168:24
    |
168 |         let registry = Material3Registry::new();
    |                        ^^^^^^^^^^^^^^^^^
    |
    = note: `#[warn(deprecated)]` on by default

warning: use of deprecated struct `ui_gen::jet::components::Material3Registry`: Use WidgetRegistry instead
   --> crates\auto-lang\src\ui_gen\jet\components.rs:176:24
    |
176 |         let registry = Material3Registry::new();
    |                        ^^^^^^^^^^^^^^^^^

warning: use of deprecated struct `ui_gen::jet::components::Material3Registry`: Use WidgetRegistry instead
   --> crates\auto-lang\src\ui_gen\jet\components.rs:184:24
    |
184 |         let registry = Material3Registry::new();
    |                        ^^^^^^^^^^^^^^^^^

warning: use of deprecated struct `ui_gen::jet::components::Material3Registry`: Use WidgetRegistry instead
   --> crates\auto-lang\src\ui_gen\jet\components.rs:192:24
    |
192 |         let registry = Material3Registry::new();
    |                        ^^^^^^^^^^^^^^^^^

warning: use of deprecated unit variant `ast::fun::ParamMode::Take`: Use 'move' instead of 'take'
  --> crates\auto-lang\src\tests\plan_088_tests.rs:30:45
   |
30 |         assert_eq!(format!("{}", ParamMode::Take), "move"); // Displays as "move" per Plan 122
   |                                             ^^^^

warning: unused attribute
   --> crates\auto-lang\src\tests\vm_file_tests.rs:486:19
    |
486 | ...e] #[ignore = "BUG: (-1).to(String) outputs '<invalid string index: 0>' — TYPE_TO_STR misidentifies negative integers as string pool indices"]
    |       ^^^^^^^^^^^^^^^^^^^^^^^^^^^^^^^^^^^^^^^^^^^^^^^^^^^^^^^^^^^^^^^^^^^^^^^^^^^^^^^^^^^^^^^^^^^^^^^^^^^^^^^^^^^^^^^^^^^^^^^^^^^^^^^^^^^^^^^^^^^ help: remove this attribute
    |
note: attribute also specified here
   --> crates\auto-lang\src\tests\vm_file_tests.rs:486:9
    |
486 | #[test] #[ignore] #[ignore = "BUG: (-1).to(String) outputs '<invalid string index: 0>' — TYPE_TO_STR misidentifies negative integer...
    |         ^^^^^^^^^
    = note: `#[warn(unused_attributes)]` (part of `#[warn(unused)]`) on by default

warning: variable does not need to be mutable
    --> crates\auto-lang\src\vm\ffi\http_server.rs:6139:30
     |
6139 |                     let (tx, mut rx) = tokio::sync::mpsc::channel::<String>(1);
     |                              ----^^
     |                              |
     |                              help: remove this `mut`

warning: unused variable: `p`
   --> crates\auto-lang\src\ast\task.rs:948:14
    |
948 |         let (p, g, _) = &on_block.handlers[0];
    |              ^ help: if this is intentional, prefix it with an underscore: `_p`
    |
    = note: `#[warn(unused_variables)]` (part of `#[warn(unused)]`) on by default

warning: unused variable: `def`
   --> crates\auto-lang\src\aura\schema.rs:333:21
    |
333 |         if let Some(def) = self.elements.get(tag) {
    |                     ^^^ help: if this is intentional, prefix it with an underscore: `_def`

warning: unreachable pattern
   --> crates\auto-lang\src\a2ui\schema.rs:485:13
    |
478 |             A2UIMessage::SurfaceUpdate(update) => match &update.components[0].body {
    |             ---------------------------------- matches all the relevant values
...
485 |             _ => panic!("Expected SurfaceUpdate"),
    |             ^ no value can reach this
    |
    = note: `#[warn(unreachable_patterns)]` (part of `#[warn(unused)]`) on by default

warning: unreachable pattern
    --> crates\auto-lang\src\ui_gen\vue.rs:9705:13
     |
9676 |             "option" | "Option" => "option".to_string(),
     |             ------------------- matches all the relevant values
...
9705 |             "option" | "Option" => "option".to_string(),
     |             ^^^^^^^^^^^^^^^^^^^ no value can reach this

warning: unused variable: `attrs`
     --> crates\auto-lang\src\ui_gen\vue.rs:21708:14
      |
21708 |         let (attrs, _slot_content, slot_children) = gen.generate_shadcn_attrs("button", &props, &events);
      |              ^^^^^ help: if this is intentional, prefix it with an underscore: `_attrs`

warning: variable does not need to be mutable
     --> crates\auto-lang\src\ui_gen\vue.rs:21781:13
      |
21781 |         let mut gen = VueGenerator::new();
      |             ----^^^
      |             |
      |             help: remove this `mut`

warning: unused variable: `attrs`
     --> crates\auto-lang\src\ui_gen\vue.rs:22367:14
      |
22367 |         let (attrs, slot_content, _) = gen.generate_shadcn_attrs("tree_item", &props, &events);
      |              ^^^^^ help: if this is intentional, prefix it with an underscore: `_attrs`

warning: unused variable: `primary_component`
     --> crates\auto-lang\src\ui_gen\vue.rs:22382:13
      |
22382 |         let primary_component =
      |             ^^^^^^^^^^^^^^^^^ help: if this is intentional, prefix it with an underscore: `_primary_component`

warning: variable does not need to be mutable
     --> crates\auto-lang\src\ui_gen\vue.rs:30144:13
      |
30144 |         let mut gen = VueGenerator::new();
      |             ----^^^
      |             |
      |             help: remove this `mut`

warning: variable does not need to be mutable
     --> crates\auto-lang\src\ui_gen\vue.rs:30149:13
      |
30149 |         let mut gen_shadcn = VueGenerator::new_shadcn();
      |             ----^^^^^^^^^^
      |             |
      |             help: remove this `mut`

warning: unused variable: `known_tags`
     --> crates\auto-lang\src\ui_gen\rust.rs:13325:13
      |
13325 |         let known_tags: &[&str] = &[
      |             ^^^^^^^^^^ help: if this is intentional, prefix it with an underscore: `_known_tags`

warning: variable does not need to be mutable
    --> crates\auto-lang\src\ui_gen\jet\generator.rs:2937:13
     |
2937 |         let mut gen = JetGenerator::new();
     |             ----^^^
     |             |
     |             help: remove this `mut`

warning: unused variable: `gen`
    --> crates\auto-lang\src\ui_gen\jet\generator.rs:2937:13
     |
2937 |         let mut gen = JetGenerator::new();
     |             ^^^^^^^ help: if this is intentional, prefix it with an underscore: `_gen`

warning: variable does not need to be mutable
   --> crates\auto-lang\src\ui_gen\jet\layout.rs:833:13
    |
833 |         let mut props = HashMap::new();
    |             ----^^^^^
    |             |
    |             help: remove this `mut`

warning: unused variable: `key`
    --> crates\auto-lang\src\ui_gen\widget\registry.rs:2854:13
     |
2854 |         let key = a.widgets.keys().next().cloned().expect("non-empty defaults");
     |             ^^^ help: if this is intentional, prefix it with an underscore: `_key`

warning: unused variable: `same_line`
     --> crates\auto-lang\src\parser.rs:17718:13
      |
17718 |         let same_line = code.replace("};
      |             ^^^^^^^^^ help: if this is intentional, prefix it with an underscore: `_same_line`

warning: unused variable: `task_id`
   --> crates\auto-lang\src\vm\abt\tests.rs:197:9
    |
197 |     let task_id = vm.spawn_task(main_entry, 16384);
    |         ^^^^^^^ help: if this is intentional, prefix it with an underscore: `_task_id`

warning: variable does not need to be mutable
  --> crates\auto-lang\src\vm\tests_parser_stack.rs:30:13
   |
30 |         let mut session = crate::compile::CompileSession::new();
   |             ----^^^^^^^
   |             |
   |             help: remove this `mut`

warning: variable does not need to be mutable
  --> crates\auto-lang\src\vm\tests_parser_stack.rs:70:13
   |
70 |         let mut session = crate::compile::CompileSession::new();
   |             ----^^^^^^^
   |             |
   |             help: remove this `mut`

warning: variable does not need to be mutable
  --> crates\auto-lang\src\vm\tests_parser_stack.rs:93:13
   |
93 |         let mut session = crate::compile::CompileSession::new();
   |             ----^^^^^^^
   |             |
   |             help: remove this `mut`

warning: variable does not need to be mutable
   --> crates\auto-lang\src\vm\tests_parser_stack.rs:112:13
    |
112 |         let mut session = crate::compile::CompileSession::new();
    |             ----^^^^^^^
    |             |
    |             help: remove this `mut`

warning: variable does not need to be mutable
   --> crates\auto-lang\src\vm\tests_parser_stack.rs:130:13
    |
130 |         let mut session = crate::compile::CompileSession::new();
    |             ----^^^^^^^
    |             |
    |             help: remove this `mut`

warning: variable does not need to be mutable
   --> crates\auto-lang\src\vm\task_system.rs:950:13
    |
950 |         let mut instance = TaskInstance::new("TestTask".to_string(), 2);
    |             ----^^^^^^^^
    |             |
    |             help: remove this `mut`

warning: unused variable: `iter_id`
     --> crates\auto-lang\src\vm\ffi\stdlib.rs:11715:23
      |
11715 |         let (task_id, iter_id, stream_id) = {
      |                       ^^^^^^^ help: if this is intentional, prefix it with an underscore: `_iter_id`

warning: variable does not need to be mutable
  --> crates\auto-lang\src\tests\plan710_supply_probes.rs:95:13
   |
95 |         let mut widget = crate::aura::extract::extract_widget_from_decl(decl).expect("extract");
   |             ----^^^^^^
   |             |
   |             help: remove this `mut`

warning: variable does not need to be mutable
   --> crates\auto-lang\src\tests\plan710_supply_probes.rs:373:13
    |
373 |         let mut widget = crate::aura::extract::extract_widget_from_decl(decl).expect("extract");
    |             ----^^^^^^
    |             |
    |             help: remove this `mut`

warning: variable does not need to be mutable
  --> crates\auto-lang\src\tests\plan716_supply_probes.rs:87:13
   |
87 |         let mut widget = crate::aura::extract::extract_widget_from_decl(decl).expect("extract");
   |             ----^^^^^^
   |             |
   |             help: remove this `mut`

warning: unused variable: `lines`
   --> crates\auto-lang\src\tests\plan716_supply_probes.rs:329:13
    |
329 |         let lines = hunks * 40; // ~19B/行 → 全尺寸≈300MB? 控制在 ~100MB：~5.2M 行
    |             ^^^^^ help: if this is intentional, prefix it with an underscore: `_lines`

warning: unused variable: `case`
   --> crates\auto-lang\src\tests\ffi_dep_parity_tests.rs:123:11
    |
123 | fn vm_leg(case: &str, src: &str) -> AutoResult<String> {
    |           ^^^^ help: if this is intentional, prefix it with an underscore: `_case`

warning: unused variable: `r`
    --> crates\auto-lang\src\tests\list_tests.rs:1006:10
     |
1006 |     let (r, s) = crate::run_with_capture(code).unwrap();
     |          ^ help: if this is intentional, prefix it with an underscore: `_r`

warning: variable does not need to be mutable
  --> crates\auto-lang\src\tests\plan066_native_widget_tests.rs:96:13
   |
96 |         let mut dc = match build_app("src/front/app.at") {
   |             ----^^
   |             |
   |             help: remove this `mut`

warning: unused variable: `out`
  --> crates\auto-lang\src\tests\plan046_obj_natives_tests.rs:48:13
   |
48 |         let out = run(
   |             ^^^ help: if this is intentional, prefix it with an underscore: `_out`

warning: variable does not need to be mutable
   --> crates\auto-lang\src\tests\plan705_spike_tests.rs:950:9
    |
950 |     let mut stream = std::net::TcpStream::connect(("127.0.0.1", server_port)).expect("connect");
    |         ----^^^^^^
    |         |
    |         help: remove this `mut`

warning: value assigned to `got` is never read
   --> crates\auto-lang\src\tests\plan707_spike_tests.rs:180:19
    |
180 |     let mut got = String::new();
    |                   ^^^^^^^^^^^^^ this value is reassigned later and never used
...
191 |             got = s;
    |             --- `got` is overwritten here before the previous value is read

warning: unused variable: `tx`
   --> crates\auto-lang\src\tests\plan707_stream_tests.rs:357:10
    |
357 |     let (tx, _rx) = tokio::sync::oneshot::channel::<()>();
    |          ^^ help: if this is intentional, prefix it with an underscore: `_tx`

warning: variable does not need to be mutable
    --> crates\auto-lang\src\ui\code_editor\core\rope.rs:1387:13
     |
1387 |         let mut r = Rope::from_str(&text);
     |             ----^
     |             |
     |             help: remove this `mut`

warning: unused variable: `fs`
    --> crates\auto-lang\src\ui\code_editor\core\mod.rs:2712:31
     |
2712 |             with_font_system(|fs| {
     |                               ^^ help: if this is intentional, prefix it with an underscore: `_fs`

warning: unused variable: `fs`
    --> crates\auto-lang\src\ui\code_editor\core\mod.rs:2798:44
     |
2798 |         let abs_bottom = with_font_system(|fs| {
     |                                            ^^ help: if this is intentional, prefix it with an underscore: `_fs`

warning: unused variable: `fs`
    --> crates\auto-lang\src\ui\code_editor\core\mod.rs:2787:37
     |
2787 |         let abs = with_font_system(|fs| {
     |                                     ^^ help: if this is intentional, prefix it with an underscore: `_fs`

warning: unused variable: `fs`
    --> crates\auto-lang\src\ui\code_editor\core\mod.rs:2873:50
     |
2873 |         let (line, vertical) = with_font_system(|fs| {
     |                                                  ^^ help: if this is intentional, prefix it with an underscore: `_fs`

warning: unused variable: `core`
    --> crates\auto-lang\src\ui\code_editor\core\mod.rs:3052:13
     |
3052 |         let core = code_editor(&key, &config);
     |             ^^^^ help: if this is intentional, prefix it with an underscore: `_core`

warning: unused variable: `core`
    --> crates\auto-lang\src\ui\code_editor\core\mod.rs:3096:13
     |
3096 |         let core = code_editor(&key, &config);
     |             ^^^^ help: if this is intentional, prefix it with an underscore: `_core`

warning: unused variable: `col`
    --> crates\auto-lang\src\ui\code_editor\core\mod.rs:3740:28
     |
3740 |                 let (line, col, _) = core.cursor_info();
     |                            ^^^ help: if this is intentional, prefix it with an underscore: `_col`

warning: variable does not need to be mutable
   --> crates\auto-lang\src\ui\code_editor\diff\envelope.rs:547:13
    |
547 |         let mut a = numbered("L", 40);
    |             ----^
    |             |
    |             help: remove this `mut`

warning: variable does not need to be mutable
    --> crates\auto-lang\src\ui\terminal\iced\widget.rs:1464:13
     |
1464 |         let mut observe =
     |             ----^^^^^^^
     |             |
     |             help: remove this `mut`

warning: unused variable: `travel`
   --> crates\auto-lang\src\ui\scroll\geometry.rs:185:13
    |
185 |         let travel = rail - min; // 150
    |             ^^^^^^ help: if this is intentional, prefix it with an underscore: `_travel`

warning: variable does not need to be mutable
   --> crates\auto-lang\src\ui\scroll\host.rs:303:13
    |
303 |         let mut inner = host;
    |             ----^^^^^
    |             |
    |             help: remove this `mut`

warning: unused variable: `warnings`
   --> crates\auto-lang\src\ui\action_config.rs:804:19
    |
804 |         let (cfg, warnings) = UiActionConfig::parse(SAMPLE).unwrap();
    |                   ^^^^^^^^ help: if this is intentional, prefix it with an underscore: `_warnings`

warning: variable does not need to be mutable
    --> crates\auto-lang\src\ui\vm_bridge.rs:4004:13
     |
4004 |         let mut bridge = VmBridge::new_from_decls(
     |             ----^^^^^^
     |             |
     |             help: remove this `mut`

warning: variable does not need to be mutable
    --> crates\auto-lang\src\ui\vm_bridge.rs:4076:13
     |
4076 |         let mut bridge = VmBridge::new_from_decls(
     |             ----^^^^^^
     |             |
     |             help: remove this `mut`

warning: variable does not need to be mutable
    --> crates\auto-lang\src\ui\vm_bridge.rs:4172:13
     |
4172 |         let mut bridge = VmBridge::new_from_decls(&decl, &[], vec![],
     |             ----^^^^^^
     |             |
     |             help: remove this `mut`

warning: variable does not need to be mutable
    --> crates\auto-lang\src\ui\vm_bridge.rs:5175:13
     |
5175 |         let mut bridge = VmBridge::new_from_decls(&decl, &[], Vec::new(), &Default::default(), false)
     |             ----^^^^^^
     |             |
     |             help: remove this `mut`

warning: unused variable: `app_src`
    --> crates\auto-lang\src\ui\vm_bridge.rs:5717:13
     |
5717 |         let app_src = match std::fs::read_to_string(front.join("app.at")) {
     |             ^^^^^^^ help: if this is intentional, prefix it with an underscore: `_app_src`

warning: variable does not need to be mutable
    --> crates\auto-lang\src\ui\session.rs:7565:13
     |
7565 |         let mut view = ds
     |             ----^^^^
     |             |
     |             help: remove this `mut`

warning: variable does not need to be mutable
    --> crates\auto-lang\src\ui\session.rs:7921:13
     |
7921 |         let mut projector = RqProjector::new(component, 480.0, 320.0);
     |             ----^^^^^^^^^
     |             |
     |             help: remove this `mut`

warning: variable does not need to be mutable
    --> crates\auto-lang\src\ui\session.rs:9279:13
     |
9279 |         let mut child = std::process::Command::new("ping")
     |             ----^^^^^
     |             |
     |             help: remove this `mut`

warning: irrefutable `if let` pattern
    --> crates\auto-lang\src\ui\desktop_protocol\native_projector.rs:3911:20
     |
3911 |                 if let TbMsg::Pick(i, v) = msg {
     |                    ^^^^^^^^^^^^^^^^^^^^^^^^^^^
     |
     = note: this pattern will always match, so the `if let` is useless
     = help: consider replacing the `if let` with a `let`

warning: irrefutable `if let` pattern
    --> crates\auto-lang\src\ui\desktop_protocol\native_projector.rs:4358:16
     |
4358 |             if let SMsg::Vol(v) = msg {
     |                ^^^^^^^^^^^^^^^^^^^^^^
     |
     = note: this pattern will always match, so the `if let` is useless
     = help: consider replacing the `if let` with a `let`

warning: irrefutable `if let` pattern
    --> crates\auto-lang\src\ui\desktop_protocol\native_projector.rs:4415:20
     |
4415 |                 if let SMsg::Vol(v) = msg {
     |                    ^^^^^^^^^^^^^^^^^^^^^^
     |
     = note: this pattern will always match, so the `if let` is useless
     = help: consider replacing the `if let` with a `let`

warning: irrefutable `if let` pattern
    --> crates\auto-lang\src\ui\desktop_protocol\native_projector.rs:4452:16
     |
4452 |             if let SbMsg::Pick(_, s) = msg {
     |                ^^^^^^^^^^^^^^^^^^^^^^^^^^^
     |
     = note: this pattern will always match, so the `if let` is useless
     = help: consider replacing the `if let` with a `let`

warning: irrefutable `if let` pattern
    --> crates\auto-lang\src\ui\desktop_protocol\native_projector.rs:4577:16
     |
4577 |             if let ScMsg::Scrolled(oy) = msg {
     |                ^^^^^^^^^^^^^^^^^^^^^^^^^^^^^
     |
     = note: this pattern will always match, so the `if let` is useless
     = help: consider replacing the `if let` with a `let`

warning: unused variable: `conn_thread`
   --> crates\auto-lang\src\ui\desktop_protocol\pixels.rs:590:13
    |
590 |         let conn_thread = std::thread::spawn(move || {
    |             ^^^^^^^^^^^ help: if this is intentional, prefix it with an underscore: `_conn_thread`

warning: variable does not need to be mutable
   --> crates\auto-lang\src\ui\desktop_protocol\remote.rs:319:13
    |
319 |         let mut remote_hello = |remote: &mut Box<dyn crate::ui::desktop_protocol::transport::Transport + Send>| {
    |             ----^^^^^^^^^^^^
    |             |
    |             help: remove this `mut`

warning: value assigned to `reclaimed` is never read
    --> crates\auto-lang\src\ui\desktop_protocol\rqhost.rs:1570:29
     |
1570 |         let mut reclaimed = false;
     |                             ^^^^^ this value is reassigned later and never used
...
1575 |                 reclaimed = true;
     |                 ---------------- `reclaimed` is overwritten here before the previous value is read

warning: value assigned to `reclaimed` is never read
    --> crates\auto-lang\src\ui\desktop_protocol\rqhost.rs:1711:29
     |
1711 |         let mut reclaimed = false;
     |                             ^^^^^ this value is reassigned later and never used
...
1719 |                 reclaimed = true;
     |                 ---------------- `reclaimed` is overwritten here before the previous value is read

warning: unused variable: `wid`
    --> crates\auto-lang\src\ui\desktop_protocol\stage3.rs:3449:17
     |
3449 |         for (i, wid) in wids.iter().enumerate() {
     |                 ^^^ help: if this is intentional, prefix it with an underscore: `_wid`

warning: unused variable: `stage`
    --> crates\auto-lang\src\ui\desktop_protocol\stage3.rs:3986:14
     |
3986 |         for (stage, want) in [1usize, 3, 5].into_iter().enumerate() {
     |              ^^^^^ help: if this is intentional, prefix it with an underscore: `_stage`

warning: variable does not need to be mutable
    --> crates\auto-lang\src\ui\desktop_protocol\stage3.rs:5710:14
     |
5710 |         let (mut app_c, _app_c_tail) = spawn_q(&auto_exe, &dir_converter, &wellknown);
     |              ----^^^^^
     |              |
     |              help: remove this `mut`

warning: variable does not need to be mutable
    --> crates\auto-lang\src\ui\desktop_protocol\stage3.rs:5722:14
     |
5722 |         let (mut app_h, app_h_tail) = spawn_q(&auto_exe, &dir_hello, &wellknown);
     |              ----^^^^^
     |              |
     |              help: remove this `mut`

warning: variable does not need to be mutable
    --> crates\auto-lang\src\ui\desktop_protocol\stage3.rs:5881:14
     |
5881 |         let (mut app_i, app_i_tail) = spawn_q(
     |              ----^^^^^
     |              |
     |              help: remove this `mut`

warning: variable does not need to be mutable
    --> crates\auto-lang\src\ui\desktop_protocol\stage3.rs:6178:14
     |
6178 |         let (mut app_fm, app_fm_tail) = spawn_q(&auto_exe, &dir_fm, &wellknown);
     |              ----^^^^^^
     |              |
     |              help: remove this `mut`

warning: variable does not need to be mutable
    --> crates\auto-lang\src\ui\desktop_protocol\stage3.rs:6198:14
     |
6198 |         let (mut app_c, _app_c_tail) = spawn_q(&auto_exe, &dir_conv, &wellknown);
     |              ----^^^^^
     |              |
     |              help: remove this `mut`

warning: variable does not need to be mutable
    --> crates\auto-lang\src\ui\desktop_protocol\stage3.rs:6222:13
     |
6222 |         let mut direct = direct.spawn().expect("spawn auto run -r vm 直挂");
     |             ----^^^^^^
     |             |
     |             help: remove this `mut`

warning: variable does not need to be mutable
   --> crates\auto-lang\src\ui\desktop_protocol\transport.rs:917:17
    |
917 |             let mut client =
    |                 ----^^^^^^
    |                 |
    |                 help: remove this `mut`

warning: unused variable: `other`
     --> crates\auto-lang\src\ui\aura_view_builder.rs:19455:13
      |
19455 |             other => panic!("期望 Row（flex 行）,得到其他布局"),
      |             ^^^^^ help: if this is intentional, prefix it with an underscore: `_other`

warning: variable does not need to be mutable
     --> crates\auto-lang\src\ui\aura_view_builder.rs:22764:13
      |
22764 |         let mut bridge = VmBridge::new(&host).unwrap();
      |             ----^^^^^^
      |             |
      |             help: remove this `mut`

warning: variable does not need to be mutable
     --> crates\auto-lang\src\ui\aura_view_builder.rs:22887:13
      |
22887 |         let mut bridge = VmBridge::new(&host).unwrap();
      |             ----^^^^^^
      |             |
      |             help: remove this `mut`

warning: variable does not need to be mutable
     --> crates\auto-lang\src\ui\aura_view_builder.rs:22945:13
      |
22945 |         let mut bridge = VmBridge::new(&host).unwrap();
      |             ----^^^^^^
      |             |
      |             help: remove this `mut`

warning: variable does not need to be mutable
     --> crates\auto-lang\src\ui\aura_view_builder.rs:23008:13
      |
23008 |         let mut bridge = VmBridge::new(&host).unwrap();
      |             ----^^^^^^
      |             |
      |             help: remove this `mut`

warning: value assigned to `v2` is never read
     --> crates\auto-lang\src\ui\aura_view_builder.rs:23132:22
      |
23132 |         let mut v2 = build_once(&bridge);
      |                      ^^^^^^^^^^^^^^^^^^^ this value is reassigned later and never used
...
23135 |             v2 = build_once(&bridge);
      |             -- `v2` is overwritten here before the previous value is read

warning: variable does not need to be mutable
     --> crates\auto-lang\src\ui\aura_view_builder.rs:23848:13
      |
23848 |         let mut bridge = VmBridge::new(&widget).unwrap();
      |             ----^^^^^^
      |             |
      |             help: remove this `mut`

warning: variable does not need to be mutable
     --> crates\auto-lang\src\ui\aura_view_builder.rs:23933:13
      |
23933 |         let mut bridge = VmBridge::new(&widget).unwrap();
      |             ----^^^^^^
      |             |
      |             help: remove this `mut`

warning: variable does not need to be mutable
    --> crates\auto-lang\src\ui\dynamic.rs:4081:13
     |
4081 |         let mut comp = comp;
     |             ----^^^^
     |             |
     |             help: remove this `mut`

warning: variable does not need to be mutable
    --> crates\auto-lang\src\ui\dynamic.rs:5485:13
     |
5485 |         let mut comp = build(&src);
     |             ----^^^^
     |             |
     |             help: remove this `mut`

warning: variable does not need to be mutable
    --> crates\auto-lang\src\ui\dynamic.rs:5520:13
     |
5520 |         let mut comp = build(&src);
     |             ----^^^^
     |             |
     |             help: remove this `mut`

warning: variable does not need to be mutable
    --> crates\auto-lang\src\ui\dynamic.rs:5605:13
     |
5605 |         let mut comp = build(&src);
     |             ----^^^^
     |             |
     |             help: remove this `mut`

warning: variable does not need to be mutable
    --> crates\auto-lang\src\ui\dynamic.rs:5621:13
     |
5621 |         let mut comp = build(&src);
     |             ----^^^^
     |             |
     |             help: remove this `mut`

warning: variable does not need to be mutable
    --> crates\auto-lang\src\ui\dynamic.rs:5683:13
     |
5683 |         let mut comp = build(&src);
     |             ----^^^^
     |             |
     |             help: remove this `mut`

warning: unused variable: `db`
     --> crates\auto-lang\src\ui\iced\renderer.rs:30015:22
      |
30015 |         let (fb, ab, db) = (bg_of(&focus), bg_of(&active), bg_of(&disabled));
      |                      ^^ help: if this is intentional, prefix it with an underscore: `_db`

warning: variable does not need to be mutable
     --> crates\auto-lang\src\ui\iced\renderer.rs:32855:13
      |
32855 |         let mut ds = t3_session_with_shell();
      |             ----^^
      |             |
      |             help: remove this `mut`

warning: unused variable: `ds`
     --> crates\auto-lang\src\ui\iced\renderer.rs:32855:13
      |
32855 |         let mut ds = t3_session_with_shell();
      |             ^^^^^^ help: if this is intentional, prefix it with an underscore: `_ds`

warning: variable does not need to be mutable
    --> crates\auto-lang\src\lib.rs:7485:13
     |
7485 |         let mut cs = crate::compile::CompileSession::new();
     |             ----^^
     |             |
     |             help: remove this `mut`

warning: variable does not need to be mutable
    --> crates\auto-lang\src\lib.rs:7503:13
     |
7503 |         let mut cs = crate::compile::CompileSession::new();
     |             ----^^
     |             |
     |             help: remove this `mut`

warning: variable does not need to be mutable
   --> crates\auto-lang\src\tests\p614_tree_vm_probe.rs:252:14
    |
252 |     let Some(mut dc) =
    |              ----^^
    |              |
    |              help: remove this `mut`

warning: variable does not need to be mutable
   --> crates\auto-lang\src\tests\p618_filter_tree_probe.rs:123:14
    |
123 |     let Some(mut dc) = crate::plan370_test_support::build_component_from_app(&manifest) else {
    |              ----^^
    |              |
    |              help: remove this `mut`

warning: type `sendinput::Input` is more private than the item `sendinput::unicode_inputs`
  --> crates\auto-lang\src\ui\desktop_protocol\sendinput.rs:89:1
   |
89 | pub fn unicode_inputs(text: &str) -> Vec<Input> {
   | ^^^^^^^^^^^^^^^^^^^^^^^^^^^^^^^^^^^^^^^^^^^^^^^ function `sendinput::unicode_inputs` is reachable at visibility `pub`
   |
note: but type `sendinput::Input` is only usable at visibility `pub(self)`
  --> crates\auto-lang\src\ui\desktop_protocol\sendinput.rs:54:1
   |
54 | struct Input {
   | ^^^^^^^^^^^^

warning: type `sendinput::Input` is more private than the item `sendinput::vk_inputs`
   --> crates\auto-lang\src\ui\desktop_protocol\sendinput.rs:100:1
    |
100 | pub fn vk_inputs(vk: u32) -> Vec<Input> {
    | ^^^^^^^^^^^^^^^^^^^^^^^^^^^^^^^^^^^^^^^ function `sendinput::vk_inputs` is reachable at visibility `pub`
    |
note: but type `sendinput::Input` is only usable at visibility `pub(self)`
   --> crates\auto-lang\src\ui\desktop_protocol\sendinput.rs:54:1
    |
 54 | struct Input {
    | ^^^^^^^^^^^^

warning: function `test_pattern_to_handler_name` is never used
     --> crates\auto-lang\src\ui_gen\vue.rs:21382:8
      |
21382 |     fn test_pattern_to_handler_name() {
      |        ^^^^^^^^^^^^^^^^^^^^^^^^^^^^

warning: function `test_actions_menubar_synthesis` is never used
     --> crates\auto-lang\src\ui_gen\vue.rs:24825:8
      |
24825 |     fn test_actions_menubar_synthesis() {
      |        ^^^^^^^^^^^^^^^^^^^^^^^^^^^^^^

warning: function `escape_analysis_summary` is never used
     --> crates\auto-lang\src\trans\rust.rs:24704:15
      |
24704 | pub(crate) fn escape_analysis_summary(code: &str) -> std::collections::HashMap<AutoStr, usize> {
      |               ^^^^^^^^^^^^^^^^^^^^^^^

warning: function `set_life_permit_capacity_for_test` is never used
    --> crates\auto-lang\src\vm\ffi\http_server.rs:4590:15
     |
4590 | pub(crate) fn set_life_permit_capacity_for_test(cap: usize) {
     |               ^^^^^^^^^^^^^^^^^^^^^^^^^^^^^^^^^

warning: function `life_permit_available` is never used
    --> crates\auto-lang\src\vm\ffi\http_server.rs:4746:15
     |
4746 | pub(crate) fn life_permit_available() -> usize {
     |               ^^^^^^^^^^^^^^^^^^^^^

warning: function `stream_limits` is never used
   --> crates\auto-lang\src\vm\ffi\http_stream.rs:113:15
    |
113 | pub(crate) fn stream_limits() -> StreamLimits {
    |               ^^^^^^^^^^^^^

warning: field `qualified_methods` is never read
  --> crates\auto-lang\src\tests\a2r_std_signature_parity.rs:33:5
   |
22 | struct PairOpt {
   |        ------- field in this struct
...
33 |     qualified_methods: bool,
   |     ^^^^^^^^^^^^^^^^^

warning: constant `CASES` is never used
  --> crates\auto-lang\src\tests\ffi_dep_parity_tests.rs:23:7
   |
23 | const CASES: &[&str] = &["016_dep_abi_matrix", "017_dep_lifecycle", "018_dep_fields", "020_dep_traits_generics", "021_dep_callback"];
   |       ^^^^^

warning: field `seed` is never read
  --> crates\auto-lang\src\tests\test_util\program_generator.rs:40:5
   |
34 | pub struct ProgramGenerator {
   |            ---------------- field in this struct
...
40 |     seed: u64,
   |     ^^^^

warning: method `seed` is never used
  --> crates\auto-lang\src\tests\test_util\program_generator.rs:54:12
   |
43 | impl ProgramGenerator {
   | --------------------- method in this implementation
...
54 |     pub fn seed(&self) -> u64 {
   |            ^^^^

warning: function `collect_snapshot` is never used
  --> crates\auto-lang\src\tests\plan639_bp_tests.rs:33:4
   |
33 | fn collect_snapshot(node: &crate::aura::AuraNode, tags: &mut Vec<String>, texts: &mut Vec<String>) {
   |    ^^^^^^^^^^^^^^^^

warning: function `locate_app_at` is never used
  --> crates\auto-lang\src\plan370_test_support.rs:21:15
   |
21 | pub(crate) fn locate_app_at() -> Option<PathBuf> {
   |               ^^^^^^^^^^^^^

warning: function `test_grid_map_msg_remaps_cells` is never used
    --> crates\auto-lang\src\ui\view.rs:4736:8
     |
4736 |     fn test_grid_map_msg_remaps_cells() {
     |        ^^^^^^^^^^^^^^^^^^^^^^^^^^^^^^

warning: function `backfill_bounds_sets_bounds_and_box_model` is never used
   --> crates\auto-lang\src\ui\debug\inspector_cache.rs:319:8
    |
319 |     fn backfill_bounds_sets_bounds_and_box_model() {
    |        ^^^^^^^^^^^^^^^^^^^^^^^^^^^^^^^^^^^^^^^^^

warning: function `wire_round_trip_full_family` is never used
    --> crates\auto-lang\src\ui\shell_projection.rs:1614:8
     |
1614 |     fn wire_round_trip_full_family() {
     |        ^^^^^^^^^^^^^^^^^^^^^^^^^^^

warning: function `example_source_all` is never used
   --> crates\auto-lang\src\ui\desktop_protocol\stage3.rs:349:8
    |
349 |     fn example_source_all(dir: &str) -> String {
    |        ^^^^^^^^^^^^^^^^^^

warning: variant `ScrollMoved` is never constructed
   --> crates\auto-lang\src\ui\desktop_protocol\stage3.rs:412:9
    |
410 |     pub enum P029Msg {
    |              ------- variant in this enum
411 |         BufChanged,
412 |         ScrollMoved(f32, f32),
    |         ^^^^^^^^^^^
    |
    = note: `P029Msg` has derived impls for the traits `Debug` and `Clone`, but these are intentionally ignored during dead code analysis

warning: function `quads_of` is never used
    --> crates\auto-lang\src\ui\desktop_protocol\stage3.rs:2603:12
     |
2603 |         fn quads_of(ops: &[DrawOp]) -> Vec<(f32, f32, f32, f32)> {
     |            ^^^^^^^^

warning: struct `RECT` is never constructed
    --> crates\auto-lang\src\ui\desktop_protocol\stage3.rs:5430:16
     |
5430 |         struct RECT {
     |                ^^^^

warning: function `lparam_of` is never used
    --> crates\auto-lang\src\ui\desktop_protocol\stage3.rs:5514:16
     |
5514 |         pub fn lparam_of(x: i32, y: i32) -> isize {
     |                ^^^^^^^^^

warning: function `test_autodown_widget_true_render` is never used
     --> crates\auto-lang\src\ui\aura_view_builder.rs:16276:8
      |
16276 |     fn test_autodown_widget_true_render() {
      |        ^^^^^^^^^^^^^^^^^^^^^^^^^^^^^^^^

warning: field `0` is never read
     --> crates\auto-lang\src\ui\iced\renderer.rs:31697:9
      |
31696 |     struct StorageTestIsolation(
      |            -------------------- field in this struct
31697 |         std::sync::MutexGuard<'static, ()>,
      |         ^^^^^^^^^^^^^^^^^^^^^^^^^^^^^^^^^^
      |
help: consider changing the field to be of unit type to suppress this warning while preserving the field numbering, or remove the field
      |
31697 -         std::sync::MutexGuard<'static, ()>,
31697 +         (),
      |

warning: field `0` is never read
     --> crates\auto-lang\src\ui\iced\renderer.rs:34889:16
      |
34889 |         Toggle(bool),
      |         ------ ^^^^
      |         |
      |         field in this variant
      |
      = note: `TestMessage` has derived impls for the traits `Debug` and `Clone`, but these are intentionally ignored during dead code analysis
help: consider changing the field to be of unit type to suppress this warning while preserving the field numbering, or remove the field
      |
34889 -         Toggle(bool),
34889 +         Toggle(()),
      |

warning: struct `HostFixture` is never constructed
  --> crates\auto-lang\src\tests\plan632_demo_bridge_tests.rs:21:8
   |
21 | struct HostFixture {
   |        ^^^^^^^^^^^

warning: struct `Fixture` is never constructed
  --> crates\auto-lang\src\tests\plan633_fullstack_embed_tests.rs:16:8
   |
16 | struct Fixture {
   |        ^^^^^^^

warning: comparison is useless due to type limits
     --> crates\auto-lang\src\vm\ffi\stdlib.rs:11723:21
      |
11723 |             assert!(iter_id >= 0, "subscribe returns a real iterator id, got {iter_id}");
      |                     ^^^^^^^^^^^^
      |
      = note: `#[warn(unused_comparisons)]` on by default

warning: calls to `std::str::from_utf8` with an invalid literal always return an error
   --> crates\auto-lang\src\tests\ffi_tests.rs:238:20
    |
237 |     let bytes: &[u8] = &[0xFF, 0xFE];
    |                         ------------ the literal was valid UTF-8 up to the 0 bytes
238 |     let utf8_err = std::str::from_utf8(bytes).unwrap_err();
    |                    ^^^^^^^^^^^^^^^^^^^^^^^^^^
    |
    = note: `#[warn(invalid_from_utf8)]` on by default

warning: using `.clone()` on a double reference, which returns `&view::View<ui::interpreter::bridge::DynamicMessage>` instead of cloning the inner type
   --> crates\auto-lang\src\tests\plan536_t1_reactive_probe_tests.rs:613:69
    |
613 |             View::Button { label, .. } if label == "noz-x" => Some(v.clone()),
    |                                                                     ^^^^^^^^
    |
    = note: `#[warn(suspicious_double_ref_op)]` on by default

warning: function `test_prop_initialized_state_var_sees_defineProps_first` should have a snake case name
  --> crates\auto-lang\src\tests\autodown_codegen_debts_tests.rs:32:8
   |
32 |     fn test_prop_initialized_state_var_sees_defineProps_first() {
   |        ^^^^^^^^^^^^^^^^^^^^^^^^^^^^^^^^^^^^^^^^^^^^^^^^^^^^^^ help: convert the identifier to snake case: `test_prop_initialized_state_var_sees_define_props_first`

warning: function `test_vfor_unknown_source_reports_R012_error` should have a snake case name
  --> crates\auto-lang\src\tests\autodown_codegen_debts_tests.rs:64:8
   |
64 |     fn test_vfor_unknown_source_reports_R012_error() {
   |        ^^^^^^^^^^^^^^^^^^^^^^^^^^^^^^^^^^^^^^^^^^^ help: convert the identifier to snake case: `test_vfor_unknown_source_reports_r012_error`

warning: function `test_vfor_known_sources_report_no_R012` should have a snake case name
   --> crates\auto-lang\src\tests\autodown_codegen_debts_tests.rs:107:8
    |
107 |     fn test_vfor_known_sources_report_no_R012() {
    |        ^^^^^^^^^^^^^^^^^^^^^^^^^^^^^^^^^^^^^^ help: convert the identifier to snake case: `test_vfor_known_sources_report_no_r012`

warning: calls to `std::mem::drop` with a reference instead of an owned value does nothing
    --> crates\auto-lang\src\ui\session.rs:8773:9
     |
8773 |         drop(host);
     |         ^^^^^----^
     |              |
     |              argument has type `&mut HostCtx`
     |
     = note: `#[warn(dropping_references)]` on by default
help: use `let _ = ...` to ignore the expression or result
     |
8773 -         drop(host);
8773 +         let _ = host;
     |

warning: calls to `std::mem::drop` with a reference instead of an owned value does nothing
    --> crates\auto-lang\src\ui\session.rs:8795:9
     |
8795 |         drop(host);
     |         ^^^^^----^
     |              |
     |              argument has type `&HostCtx`
     |
help: use `let _ = ...` to ignore the expression or result
     |
8795 -         drop(host);
8795 +         let _ = host;
     |

warning: calls to `std::mem::drop` with a reference instead of an owned value does nothing
    --> crates\auto-lang\src\ui\session.rs:8805:9
     |
8805 |         drop(host);
     |         ^^^^^----^
     |              |
     |              argument has type `&HostCtx`
     |
help: use `let _ = ...` to ignore the expression or result
     |
8805 -         drop(host);
8805 +         let _ = host;
     |

warning: calls to `std::mem::drop` with a reference instead of an owned value does nothing
    --> crates\auto-lang\src\ui\session.rs:8810:9
     |
8810 |         drop(host);
     |         ^^^^^----^
     |              |
     |              argument has type `&HostCtx`
     |
help: use `let _ = ...` to ignore the expression or result
     |
8810 -         drop(host);
8810 +         let _ = host;
     |

warning: calls to `std::mem::drop` with a reference instead of an owned value does nothing
    --> crates\auto-lang\src\ui\session.rs:8835:9
     |
8835 |         drop(host);
     |         ^^^^^----^
     |              |
     |              argument has type `&HostCtx`
     |
help: use `let _ = ...` to ignore the expression or result
     |
8835 -         drop(host);
8835 +         let _ = host;
     |

warning: calls to `std::mem::drop` with a reference instead of an owned value does nothing
    --> crates\auto-lang\src\ui\session.rs:8846:9
     |
8846 |         drop(host);
     |         ^^^^^----^
     |              |
     |              argument has type `&HostCtx`
     |
help: use `let _ = ...` to ignore the expression or result
     |
8846 -         drop(host);
8846 +         let _ = host;
     |

warning: unused `iced::Task` that must be used
    --> crates\auto-lang\src\ui\desktop_protocol\stage3.rs:1246:9
     |
1246 |         crate::ui::iced::renderer::summon_launcher(&mut session);
     |         ^^^^^^^^^^^^^^^^^^^^^^^^^^^^^^^^^^^^^^^^^^^^^^^^^^^^^^^^
     |
     = note: `Task` must be returned to the runtime to take effect; normally in your `update` or `new` functions.
help: use `let _ = ...` to ignore the resulting value
     |
1246 |         let _ = crate::ui::iced::renderer::summon_launcher(&mut session);
     |         +++++++

warning: unused `std::result::Result` that must be used
    --> crates\auto-lang\src\ui\desktop_protocol\stage3.rs:3638:9
     |
3638 | /         server_end.send(&ph.endpoint.close().unwrap_or(
3639 | |             crate::ui::desktop_protocol::message::ProtocolMsg::Handshake(
3640 | |                 crate::ui::desktop_protocol::message::HandshakeMsg::Ready))); // no-op 填充，真实断连靠 drop
     | |____________________________________________________________________________^
     |
     = note: this `Result` may be an `Err` variant, which should be handled
help: use `let _ = ...` to ignore the resulting value
     |
3638 |         let _ = server_end.send(&ph.endpoint.close().unwrap_or(
     |         +++++++

warning: direct cast of function item into an integer
    --> crates\auto-lang\src\ui\desktop_protocol\stage3.rs:5461:37
     |
5461 |                 EnumWindows(on_enum as isize, &ctx as *const RefCell<Ctx> as isize);
     |                                     ^^^^^^^^
     |
help: first cast to a pointer `as *const ()`
     |
5461 |                 EnumWindows(on_enum as *const () as isize, &ctx as *const RefCell<Ctx> as isize);
     |                                     ++++++++++++

warning: direct cast of function item into an integer
    --> crates\auto-lang\src\ui\desktop_protocol\stage3.rs:5501:37
     |
5501 |                 EnumWindows(on_enum as isize, &ctx as *const RefCell<Ctx> as isize);
     |                                     ^^^^^^^^
     |
help: first cast to a pointer `as *const ()`
     |
5501 |                 EnumWindows(on_enum as *const () as isize, &ctx as *const RefCell<Ctx> as isize);
     |                                     ++++++++++++

warning: unused `std::result::Result` that must be used
     --> crates\auto-lang\src\ui\aura_view_builder.rs:19255:9
      |
19255 | /         bridge.write_state(
19256 | |             "mentionNames",
19257 | |             Value::Array(auto_val::Array::from(vec![
19258 | |                 Value::Str("assistant".into()),
19259 | |                 Value::Str("Planner".into()),
19260 | |             ])),
19261 | |         );
      | |_________^
      |
      = note: this `Result` may be an `Err` variant, which should be handled
help: use `let _ = ...` to ignore the resulting value
      |
19255 |         let _ = bridge.write_state(
      |         +++++++

warning: calls to `std::mem::drop` with a reference instead of an owned value does nothing
     --> crates\auto-lang\src\ui\iced\renderer.rs:14003:5
      |
14003 |     drop(host);
      |     ^^^^^----^
      |          |
      |          argument has type `&HostCtx`
      |
help: use `let _ = ...` to ignore the expression or result
      |
14003 -     drop(host);
14003 +     let _ = host;
      |

warning: calls to `std::mem::drop` with a reference instead of an owned value does nothing
     --> crates\auto-lang\src\ui\iced\renderer.rs:31132:9
      |
31132 |         drop(app);
      |         ^^^^^---^
      |              |
      |              argument has type `&AppSession`
      |
help: use `let _ = ...` to ignore the expression or result
      |
31132 -         drop(app);
31132 +         let _ = app;
      |

warning: calls to `std::mem::drop` with a reference instead of an owned value does nothing
     --> crates\auto-lang\src\ui\iced\renderer.rs:31905:9
      |
31905 |         drop(host);
      |         ^^^^^----^
      |              |
      |              argument has type `&HostCtx`
      |
help: use `let _ = ...` to ignore the expression or result
      |
31905 -         drop(host);
31905 +         let _ = host;
      |

warning: unused `std::result::Result` that must be used
     --> crates\auto-lang\src\ui\iced\renderer.rs:33598:9
      |
33598 |         crate::ui::desktop_config::save_to(&cfg_path, &cfg);
      |         ^^^^^^^^^^^^^^^^^^^^^^^^^^^^^^^^^^^^^^^^^^^^^^^^^^^
      |
      = note: this `Result` may be an `Err` variant, which should be handled
help: use `let _ = ...` to ignore the resulting value
      |
33598 |         let _ = crate::ui::desktop_config::save_to(&cfg_path, &cfg);
      |         +++++++

warning: unused `std::result::Result` that must be used
     --> crates\auto-lang\src\ui\iced\renderer.rs:33617:9
      |
33617 |         crate::ui::desktop_config::save(&ds.desktop.config);
      |         ^^^^^^^^^^^^^^^^^^^^^^^^^^^^^^^^^^^^^^^^^^^^^^^^^^^
      |
      = note: this `Result` may be an `Err` variant, which should be handled
help: use `let _ = ...` to ignore the resulting value
      |
33617 |         let _ = crate::ui::desktop_config::save(&ds.desktop.config);
      |         +++++++

warning: `EnumWindows` redeclared with a different signature
    --> crates\auto-lang\src\ui\desktop_protocol\stage3.rs:5418:13
     |
5418 |             fn EnumWindows(lpEnumFunc: isize, lParam: isize) -> i32;
     |             ^^^^^^^^^^^^^^^^^^^^^^^^^^^^^^^^^^^^^^^^^^^^^^^^^^^^^^^^ this signature doesn't match the previous declaration
     |
    ::: crates\auto-lang\src\vm\native.rs:1632:9
     |
1632 |         fn EnumWindows(cb: extern "system" fn(isize, isize) -> i32, lparam: isize) -> i32;
     |         ---------------------------------------------------------------------------------- `EnumWindows` previously declared here
     |
     = note: expected `unsafe extern "system" fn(extern "system" fn(isize, isize) -> i32, isize) -> i32`
                found `unsafe extern "system" fn(isize, isize) -> i32`

warning: variable does not need to be mutable
    --> crates\auto-lang\tests\schema_drift.rs:1119:9
     |
1119 |     let mut union = |parent: &mut BTreeMap<String, String>, a: &str, b: &str| {
     |         ----^^^^^
     |         |
     |         help: remove this `mut`
     |
     = note: `#[warn(unused_mut)]` (part of `#[warn(unused)]`) on by default

warning: unused variable: `allowed_folds`
    --> crates\auto-lang\tests\schema_drift.rs:1994:9
     |
1994 |     let allowed_folds: BTreeSet<String> =
     |         ^^^^^^^^^^^^^ help: if this is intentional, prefix it with an underscore: `_allowed_folds`
     |
     = note: `#[warn(unused_variables)]` (part of `#[warn(unused)]`) on by default

warning: field `tag` is never read
   --> crates\auto-lang\tests\schema_drift.rs:314:5
    |
313 | struct RsElement {
    |        --------- field in this struct
314 |     tag: String,
    |     ^^^
    |
    = note: `#[warn(dead_code)]` (part of `#[warn(unused)]`) on by default

warning: function `scan_vue_imports` is never used
   --> crates\auto-lang\tests\schema_drift.rs:650:4
    |
650 | fn scan_vue_imports(src: &str) -> BTreeMap<String, String> {
    |    ^^^^^^^^^^^^^^^^

warning: field `prod_union` is never read
    --> crates\auto-lang\tests\schema_drift.rs:1065:5
     |
1062 | struct AtGenInput {
     |        ---------- field in this struct
...
1065 |     prod_union: BTreeSet<String>,
     |     ^^^^^^^^^^

warning: `auto-lang` (lib test) generated 523 warnings (316 duplicates) (run `cargo fix --lib -p auto-lang --tests` to apply 122 suggestions)
warning: `auto-lang` (test "schema_drift") generated 5 warnings (run `cargo fix --test "schema_drift" -p auto-lang` to apply 2 suggestions)
    Finished `test` profile [unoptimized + debuginfo] target(s) in 0.95s
────────────
 Nextest run ID 1aaf6fa1-f501-421b-ad45-738de5652408 with nextest profile: default
    Starting 4972 tests across 4 binaries (1534 tests skipped, including 1022 tests via profile.default.default-filter)
        PASS [   0.081s] (   1/4972) auto-lang a2r_std::tests::test_list_basic
        PASS [   0.097s] (   2/4972) auto-lang a2r_std::tests::test_list_pop
        PASS [   0.098s] (   3/4972) auto-lang api::integration_tests::tests::test_complex_types
        PASS [   0.099s] (   4/4972) auto-lang a2ui::export::tests::test_export_unsupported_component
        PASS [   0.116s] (   5/4972) auto-lang a2ui::schema::tests::test_tabs_no_variant_backward_compat
        PASS [   0.116s] (   6/4972) auto-lang api::integration_tests::tests::test_full_axum_generation
        PASS [   0.116s] (   7/4972) auto-lang api::integration_tests::tests::test_empty_module
        PASS [   0.117s] (   8/4972) auto-lang a2ui::export::tests::test_export_button_action
        PASS [   0.129s] (   9/4972) auto-lang a2ui::schema::tests::test_value_string
        PASS [   0.131s] (  10/4972) auto-lang a2ui::import::tests::test_roundtrip_counter
        PASS [   0.132s] (  11/4972) auto-lang a2ui::schema::tests::test_value_path
        PASS [   0.146s] (  12/4972) auto-lang a2ui::import::tests::test_import_simple_text
        PASS [   0.147s] (  13/4972) auto-lang a2ui::schema::tests::test_tabs_variant_roundtrip
        PASS [   0.147s] (  14/4972) auto-lang a2ui::import::tests::test_import_nested_layout
        PASS [   0.147s] (  15/4972) auto-lang a2ui::schema::tests::test_serialize_surface_update
        PASS [   0.173s] (  16/4972) auto-lang a2ui::schema::tests::test_deserialize_surface_update
        PASS [   0.173s] (  17/4972) auto-lang a2ui::export::tests::test_export_counter
        PASS [   0.192s] (  18/4972) auto-lang a2ui::import::tests::test_import_button_with_action
        PASS [   0.193s] (  19/4972) auto-lang a2ui::schema::tests::test_roundtrip_complex
        PASS [   0.193s] (  20/4972) auto-lang api::integration_tests::tests::test_frontend_name_generation
        PASS [   0.210s] (  21/4972) auto-lang a2ui::import::tests::test_import_path_binding_creates_state
        PASS [   0.113s] (  22/4972) auto-lang api::integration_tests::tests::test_full_typescript_generation
        PASS [   0.130s] (  23/4972) auto-lang api::integration_tests::tests::test_full_tauri_generation
        PASS [   0.210s] (  24/4972) auto-lang a2r_std::tests::test_may
        PASS [   0.110s] (  25/4972) auto-lang api::targets::axum::tests::test_extract_path_params
        PASS [   0.128s] (  26/4972) auto-lang api::integration_tests::tests::test_target_trait
        PASS [   0.110s] (  27/4972) auto-lang api::targets::axum::tests::test_to_pascal_case
        PASS [   0.129s] (  28/4972) auto-lang api::integration_tests::tests::test_method_inference
        PASS [   0.123s] (  29/4972) auto-lang api::targets::tauri::tests::test_generate_command
        PASS [   0.124s] (  30/4972) auto-lang api::targets::tauri::tests::test_to_rust_type
        PASS [   0.138s] (  31/4972) auto-lang api::integration_tests::tests::test_typescript_all_files
        PASS [   0.140s] (  32/4972) auto-lang api::targets::typescript::tests::test_generate_fetch_function_brace_path_param
        PASS [   0.125s] (  33/4972) auto-lang api::targets::typescript::tests::test_generate_fetch_function_colon_path_param
        PASS [   0.140s] (  34/4972) auto-lang api::targets::typescript::tests::test_generate_fetch_function
        PASS [   0.141s] (  35/4972) auto-lang api::targets::typescript::tests::test_to_ts_type_tuple_and_stream
        PASS [   0.141s] (  36/4972) auto-lang api::targets::typescript::tests::test_generate_interface
        PASS [   0.142s] (  37/4972) auto-lang api::targets::typescript::tests::test_to_ts_type
        PASS [   0.111s] (  38/4972) auto-lang api::tests::test_parse_method_annotation
        PASS [   0.131s] (  39/4972) auto-lang api::tests::test_parse_custom_attribute
        PASS [   0.131s] (  40/4972) auto-lang api::tests::test_parse_cache_attribute
        PASS [   0.126s] (  41/4972) auto-lang api::tests::test_parse_multiple_attributes
        PASS [   0.130s] (  42/4972) auto-lang api::tests::test_parse_simple_annotation
        PASS [   0.139s] (  43/4972) auto-lang api::type_extraction_tests::test_extract_type_definition
        PASS [   0.139s] (  44/4972) auto-lang api::type_extraction_tests::test_extract_endpoint_captures_body
        PASS [   0.138s] (  45/4972) auto-lang api::types::tests::test_infer_frontend_name
        PASS [   0.138s] (  46/4972) auto-lang api::types::tests::test_explicit_attrs
        PASS [   0.139s] (  47/4972) auto-lang api::types::tests::test_infer_path
        PASS [   0.139s] (  48/4972) auto-lang api::types::tests::test_infer_method
        PASS [   0.139s] (  49/4972) auto-lang ast::body::tests::test_body_to_atom_empty
        PASS [   0.154s] (  50/4972) auto-lang ast::body::tests::test_body_to_atom_single_expr
        PASS [   0.141s] (  51/4972) auto-lang ast::branch::tests::test_branch_to_atom
        PASS [   0.128s] (  52/4972) auto-lang ast::call::tests::test_arg_to_atom_name
        PASS [   0.141s] (  53/4972) auto-lang ast::call::tests::test_arg_to_atom_pair
        PASS [   0.125s] (  54/4972) auto-lang ast::call::tests::test_args_to_atom_with_args
        PASS [   0.125s] (  55/4972) auto-lang ast::call::tests::test_arg_to_atom_pos
        PASS [   0.154s] (  56/4972) auto-lang ast::call::tests::test_args_to_atom_empty
        PASS [   0.153s] (  57/4972) auto-lang ast::call::tests::test_call_to_atom_with_return_type
        PASS [   0.154s] (  58/4972) auto-lang ast::call::tests::test_call_to_atom_with_args
        PASS [   0.155s] (  59/4972) auto-lang ast::call::tests::test_call_to_atom_simple
        PASS [   0.154s] (  60/4972) auto-lang ast::comptime::tests::test_hash_for_display
        PASS [   0.154s] (  61/4972) auto-lang ast::comptime::tests::test_hash_if_display
        PASS [   0.155s] (  62/4972) auto-lang ast::comptime::tests::test_hash_brace_display
        PASS [   0.124s] (  63/4972) auto-lang ast::ext::tests::test_ext_equality
        PASS [   0.154s] (  64/4972) auto-lang ast::comptime::tests::test_hash_is_display
        PASS [   0.150s] (  65/4972) auto-lang ast::ext::tests::test_ext_creation
        PASS [   0.140s] (  66/4972) auto-lang ast::ext::tests::test_ext_with_fields
        PASS [   0.157s] (  67/4972) auto-lang ast::ext::tests::test_ext_display
        PASS [   0.157s] (  68/4972) auto-lang ast::ext::tests::test_ext_display_with_fields
        PASS [   0.157s] (  69/4972) auto-lang ast::ext::tests::test_ext_to_node_with_fields
        PASS [   0.154s] (  70/4972) auto-lang ast::fun::tests::test_fn_to_atom
        PASS [   0.139s] (  71/4972) auto-lang ast::fun::tests::test_param_to_atom
        PASS [   0.154s] (  72/4972) auto-lang ast::ext::tests::test_ext_with_trait_name
        PASS [   0.141s] (  73/4972) auto-lang ast::markdown_tests::test_02_exprs
        PASS [   0.155s] (  74/4972) auto-lang ast::markdown_tests::test_01_literals
        PASS [   0.141s] (  75/4972) auto-lang ast::markdown_tests::test_03_functions
        PASS [   0.156s] (  76/4972) auto-lang ast::hold::tests::test_hold_display
        PASS [   0.167s] (  77/4972) auto-lang ast::markdown_tests::test_04_controls
        PASS [   0.142s] (  78/4972) auto-lang ast::module_path::tests::test_dep_path
        PASS [   0.126s] (  79/4972) auto-lang ast::module_path::tests::test_pac_path
        PASS [   0.141s] (  80/4972) auto-lang ast::module_path::tests::test_local_path
        PASS [   0.142s] (  81/4972) auto-lang ast::markdown_tests::test_06_errors
        PASS [   0.159s] (  82/4972) auto-lang ast::markdown_tests::test_05_types
        PASS [   0.139s] (  83/4972) auto-lang ast::module_path::tests::test_with_items
        PASS [   0.140s] (  84/4972) auto-lang ast::module_path::tests::test_super_path
        PASS [   0.144s] (  85/4972) auto-lang ast::parsers::tests::test_parse_arrow
        PASS [   0.143s] (  86/4972) auto-lang ast::parsers::tests::test_parse_expr
        PASS [   0.111s] (  87/4972) auto-lang ast::parsers::tests::test_parse_on_events
        PASS [   0.111s] (  88/4972) auto-lang ast::parsers::tests::test_parse_name
        PASS [   0.144s] (  89/4972) auto-lang ast::parsers::tests::test_parse_code
        PASS [   0.122s] (  90/4972) auto-lang ast::route::tests::test_routes_block_default
        PASS [   0.137s] (  91/4972) auto-lang ast::route::tests::test_route_def_new
        PASS [   0.138s] (  92/4972) auto-lang ast::route::tests::test_extract_route_params
        PASS [   0.142s] (  93/4972) auto-lang ast::route::tests::test_routes_block
        PASS [   0.142s] (  94/4972) auto-lang ast::route::tests::test_routes_block_with_routes
        PASS [   0.141s] (  95/4972) auto-lang ast::spec::tests::test_spec_atom_with_associated_types_balanced
        PASS [   0.141s] (  96/4972) auto-lang ast::spec::tests::test_spec_atom_without_associated_types_keeps_shape
        PASS [   0.140s] (  97/4972) auto-lang ast::spec::tests::test_spec_decl_with_generic_params
        PASS [   0.141s] (  98/4972) auto-lang ast::spec::tests::test_spec_decl_display
        PASS [   0.108s] (  99/4972) auto-lang ast::spec::tests::test_spec_method_with_params
        PASS [   0.130s] ( 100/4972) auto-lang ast::spec::tests::test_spec_get_method
        PASS [   0.110s] ( 101/4972) auto-lang ast::spec::tests::test_spec_has_method
        PASS [   0.135s] ( 102/4972) auto-lang ast::task::tests::test_literal_value_char
        PASS [   0.136s] ( 103/4972) auto-lang ast::task::tests::test_literal_value_bool
        PASS [   0.153s] ( 104/4972) auto-lang ast::task::tests::test_literal_value_equality
        PASS [   0.139s] ( 105/4972) auto-lang ast::task::tests::test_literal_value_float
        PASS [   0.138s] ( 106/4972) auto-lang ast::task::tests::test_task_attr_single
        PASS [   0.156s] ( 107/4972) auto-lang ast::task::tests::test_literal_value_int
        PASS [   0.138s] ( 108/4972) auto-lang ast::task::tests::test_task_def_new
        PASS [   0.153s] ( 109/4972) auto-lang ast::task::tests::test_literal_value_string
        PASS [   0.153s] ( 110/4972) auto-lang ast::task::tests::test_task_def_add_state
        PASS [   0.154s] ( 111/4972) auto-lang ast::task::tests::test_literal_value_uint
        PASS [   0.153s] ( 112/4972) auto-lang ast::task::tests::test_task_msg_pattern_equality
        PASS [   0.154s] ( 113/4972) auto-lang ast::task::tests::test_task_def_single
        PASS [   0.153s] ( 114/4972) auto-lang ast::task::tests::test_task_msg_pattern_literal
        PASS [   0.152s] ( 115/4972) auto-lang ast::task::tests::test_task_msg_pattern_simple
        PASS [   0.152s] ( 116/4972) auto-lang ast::task::tests::test_task_msg_pattern_literal_equality
        PASS [   0.136s] ( 117/4972) auto-lang ast::task::tests::test_task_on_block_add_handler
        PASS [   0.153s] ( 118/4972) auto-lang ast::task::tests::test_task_msg_pattern_with_bindings
        PASS [   0.155s] ( 119/4972) auto-lang ast::task::tests::test_task_msg_pattern_type_binding
        PASS [   0.154s] ( 120/4972) auto-lang ast::task::tests::test_task_on_block_add_handler_with_guard
        PASS [   0.155s] ( 121/4972) auto-lang ast::task::tests::test_task_on_block_with_context
        PASS [   0.155s] ( 122/4972) auto-lang ast::task::tests::test_task_on_block_set_else
        PASS [   0.156s] ( 123/4972) auto-lang ast::task::tests::test_task_on_block_new
        PASS [   0.129s] ( 124/4972) auto-lang ast::ui::tests::test_msg_decl
        PASS [   0.140s] ( 125/4972) auto-lang ast::ui::tests::test_view_node_element
        PASS [   0.137s] ( 126/4972) auto-lang ast::ui::tests::test_widget_decl
        PASS [   0.137s] ( 127/4972) auto-lang ast::ui::tests::test_view_node_text
        PASS [   0.141s] ( 128/4972) auto-lang ast::use_::plan131_tests::test_use_with_items
        PASS [   0.141s] ( 129/4972) auto-lang ast::use_::plan131_tests::test_use_legacy_paths_backward_compat
        PASS [   0.142s] ( 130/4972) auto-lang ast::use_::plan131_tests::test_use_to_node_with_module_path
        PASS [   0.140s] ( 131/4972) auto-lang ast::use_::plan131_tests::test_use_with_super_prefix
        PASS [   0.140s] ( 132/4972) auto-lang ast::use_::plan131_tests::test_use_with_pac_prefix
        PASS [   0.140s] ( 133/4972) auto-lang ast::use_::plan131_tests::test_use_write_atom_with_module_path
        PASS [   0.130s] ( 134/4972) auto-lang aura::atom::tests::test_escape_string
        PASS [   0.112s] ( 135/4972) auto-lang aura::atom::tests::test_to_atom_with_children
        PASS [   0.112s] ( 136/4972) auto-lang aura::atom::tests::test_type_to_string
        PASS [   0.130s] ( 137/4972) auto-lang aura::atom::tests::test_module_to_atom
        PASS [   0.130s] ( 138/4972) auto-lang aura::atom::tests::test_to_atom_simple_widget
        PASS [   0.137s] ( 139/4972) auto-lang aura::element_coverage::tests::element_counts_add_up
        PASS [   0.138s] ( 140/4972) auto-lang aura::extract::tests::test_extract_fstr_bindings
        PASS [   0.138s] ( 141/4972) auto-lang aura::extract::tests::test_extract_inline_lambda_events
        PASS [   0.140s] ( 142/4972) auto-lang aura::element_coverage::tests::element_table_tags_unique
        PASS [   0.140s] ( 143/4972) auto-lang aura::extract::tests::test_extract_inline_lambda_in_view_fn_fragment
        PASS [   0.140s] ( 144/4972) auto-lang aura::extract::tests::test_extract_preserves_event_key_modifiers
        PASS [   0.139s] ( 145/4972) auto-lang aura::extract::tests::test_extract_view_tree_text
        PASS [   0.156s] ( 146/4972) auto-lang aura::extract::tests::test_wire_form_submit_absent_button_noop
        PASS [   0.130s] ( 147/4972) auto-lang aura::extract::tests::test_wire_form_submit_respects_explicit_onenter
        PASS [   0.144s] ( 148/4972) auto-lang aura::extract::tests::test_wire_form_submit_inputs_enter_to_submit_button
        PASS [   0.109s] ( 149/4972) auto-lang aura::schema::tests::test_element_props
        PASS [   0.130s] ( 150/4972) auto-lang aura::extract::tests::test_wire_form_submit_skips_textarea
        PASS [   0.141s] ( 151/4972) auto-lang aura::schema::tests::test_schema_creation
        PASS [   0.141s] ( 152/4972) auto-lang aura::schema::tests::test_prop_type_names
        PASS [   0.155s] ( 153/4972) auto-lang aura::schema::tests::test_elements_by_category
        PASS [   0.154s] ( 154/4972) auto-lang aura::schema::tests::test_similar_suggestions
        PASS [   0.138s] ( 155/4972) auto-lang aura::schema::tests::test_widget_blocks
        PASS [   0.192s] ( 156/4972) auto-lang aura::schema::tests::scroll_pane_props_and_alias
        PASS [   0.162s] ( 157/4972) auto-lang aura::schema_loader::tests::test_resolve_type
        PASS [   0.180s] ( 158/4972) auto-lang aura::schema_loader::tests::test_parse_const
        PASS [   0.182s] ( 159/4972) auto-lang aura::schema_loader::tests::test_load_schema
        PASS [   0.147s] ( 160/4972) auto-lang aura::types::tests::test_aura_events_get_base
        PASS [   0.191s] ( 161/4972) auto-lang aura::schema_loader::tests::test_new_elements
        PASS [   0.151s] ( 162/4972) auto-lang aura::types::tests::test_aura_message
        PASS [   0.171s] ( 163/4972) auto-lang aura::schema_loader::tests::test_schema_from_content
        PASS [   0.145s] ( 164/4972) auto-lang aura::types::tests::test_aura_node_text
        PASS [   0.161s] ( 165/4972) auto-lang aura::types::tests::test_aura_node_element
        PASS [   0.146s] ( 166/4972) auto-lang aura::types::tests::test_aura_route
        PASS [   0.141s] ( 167/4972) auto-lang aura::types::tests::test_aura_routes
        PASS [   0.168s] ( 168/4972) auto-lang aura::types::tests::test_aura_route_from_route_def
        PASS [   0.157s] ( 169/4972) auto-lang aura::types::tests::test_aura_widget
        PASS [   0.157s] ( 170/4972) auto-lang aura::types::tests::test_aura_state_def
        PASS [   0.158s] ( 171/4972) auto-lang aura::types::tests::test_aura_routes_from_routes_block
        PASS [   0.183s] ( 172/4972) auto-lang aura::types::tests::test_logic_payload
        PASS [   0.155s] ( 173/4972) auto-lang aura::types::tests::test_widget_logic_and_view_split
        PASS [   0.174s] ( 174/4972) auto-lang aura::validate::tests::test_auto_imported_widgets
        PASS [   0.162s] ( 175/4972) auto-lang aura::validate::tests::test_format_errors
        PASS [   0.161s] ( 176/4972) auto-lang aura::validate::tests::test_levenshtein_distance
        PASS [   0.137s] ( 177/4972) auto-lang aura::validate::tests::test_missing_import_error_format
        PASS [   0.176s] ( 178/4972) auto-lang aura::types::tests::test_split_aura_event_key
        PASS [   0.177s] ( 179/4972) auto-lang aura::validate::tests::test_schema_validation
        PASS [   0.165s] ( 180/4972) auto-lang autodown::ast::tests::test_document_creation
        PASS [   0.191s] ( 181/4972) auto-lang aura::validate::tests::test_unknown_element_suggestion
        PASS [   0.170s] ( 182/4972) auto-lang autodown::ast::tests::test_math_creation
        PASS [   0.208s] ( 183/4972) auto-lang aura::validate::tests::test_valid_element
        PASS [   0.182s] ( 184/4972) auto-lang autodown::ast::tests::test_expression
        PASS [   0.199s] ( 185/4972) auto-lang aura::validate::tests::test_valid_element_with_children
        PASS [   0.174s] ( 186/4972) auto-lang autodown::ast::tests::test_paragraph_creation
        PASS [   0.213s] ( 187/4972) auto-lang aura::validate::tests::test_validator_creation
        PASS [   0.209s] ( 188/4972) auto-lang aura::validate::tests::test_widget_available_auto_imported
        PASS [   0.210s] ( 189/4972) auto-lang aura::validate::tests::test_widget_available_explicit_import
        PASS [   0.181s] ( 190/4972) auto-lang autodown::ast::tests::test_section_creation
        PASS [   0.211s] ( 191/4972) auto-lang aura::validate::tests::test_widget_available_multiple_imports
        PASS [   0.181s] ( 192/4972) auto-lang autodown::cell::tests::test_extract_all_types
        PASS [   0.195s] ( 193/4972) auto-lang autodown::cell::tests::test_extract_multiple_dependencies
        PASS [   0.170s] ( 194/4972) auto-lang autodown::cell::tests::test_extract_single_directive
        PASS [   0.149s] ( 195/4972) auto-lang autodown::cell::tests::test_lexer_skips_comments
        PASS [   0.169s] ( 196/4972) auto-lang autodown::cell::tests::test_extract_with_dependency
        PASS [   0.166s] ( 197/4972) auto-lang autodown::cell::tests::test_ignore_invalid_directives
        PASS [   0.166s] ( 198/4972) auto-lang autodown::cell::tests::test_ignore_duplicate_ids
        PASS [   0.166s] ( 199/4972) auto-lang autodown::cell::tests::test_lexer_inline_comment
        PASS [   0.179s] ( 200/4972) auto-lang autodown::cell::tests::test_split_into_cells_with_preamble
        PASS [   0.141s] ( 201/4972) auto-lang autodown::cell::tests::test_split_no_directives
        PASS [   0.137s] ( 202/4972) auto-lang autodown::cell::tests::test_split_no_preamble
        PASS [   0.137s] ( 203/4972) auto-lang autodown::cell::tests::test_try_extract_with_errors
        PASS [   0.137s] ( 204/4972) auto-lang autodown::lexer::tests::test_lexer_interpolation
        PASS [   0.138s] ( 205/4972) auto-lang autodown::lexer::tests::test_lexer_header
        PASS [   0.139s] ( 206/4972) auto-lang autodown::lexer::tests::test_lexer_basic_text
        PASS [   0.139s] ( 207/4972) auto-lang autodown::math::tests::test_typst_sum
        PASS [   0.153s] ( 208/4972) auto-lang autodown::lexer::tests::test_lexer_math
        PASS [   0.140s] ( 209/4972) auto-lang autodown::math::tests::test_latex_sum
        PASS [   0.154s] ( 210/4972) auto-lang autodown::parser::tests::test_parse_list
        PASS [   0.154s] ( 211/4972) auto-lang autodown::parser::tests::test_parse_math
        PASS [   0.174s] ( 212/4972) auto-lang autodown::trans::html::tests::test_html_escape
        PASS [   0.174s] ( 213/4972) auto-lang autodown::parser::tests::test_parse_simple_document
        PASS [   0.174s] ( 214/4972) auto-lang autodown::trans::html::tests::test_html_inline_bold
        PASS [   0.174s] ( 215/4972) auto-lang autodown::trans::html::tests::test_html_transpiler_basic
        PASS [   0.175s] ( 216/4972) auto-lang autodown::trans::html::tests::test_html_inline_text
        PASS [   0.173s] ( 217/4972) auto-lang autodown::trans::typst::tests::test_typst_list
        PASS [   0.173s] ( 218/4972) auto-lang autodown::trans::typst::tests::test_typst_math
        PASS [   0.172s] ( 219/4972) auto-lang autodown::trans::typst::tests::test_typst_simple_document
        PASS [   0.192s] ( 220/4972) auto-lang autovm_persistent::tests::plan585_loop_concat_system_strings_repl_parity
        PASS [   0.192s] ( 221/4972) auto-lang autovm_persistent::tests::plan585_repl_constants_pinned_after_run
        PASS [   0.190s] ( 222/4972) auto-lang autovm_persistent::tests::test_autovm_repl_let_rebinding
        PASS [   0.190s] ( 223/4972) auto-lang autovm_persistent::tests::test_autovm_repl_list_type_preservation
        PASS [   0.190s] ( 224/4972) auto-lang autovm_persistent::tests::test_autovm_session_create
        PASS [   0.172s] ( 225/4972) auto-lang autovm_persistent::tests::test_autovm_session_reset
        PASS [   0.191s] ( 226/4972) auto-lang autovm_persistent::tests::test_autovm_session_functions
        PASS [   0.187s] ( 227/4972) auto-lang autovm_persistent::tests::test_autovm_session_simple_arithmetic
        PASS [   0.187s] ( 228/4972) auto-lang autovm_persistent::tests::test_autovm_session_stats
        PASS [   0.194s] ( 229/4972) auto-lang autovm_persistent::tests::test_autovm_task_reuse_variable_persistence
        PASS [   0.205s] ( 230/4972) auto-lang autovm_persistent::tests::test_autovm_undefined_variable_error
        PASS [   0.190s] ( 231/4972) auto-lang autovm_persistent::tests::test_debug_to_int_native_id
        PASS [   0.219s] ( 232/4972) auto-lang autovm_persistent::tests::test_autovm_task_stack_state
        PASS [   0.204s] ( 233/4972) auto-lang autovm_persistent::tests::test_debug_to_uint_native_id
        PASS [   0.200s] ( 234/4972) auto-lang autovm_persistent::tests::test_get_var_string_reads_toplevel_let
        PASS [   0.201s] ( 235/4972) auto-lang autovm_persistent::tests::test_get_all_vars_includes_toplevel_var
        PASS [   0.217s] ( 236/4972) auto-lang autovm_persistent::tests::test_get_var_string_reads_toplevel_var
        PASS [   0.204s] ( 237/4972) auto-lang autovm_persistent::tests::test_to_int_arithmetic
        PASS [   0.204s] ( 238/4972) auto-lang autovm_repl::tests::test_autovm_repl_create
        PASS [   0.220s] ( 239/4972) auto-lang autovm_persistent::tests::test_hashmap_get_str_missing_key
        PASS [   0.221s] ( 240/4972) auto-lang autovm_persistent::tests::test_plan378_to_uint_large_value_not_truncated
        PASS [   0.190s] ( 241/4972) auto-lang autovm_repl::tests::test_autovm_repl_default
        PASS [   0.180s] ( 242/4972) auto-lang back_prefix::tests::guard_scopes_overlay_and_dir_predicate_filters
        PASS [   0.199s] ( 243/4972) auto-lang compile::tests::test_circular_dependency_detected
        PASS [   0.200s] ( 244/4972) auto-lang back_prefix::tests::subdir_modules_under_front_dir_are_transformed
        PASS [   0.172s] ( 245/4972) auto-lang compile::tests::test_clear
        PASS [   0.213s] ( 246/4972) auto-lang back_prefix::tests::route_page_fetch_reaches_proxied_root_when_guard_active
        PASS [   0.172s] ( 247/4972) auto-lang compile::tests::test_compile_session_new
        PASS [   0.187s] ( 248/4972) auto-lang compile::tests::test_compile_once_convenience
        PASS [   0.188s] ( 249/4972) auto-lang compile::tests::test_compile_multiple_files
        PASS [   0.188s] ( 250/4972) auto-lang compile::tests::test_compile_source_simple
        PASS [   0.166s] ( 251/4972) auto-lang compile::tests::test_empty_source
        PASS [   0.154s] ( 252/4972) auto-lang compile::tests::test_file_changed
        PASS [   0.167s] ( 253/4972) auto-lang compile::tests::test_file_no_change
        PASS [   0.185s] ( 254/4972) auto-lang compile::tests::test_get_fragment_by_name
        PASS [   0.185s] ( 255/4972) auto-lang compile::tests::test_fragment_iface_hash_storage
        PASS [   0.157s] ( 256/4972) auto-lang compile::tests::test_import_chain
        PASS [   0.172s] ( 257/4972) auto-lang compile::tests::test_import_diamond
        PASS [   0.157s] ( 258/4972) auto-lang compile::tests::test_interface_hash_changed_signature_change
        PASS [   0.155s] ( 259/4972) auto-lang compile::tests::test_list_functions
        PASS [   0.155s] ( 260/4972) auto-lang comptime::transformer::tests::test_builtin_constants
        PASS [   0.095s] ( 261/4972) auto-lang database::tests::test_artifact_management
        PASS [   0.156s] ( 262/4972) auto-lang compile::tests::test_interface_hash_unchanged_body_change
        PASS [   0.183s] ( 263/4972) auto-lang compile::tests::test_stats
        PASS [   0.186s] ( 264/4972) auto-lang comptime::transformer::tests::test_compile_error_intrinsic
        PASS [   0.155s] ( 265/4972) auto-lang comptime::transformer::tests::test_is_truthy
        PASS [   0.171s] ( 266/4972) auto-lang comptime::transformer::tests::test_values_equal
        PASS [   0.185s] ( 267/4972) auto-lang config::tests::test_default_classes_config_toggle
        PASS [   0.185s] ( 268/4972) auto-lang config::tests::test_injected_bool_arg
        PASS [   0.186s] ( 269/4972) auto-lang config::tests::test_injected_object_arg_field_access
        PASS [   0.170s] ( 270/4972) auto-lang database::tests::test_clear_dirty_flag
        PASS [   0.170s] ( 271/4972) auto-lang database::tests::test_clear_all_dirty_flags
        PASS [   0.247s] ( 272/4972) auto-lang compile::tests::test_no_circular_dependency
        PASS [   0.185s] ( 273/4972) auto-lang database::tests::test_bytecode_cache
        PASS [   0.201s] ( 274/4972) auto-lang config::tests::test_on_off_builtin_config_globals
        PASS [   0.185s] ( 275/4972) auto-lang database::tests::test_clear_fragment_hashes
        PASS [   0.169s] ( 276/4972) auto-lang database::tests::test_dep_graph_file_level
        PASS [   0.169s] ( 277/4972) auto-lang database::tests::test_database_new
        PASS [   0.172s] ( 278/4972) auto-lang database::tests::test_dep_graph_fragment_level
        PASS [   0.187s] ( 279/4972) auto-lang database::tests::test_cur_spot
        PASS [   0.168s] ( 280/4972) auto-lang database::tests::test_get_dirty_files
        PASS [   0.169s] ( 281/4972) auto-lang database::tests::test_get_all_artifacts
        PASS [   0.187s] ( 282/4972) auto-lang database::tests::test_fragment_id
        PASS [   0.196s] ( 283/4972) auto-lang database::tests::test_get_dirty_fragments
        PASS [   0.186s] ( 284/4972) auto-lang database::tests::test_get_files
        PASS [   0.214s] ( 285/4972) auto-lang database::tests::test_get_file_id_by_path
        PASS [   0.172s] ( 286/4972) auto-lang database::tests::test_hash_file
        PASS [   0.187s] ( 287/4972) auto-lang database::tests::test_get_fragments_by_file
        PASS [   0.170s] ( 288/4972) auto-lang database::tests::test_insert_source
        PASS [   0.172s] ( 289/4972) auto-lang database::tests::test_insert_source_update_existing
        PASS [   0.172s] ( 290/4972) auto-lang database::tests::test_is_file_dirty_changed
        PASS [   0.156s] ( 291/4972) auto-lang database::tests::test_is_file_dirty_new_file
        PASS [   0.186s] ( 292/4972) auto-lang database::tests::test_is_fragment_dirty
        PASS [   0.186s] ( 293/4972) auto-lang database::tests::test_is_file_dirty_unchanged
        PASS [   0.185s] ( 294/4972) auto-lang database::tests::test_mark_transpiled
        PASS [   0.201s] ( 295/4972) auto-lang database::tests::test_lambda_counter
        PASS [   0.174s] ( 296/4972) auto-lang database::tests::test_propagate_dirty_recursive
        PASS [   0.203s] ( 297/4972) auto-lang database::tests::test_mark_file_dirty
        PASS [   0.190s] ( 298/4972) auto-lang database::tests::test_propagate_dirty
        PASS [   0.188s] ( 299/4972) auto-lang database::tests::test_remove_file
        PASS [   0.171s] ( 300/4972) auto-lang database::tests::test_remove_file_clears_hash
        PASS [   0.185s] ( 301/4972) auto-lang database::tests::test_scope_to_symbol_table_migration
        PASS [   0.199s] ( 302/4972) auto-lang database::tests::test_scope_management
        PASS [   0.200s] ( 303/4972) auto-lang database::tests::test_set_and_get_fragment_iface_hash
        PASS [   0.171s] ( 304/4972) auto-lang database::tests::test_symbol_table_get_mut
        PASS [   0.217s] ( 305/4972) auto-lang database::tests::test_spec_management
        PASS [   0.191s] ( 306/4972) auto-lang database::tests::test_symbol_table_and_scope_coexistence
        PASS [   0.187s] ( 307/4972) auto-lang database::tests::test_symbol_table_insert_get
        PASS [   0.188s] ( 308/4972) auto-lang database::tests::test_symbol_table_fields_preservation
        PASS [   0.174s] ( 309/4972) auto-lang database::tests::test_symbol_table_remove
        PASS [   0.201s] ( 310/4972) auto-lang database::tests::test_type_alias_management
        PASS [   0.184s] ( 311/4972) auto-lang database::ui_artifact::tests::test_ui_backend_display
        PASS [   0.200s] ( 312/4972) auto-lang database::tests::test_type_cache
        PASS [   0.200s] ( 313/4972) auto-lang database::ui_artifact::tests::test_ui_backend_from_str
        PASS [   0.187s] ( 314/4972) auto-lang database::ui_cache::tests::test_fingerprint_appeared_or_disappeared_invalidates
        PASS [   0.187s] ( 315/4972) auto-lang database::ui_cache::tests::test_cache_new
        PASS [   0.188s] ( 316/4972) auto-lang database::ui_cache::tests::test_fingerprint_mismatch_invalidates_all
        PASS [   0.189s] ( 317/4972) auto-lang database::ui_cache::tests::test_fingerprint_match_retained
        PASS [   0.171s] ( 318/4972) auto-lang database::ui_cache::tests::test_is_dirty_changed_file
        PASS [   0.172s] ( 319/4972) auto-lang database::ui_cache::tests::test_is_dirty_new_file
        PASS [   0.199s] ( 320/4972) auto-lang database::ui_cache::tests::test_is_dirty_unchanged_file
        PASS [   0.202s] ( 321/4972) auto-lang database::ui_cache::tests::test_version1_cache_without_fingerprint_discarded
        PASS [   0.203s] ( 322/4972) auto-lang database::ui_cache::tests::test_save_and_load
        PASS [   0.174s] ( 323/4972) auto-lang dep::tests::test_scanner_no_calls
        PASS [   0.187s] ( 324/4972) auto-lang dep_scanner::tests::test_dep_types
        PASS [   0.171s] ( 325/4972) auto-lang dep_scanner::tests::test_scan_dep_with_features
        PASS [   0.170s] ( 326/4972) auto-lang dep_scanner::tests::test_scan_dep_with_path
        PASS [   0.189s] ( 327/4972) auto-lang dep_scanner::tests::test_scan_dep_skip_comments
        PASS [   0.171s] ( 328/4972) auto-lang dep_scanner::tests::test_scan_dep_with_git
        PASS [   0.185s] ( 329/4972) auto-lang dep_scanner::tests::test_scan_dep_with_version
        PASS [   0.198s] ( 330/4972) auto-lang design_tokens::decl::tests::compose_overrides_and_normalizes
        PASS [   0.199s] ( 331/4972) auto-lang dep_scanner::tests::test_scan_simple_dep
        PASS [   0.189s] ( 332/4972) auto-lang design_tokens::decl::tests::depth_limit_and_cycle
        PASS [   0.189s] ( 333/4972) auto-lang design_tokens::decl::tests::named_chain_layering_and_mode_inheritance
        PASS [   0.173s] ( 334/4972) auto-lang design_tokens::decl::tests::negative_cases
        PASS [   0.189s] ( 335/4972) auto-lang design_tokens::recipe::tests::test_plan635_cross_package_deps_layout
        PASS [   0.173s] ( 336/4972) auto-lang design_tokens::recipe::tests::test_plan635_name_collision_is_error
        PASS [   0.172s] ( 337/4972) auto-lang design_tokens::recipe::tests::test_plan635_named_import_registers_and_desugars
        PASS [   0.173s] ( 338/4972) auto-lang design_tokens::recipe::tests::test_plan635_named_import_non_pub_is_error
        PASS [   0.172s] ( 339/4972) auto-lang design_tokens::recipe::tests::test_plan635_transitive_import
        PASS [   0.190s] ( 340/4972) auto-lang design_tokens::recipe::tests::test_plan635_wildcard_imports_pub_only
        PASS [   0.189s] ( 341/4972) auto-lang design_tokens::recipe::tests::test_style_recipe_desugar_engine
        PASS [   0.189s] ( 342/4972) auto-lang design_tokens::recipe::tests::test_style_recipe_in_widget_extraction
        PASS [   0.175s] ( 343/4972) auto-lang design_tokens::recipe::tests::test_style_recipe_lint_palette_warnings
        PASS [   0.173s] ( 344/4972) auto-lang design_tokens::registry::tests::dual_face_consistency
        PASS [   0.174s] ( 345/4972) auto-lang design_tokens::recipe::tests::test_style_recipe_semantic_validation
        PASS [   0.174s] ( 346/4972) auto-lang design_tokens::registry::tests::accent_table_fingerprint
        PASS [   0.201s] ( 347/4972) auto-lang design_tokens::registry::tests::render_fingerprint
        PASS [   0.186s] ( 348/4972) auto-lang design_tokens::registry::tests::scaffold_extended_tokens_dual_face
        PASS [   0.173s] ( 349/4972) auto-lang design_tokens::registry::tests::theme_palettes_js_shape
        PASS [   0.173s] ( 350/4972) auto-lang execution_engine::tests::test_default_engine
        PASS [   0.191s] ( 351/4972) auto-lang design_tokens::registry::tests::themes_core_complete
        PASS [   0.173s] ( 352/4972) auto-lang execution_engine::tests::test_engine_from_env
        PASS [   0.173s] ( 353/4972) auto-lang ffi::tests::test_ffi_bridge_creation
        PASS [   0.192s] ( 354/4972) auto-lang ffi::tests::test_c_signature_creation
        PASS [   0.190s] ( 355/4972) auto-lang ffi::tests::test_ffi_registry
        PASS [   0.174s] ( 356/4972) auto-lang ffi::tests::test_get_function_id
        PASS [   0.198s] ( 357/4972) auto-lang ffi::tests::test_register_c_function
        PASS [   0.216s] ( 358/4972) auto-lang ffi::tests::test_register_c_function_rejects_unloadable_library
        PASS [   0.172s] ( 359/4972) auto-lang ffi::tests::test_rust_signature_creation
        PASS [   0.171s] ( 360/4972) auto-lang hash::tests::test_hash_ast_consistent
        PASS [   0.171s] ( 361/4972) auto-lang ffi::tests::test_with_library_exposes_only_loaded_libraries
        PASS [   0.217s] ( 362/4972) auto-lang hash::tests::test_hash_different_types
        PASS [   0.189s] ( 363/4972) auto-lang hash::tests::test_hash_interface_different_name
        PASS [   0.174s] ( 364/4972) auto-lang hash::tests::test_hash_interface_different_params
        PASS [   0.484s] ( 365/4972) auto-lang design_tokens::recipe::tests::test_plan635_example_fixture_vue_chain
        PASS [   0.187s] ( 366/4972) auto-lang hash::tests::test_hash_interface_different_return_type
        PASS [   0.169s] ( 367/4972) auto-lang hash::tests::test_hash_interface_ignores_body
        PASS [   0.182s] ( 368/4972) auto-lang hash::tests::test_hash_interface_same_signature
        PASS [   0.201s] ( 369/4972) auto-lang hash::tests::test_hash_text_consistent
        PASS [   0.196s] ( 370/4972) auto-lang implicit_union::tests::test_add_literal_dedup
        PASS [   0.210s] ( 371/4972) auto-lang implicit_union::tests::test_add_literal_string
        PASS [   0.515s] ( 372/4972) auto-lang design_tokens::recipe::tests::test_style_recipe_in_vue_gen
        PASS [   0.561s] ( 373/4972) auto-lang design_tokens::recipe::tests::test_plan635_vue_chain_expands_imported_recipe
        PASS [   0.228s] ( 374/4972) auto-lang implicit_union::tests::test_empty_union
        PASS [   0.242s] ( 375/4972) auto-lang implicit_union::tests::test_add_type_binding
        PASS [   0.248s] ( 376/4972) auto-lang implicit_union::tests::test_from_on_block
        PASS [   0.230s] ( 377/4972) auto-lang implicit_union::tests::test_generate_c_enum
        PASS [   0.228s] ( 378/4972) auto-lang implicit_union::tests::test_generate_rust_enum
        PASS [   0.418s] ( 379/4972) auto-lang ffi::tests::test_rust_ffi_bridge_creation
        PASS [   0.400s] ( 380/4972) auto-lang ffi::tests::test_rust_ffi_get_function_id
        PASS [   0.401s] ( 381/4972) auto-lang ffi::tests::test_rust_ffi_bridge_sandbox
        PASS [   0.232s] ( 382/4972) auto-lang implicit_union::tests::test_generate_rust_enum_int
        PASS [   0.246s] ( 383/4972) auto-lang implicit_union::tests::test_implicit_union_new
        PASS [   0.200s] ( 384/4972) auto-lang implicit_union::tests::test_literal_to_variant_name_bool
        PASS [   0.231s] ( 385/4972) auto-lang implicit_union::tests::test_literal_to_variant_name_string
        PASS [   0.231s] ( 386/4972) auto-lang implicit_union::tests::test_literal_to_variant_name_int
        PASS [   0.231s] ( 387/4972) auto-lang implicit_union::tests::test_type_binding_to_variant_name
        PASS [   0.245s] ( 388/4972) auto-lang implicit_union::tests::test_to_pascal_case
        PASS [   0.233s] ( 389/4972) auto-lang implicit_union::tests::test_variant_count
        PASS [   0.247s] ( 390/4972) auto-lang implicit_union::tests::test_type_to_rust_type
        PASS [   0.246s] ( 391/4972) auto-lang indexer::tests::test_index_ast_empty
        PASS [   0.217s] ( 392/4972) auto-lang indexer::tests::test_index_function
        PASS [   0.233s] ( 393/4972) auto-lang indexer::tests::test_index_ast_with_function
        PASS [   0.213s] ( 394/4972) auto-lang indexer::tests::test_index_use_stmt_dependency
        PASS [   0.228s] ( 395/4972) auto-lang indexer::tests::test_indexer_new
        PASS [   0.231s] ( 396/4972) auto-lang indexer::tests::test_reindex_file_changed
        PASS [   0.185s] ( 397/4972) auto-lang indexer::tests::test_reindex_file_unchanged
        PASS [   0.217s] ( 398/4972) auto-lang indexer::tests::test_reindex_file_propagates_dirty
        PASS [   0.201s] ( 399/4972) auto-lang infer::context::tests::test_bind_and_lookup
        PASS [   0.217s] ( 400/4972) auto-lang indexer::tests::test_reindex_file_propagates_dirty_recursive
        PASS [   0.216s] ( 401/4972) auto-lang infer::constraints::tests::test_constraint_equality
        PASS [   0.216s] ( 402/4972) auto-lang infer::constraints::tests::test_constraint_span
        PASS [   0.247s] ( 403/4972) auto-lang infer::context::tests::test_context_creation
        PASS [   0.231s] ( 404/4972) auto-lang infer::context::tests::test_scope_stack
        PASS [   0.230s] ( 405/4972) auto-lang infer::context::tests::test_unify_arrays_different_length_fails
        PASS [   0.231s] ( 406/4972) auto-lang infer::context::tests::test_unify_arrays
        PASS [   0.231s] ( 407/4972) auto-lang infer::context::tests::test_unify_same_types
        PASS [   0.231s] ( 408/4972) auto-lang infer::context::tests::test_unify_different_types_fails
        PASS [   0.232s] ( 409/4972) auto-lang infer::errors::tests::test_coercion_warning
        PASS [   0.232s] ( 410/4972) auto-lang infer::context::tests::test_unify_with_unknown
        PASS [   0.217s] ( 411/4972) auto-lang infer::errors::tests::test_should_continue_at_threshold
        PASS [   0.249s] ( 412/4972) auto-lang infer::errors::tests::test_levenshtein_distance
        PASS [   0.249s] ( 413/4972) auto-lang infer::errors::tests::test_format_error_with_suggestion
        PASS [   0.233s] ( 414/4972) auto-lang infer::errors::tests::test_should_continue_below_threshold
        PASS [   0.248s] ( 415/4972) auto-lang infer::errors::tests::test_suggest_primitive_type
        PASS [   0.248s] ( 416/4972) auto-lang infer::errors::tests::test_suggest_type_exact_match
        PASS [   0.233s] ( 417/4972) auto-lang infer::errors::tests::test_suggest_type_mismatch_fix_int_uint
        PASS [   0.219s] ( 418/4972) auto-lang infer::errors::tests::test_suggest_type_no_match
        PASS [   0.250s] ( 419/4972) auto-lang infer::errors::tests::test_suggest_type_mismatch_fix_user_type
        PASS [   0.250s] ( 420/4972) auto-lang infer::errors::tests::test_suggest_type_typo
        PASS [   0.219s] ( 421/4972) auto-lang infer::errors::tests::test_suggest_variable_typo
        PASS [   0.235s] ( 422/4972) auto-lang infer::errors::tests::test_unused_variable_warning
        PASS [   0.233s] ( 423/4972) auto-lang infer::expr::tests::test_infer_binary_op_add
        PASS [   0.217s] ( 424/4972) auto-lang infer::expr::tests::test_infer_closure_simple
        PASS [   0.217s] ( 425/4972) auto-lang infer::expr::tests::test_infer_binary_op_comparison
        PASS [   0.250s] ( 426/4972) auto-lang infer::expr::tests::test_infer_array
        PASS [   0.234s] ( 427/4972) auto-lang infer::expr::tests::test_infer_closure_with_explicit_types
        PASS [   0.077s] ( 428/4972) auto-lang infer::functions::tests::test_check_fn_multiple_params
        PASS [   0.219s] ( 429/4972) auto-lang infer::expr::tests::test_infer_if_expr
        PASS [   0.219s] ( 430/4972) auto-lang infer::expr::tests::test_infer_index_expr
        PASS [   0.218s] ( 431/4972) auto-lang infer::expr::tests::test_infer_literal_float
        PASS [   0.202s] ( 432/4972) auto-lang infer::expr::tests::test_infer_literal_string
        PASS [   0.234s] ( 433/4972) auto-lang infer::expr::tests::test_infer_literal_bool
        PASS [   0.202s] ( 434/4972) auto-lang infer::expr::tests::test_infer_literal_int
        PASS [   0.234s] ( 435/4972) auto-lang infer::expr::tests::test_infer_unary_op_neg
        PASS [   0.218s] ( 436/4972) auto-lang infer::expr::tests::test_infer_unary_op_not
        PASS [   0.202s] ( 437/4972) auto-lang infer::functions::tests::test_check_fn_empty_body
        PASS [   0.217s] ( 438/4972) auto-lang infer::expr::tests::test_type_args_stored_in_call
        PASS [   0.234s] ( 439/4972) auto-lang infer::functions::tests::test_check_fn_missing_parameter_type
        PASS [   0.234s] ( 440/4972) auto-lang infer::functions::tests::test_check_fn_inferred_return_type
        PASS [   0.360s] ( 441/4972) auto-lang infer::expr::tests::test_infer_empty_array
        PASS [   0.217s] ( 442/4972) auto-lang infer::functions::tests::test_check_fn_no_params_no_return
        PASS [   0.218s] ( 443/4972) auto-lang infer::functions::tests::test_check_fn_mixed_params
        PASS [   0.219s] ( 444/4972) auto-lang infer::functions::tests::test_check_fn_return_array
        PASS [   0.232s] ( 445/4972) auto-lang infer::functions::tests::test_check_fn_param_type_inference
        PASS [   0.204s] ( 446/4972) auto-lang infer::functions::tests::test_check_fn_return_bool
        PASS [   0.218s] ( 447/4972) auto-lang infer::functions::tests::test_check_fn_static_method
        PASS [   0.220s] ( 448/4972) auto-lang infer::functions::tests::test_check_fn_return_string
        PASS [   0.219s] ( 449/4972) auto-lang infer::functions::tests::test_check_fn_with_body_errors
        PASS [   0.202s] ( 450/4972) auto-lang infer::functions::tests::test_check_fn_with_default_param
        PASS [   0.219s] ( 451/4972) auto-lang infer::functions::tests::test_check_fn_void_return
        PASS [   0.219s] ( 452/4972) auto-lang infer::functions::tests::test_check_fn_with_default_values
        PASS [   0.220s] ( 453/4972) auto-lang infer::functions::tests::test_check_fn_with_explicit_types
        PASS [   0.218s] ( 454/4972) auto-lang infer::registry::tests::test_type_registry_register_and_lookup
        PASS [   0.218s] ( 455/4972) auto-lang infer::registry::tests::test_type_registry_get_template
        PASS [   0.217s] ( 456/4972) auto-lang infer::stmt::tests::test_check_body_empty
        PASS [   0.249s] ( 457/4972) auto-lang infer::registry::tests::test_type_registry_new
        PASS [   0.219s] ( 458/4972) auto-lang infer::stmt::tests::test_check_body_with_expr
        PASS [   0.233s] ( 459/4972) auto-lang infer::stmt::tests::test_check_array_inference
        PASS [   0.219s] ( 460/4972) auto-lang infer::stmt::tests::test_check_body_with_multiple_statements
        PASS [   0.217s] ( 461/4972) auto-lang infer::stmt::tests::test_check_break_statement
        PASS [   0.217s] ( 462/4972) auto-lang infer::stmt::tests::test_check_body_with_return
        PASS [   0.218s] ( 463/4972) auto-lang infer::stmt::tests::test_check_expr_stmt
        PASS [   0.233s] ( 464/4972) auto-lang infer::stmt::tests::test_check_cvar_statement
        PASS [   0.249s] ( 465/4972) auto-lang infer::stmt::tests::test_check_expr_stmt_nil
        PASS [   0.218s] ( 466/4972) auto-lang infer::stmt::tests::test_check_expr_stmt_with_ident
        PASS [   0.218s] ( 467/4972) auto-lang infer::stmt::tests::test_check_let_inference
        PASS [   0.248s] ( 468/4972) auto-lang infer::stmt::tests::test_check_let_nil_value
        PASS [   0.233s] ( 469/4972) auto-lang infer::stmt::tests::test_check_let_type_mismatch
        PASS [   0.247s] ( 470/4972) auto-lang infer::stmt::tests::test_check_let_with_bool
        PASS [   0.217s] ( 471/4972) auto-lang infer::stmt::tests::test_check_let_with_byte
        PASS [   0.217s] ( 472/4972) auto-lang infer::stmt::tests::test_check_let_with_double
        PASS [   0.216s] ( 473/4972) auto-lang infer::stmt::tests::test_check_let_with_string
        PASS [   0.249s] ( 474/4972) auto-lang infer::stmt::tests::test_check_let_with_char
        PASS [   0.232s] ( 475/4972) auto-lang infer::stmt::tests::test_check_let_with_float
        PASS [   0.219s] ( 476/4972) auto-lang infer::stmt::tests::test_check_let_with_type
        PASS [   0.249s] ( 477/4972) auto-lang infer::stmt::tests::test_check_let_with_uint
        PASS [   0.218s] ( 478/4972) auto-lang infer::stmt::tests::test_check_nested_scopes
        PASS [   0.218s] ( 479/4972) auto-lang infer::stmt::tests::test_check_return
        PASS [   0.234s] ( 480/4972) auto-lang infer::stmt::tests::test_check_scope_isolation
        PASS [   0.234s] ( 481/4972) auto-lang infer::stmt::tests::test_check_return_without_context
        PASS [   0.234s] ( 482/4972) auto-lang infer::stmt::tests::test_check_return_mismatch
        PASS [   0.218s] ( 483/4972) auto-lang infer::stmt::tests::test_check_var_statement
        PASS [   0.218s] ( 484/4972) auto-lang infer::stmt::tests::test_check_type_coercion_int_to_uint
        PASS [   0.202s] ( 485/4972) auto-lang infer::task_types::tests::test_infer_envelope_type_multiple_patterns
        PASS [   0.233s] ( 486/4972) auto-lang infer::task_types::tests::test_check_send_type_mismatch
        PASS [   0.233s] ( 487/4972) auto-lang infer::task_types::tests::test_check_send_type_matching
        PASS [   0.218s] ( 488/4972) auto-lang infer::task_types::tests::test_check_send_type_union
        PASS [   0.248s] ( 489/4972) auto-lang infer::task_types::tests::test_infer_envelope_type_empty
        PASS [   0.218s] ( 490/4972) auto-lang infer::task_types::tests::test_infer_envelope_type_single_pattern
        PASS [   0.218s] ( 491/4972) auto-lang infer::task_types::tests::test_literal_to_type
        PASS [   0.235s] ( 492/4972) auto-lang infer::task_types::tests::test_type_accepts_unknown
        PASS [   0.235s] ( 493/4972) auto-lang infer::unification::tests::test_occurs_in
        PASS [   0.251s] ( 494/4972) auto-lang infer::task_types::tests::test_task_type_checker_new
        PASS [   0.219s] ( 495/4972) auto-lang infer::unification::tests::test_unify_arrays_different_length_fails
        PASS [   0.219s] ( 496/4972) auto-lang infer::unification::tests::test_unify_arrays_different_elem_type_fails
        PASS [   0.233s] ( 497/4972) auto-lang infer::unification::tests::test_unify_different_types_fails
        PASS [   0.250s] ( 498/4972) auto-lang infer::unification::tests::test_unify_arrays
        PASS [   0.218s] ( 499/4972) auto-lang infer::unification::tests::test_unify_storage_dynamic
        PASS [   0.218s] ( 500/4972) auto-lang infer::unification::tests::test_unify_same_types
        PASS [   0.250s] ( 501/4972) auto-lang infer::unification::tests::test_unify_storage_fixed_different_capacity_fails
        PASS [   0.219s] ( 502/4972) auto-lang infer::unification::tests::test_unify_storage_with_unknown
        PASS [   0.233s] ( 503/4972) auto-lang infer::unification::tests::test_unify_storage_fixed_vs_dynamic_fails
        PASS [   0.248s] ( 504/4972) auto-lang infer::unification::tests::test_unify_storage_fixed_same_capacity
        PASS [   0.251s] ( 505/4972) auto-lang infer::unification::tests::test_unify_with_unknown
        PASS [   0.251s] ( 506/4972) auto-lang infer::unification::tests::test_unify_with_coercion
        PASS [   0.232s] ( 507/4972) auto-lang interpreter::tests::test_global_scalar_visible_in_eval
        PASS [   0.250s] ( 508/4972) auto-lang interpreter::tests::test_for_over_injected_global_array
        PASS [   0.264s] ( 509/4972) auto-lang interpreter::tests::test_eval_succeeds
        PASS [   0.249s] ( 510/4972) auto-lang interpreter::tests::test_merge_atom_obj
        PASS [   0.233s] ( 511/4972) auto-lang interpreter::tests::test_mold_template_for_over_node_array
        PASS [   0.233s] ( 512/4972) auto-lang lexer::tests::test_arrow
        PASS [   0.232s] ( 513/4972) auto-lang lexer::tests::test_bom_skipped
        PASS [   0.232s] ( 514/4972) auto-lang lexer::tests::test_char
        PASS [   0.264s] ( 515/4972) auto-lang lexer::tests::test_at
        PASS [   0.230s] ( 516/4972) auto-lang lexer::tests::test_cstr
        PASS [   0.230s] ( 517/4972) auto-lang lexer::tests::test_comment
        PASS [   0.232s] ( 518/4972) auto-lang lexer::tests::test_fstr_escaped_braces_with_expr
        PASS [   0.264s] ( 519/4972) auto-lang lexer::tests::test_fstr
        PASS [   0.246s] ( 520/4972) auto-lang lexer::tests::test_fstr_escaped_braces_pair
        PASS [   0.248s] ( 521/4972) auto-lang lexer::tests::test_fstr_escaped_braces_with_interpolation
        PASS [   0.263s] ( 522/4972) auto-lang lexer::tests::test_fstr_escaped_double_close_brace
        PASS [   0.231s] ( 523/4972) auto-lang lexer::tests::test_fstr_expr
        PASS [   0.231s] ( 524/4972) auto-lang lexer::tests::test_fstr_escaped_double_open_brace
        PASS [   0.248s] ( 525/4972) auto-lang lexer::tests::test_fstr_f
        PASS [   0.233s] ( 526/4972) auto-lang lexer::tests::test_fstr_lexer
        PASS [   0.231s] ( 527/4972) auto-lang lexer::tests::test_fstr_multi
        PASS [   0.231s] ( 528/4972) auto-lang lexer::tests::test_fstr_single_brace_not_escaped
        PASS [   0.235s] ( 529/4972) auto-lang lexer::tests::test_fstr_with_note
        PASS [   0.217s] ( 530/4972) auto-lang lexer::tests::test_hash_for_not_confused_with_identifier
        PASS [   0.231s] ( 531/4972) auto-lang lexer::tests::test_hash_alone_for_annotation
        PASS [   0.232s] ( 532/4972) auto-lang lexer::tests::test_hash_brace_token
        PASS [   0.248s] ( 533/4972) auto-lang lexer::tests::test_hash_for_token
        PASS [   0.218s] ( 534/4972) auto-lang lexer::tests::test_hyphen_identifier_vs_subtraction
        PASS [   0.217s] ( 535/4972) auto-lang lexer::tests::test_hash_if_token
        PASS [   0.249s] ( 536/4972) auto-lang lexer::tests::test_hash_if_not_confused_with_identifier
        PASS [   0.249s] ( 537/4972) auto-lang lexer::tests::test_hash_is_token
        PASS [   0.235s] ( 538/4972) auto-lang lexer::tests::test_hyphenated_identifiers
        PASS [   0.216s] ( 539/4972) auto-lang lexer::tests::test_lexer
        PASS [   0.250s] ( 540/4972) auto-lang lexer::tests::test_i8
        PASS [   0.248s] ( 541/4972) auto-lang lexer::tests::test_is
        PASS [   0.233s] ( 542/4972) auto-lang lexer::tests::test_markdown
        PASS [   0.218s] ( 543/4972) auto-lang lexer::tests::test_multi_str_embedded_single_quote
        PASS [   0.233s] ( 544/4972) auto-lang lexer::tests::test_minus_one
        PASS [   0.249s] ( 545/4972) auto-lang lexer::tests::test_multi_str_empty
        PASS [   0.249s] ( 546/4972) auto-lang lexer::tests::test_multi_str_embedded_double_quotes
        PASS [   0.218s] ( 547/4972) auto-lang lexer::tests::test_multi_str_with_escapes
        PASS [   0.218s] ( 548/4972) auto-lang lexer::tests::test_multi_str_simple
        PASS [   0.233s] ( 549/4972) auto-lang lexer::tests::test_on
        PASS [   0.216s] ( 550/4972) auto-lang lexer::tests::test_pac_keyword_in_use
        PASS [   0.247s] ( 551/4972) auto-lang lexer::tests::test_multi_str_with_newlines
        PASS [   0.231s] ( 552/4972) auto-lang lexer::tests::test_on_in_fn
        PASS [   0.248s] ( 553/4972) auto-lang lexer::tests::test_pac_keyword
        PASS [   0.233s] ( 554/4972) auto-lang lexer::tests::test_pair
        PASS [   0.202s] ( 555/4972) auto-lang lexer::tests::test_regular_str_unchanged
        PASS [   0.216s] ( 556/4972) auto-lang lexer::tests::test_path
        PASS [   0.216s] ( 557/4972) auto-lang lexer::tests::test_str
        PASS [   0.248s] ( 558/4972) auto-lang lexer::tests::test_range
        PASS [   0.248s] ( 559/4972) auto-lang lexer::tests::test_router_keywords
        PASS [   0.217s] ( 560/4972) auto-lang lexer::tests::test_routes_token_text
        PASS [   0.233s] ( 561/4972) auto-lang lexer::tests::test_str_1
        PASS [   0.233s] ( 562/4972) auto-lang lexer::tests::test_str_escape_backslash
        PASS [   0.217s] ( 563/4972) auto-lang lexer::tests::test_str_escape_newline
        PASS [   0.218s] ( 564/4972) auto-lang lexer::tests::test_str_escape_quote
        PASS [   0.232s] ( 565/4972) auto-lang lexer::tests::test_str_escape_tab
        PASS [   0.200s] ( 566/4972) auto-lang lexer::tests::test_tick_str
        PASS [   0.200s] ( 567/4972) auto-lang lexer::tests::test_super_keyword
        PASS [   0.232s] ( 568/4972) auto-lang lexer::tests::test_subtraction_with_spaces
        PASS [   0.231s] ( 569/4972) auto-lang lexer::tests::test_u8
        PASS [   0.232s] ( 570/4972) auto-lang lexer::tests::test_super_keyword_in_use
        PASS [   0.217s] ( 571/4972) auto-lang lexer::tests::test_uint
        PASS [   0.202s] ( 572/4972) auto-lang lexer::tests_w2_power::test_star_vs_power_lex
        PASS [   0.234s] ( 573/4972) auto-lang lexer::tests::test_use_c
        PASS [   0.202s] ( 574/4972) auto-lang libs::may::tests::test_may_is_empty_true
        PASS [   0.202s] ( 575/4972) auto-lang libs::may::tests::test_may_is_empty_false
        PASS [   0.234s] ( 576/4972) auto-lang libs::may::tests::test_may_empty
        PASS [   0.219s] ( 577/4972) auto-lang libs::may::tests::test_may_is_error_false
        PASS [   0.233s] ( 578/4972) auto-lang libs::may::tests::test_may_error
        PASS [   0.203s] ( 579/4972) auto-lang libs::may::tests::test_may_unwrap_error
        PASS [   0.203s] ( 580/4972) auto-lang libs::may::tests::test_may_is_error_true
        PASS [   0.204s] ( 581/4972) auto-lang libs::may::tests::test_may_unwrap_error_or_error
        PASS [   0.235s] ( 582/4972) auto-lang libs::may::tests::test_may_is_value_false
        PASS [   0.235s] ( 583/4972) auto-lang libs::may::tests::test_may_is_value_true
        PASS [   0.204s] ( 584/4972) auto-lang libs::may::tests::test_may_unwrap_error_or_value
        PASS [   0.218s] ( 585/4972) auto-lang libs::may::tests::test_may_unwrap_or_error
        PASS [   0.218s] ( 586/4972) auto-lang libs::may::tests::test_may_unwrap_or_empty
        PASS [   0.202s] ( 587/4972) auto-lang libs::may::tests::test_may_unwrap_value
        PASS [   0.203s] ( 588/4972) auto-lang libs::may::tests::test_may_value
        PASS [   0.235s] ( 589/4972) auto-lang libs::may::tests::test_may_unwrap_or_value
        PASS [   0.203s] ( 590/4972) auto-lang libs::result::tests::test_option_is_some
        PASS [   0.235s] ( 591/4972) auto-lang libs::may::tests::test_may_unwrap_or_null
        PASS [   0.220s] ( 592/4972) auto-lang libs::result::tests::test_option_is_none
        PASS [   0.219s] ( 593/4972) auto-lang libs::result::tests::test_option_some
        PASS [   0.235s] ( 594/4972) auto-lang libs::result::tests::test_option_none
        PASS [   0.203s] ( 595/4972) auto-lang libs::result::tests::test_option_unwrap_or_some
        PASS [   0.204s] ( 596/4972) auto-lang libs::result::tests::test_result_err
        PASS [   0.236s] ( 597/4972) auto-lang libs::result::tests::test_option_unwrap_or_none
        PASS [   0.235s] ( 598/4972) auto-lang libs::result::tests::test_result_is_err
        PASS [   0.219s] ( 599/4972) auto-lang libs::result::tests::test_result_ok
        PASS [   0.219s] ( 600/4972) auto-lang libs::result::tests::test_result_is_ok
        PASS [   0.219s] ( 601/4972) auto-lang libs::result::tests::test_result_unwrap_err
        PASS [   0.233s] ( 602/4972) auto-lang libs::result::tests::test_result_unwrap_err_or_err
        PASS [   0.202s] ( 603/4972) auto-lang libs::result::tests::test_result_unwrap_or_err
        PASS [   0.202s] ( 604/4972) auto-lang libs::result::tests::test_result_unwrap_ok
        PASS [   0.218s] ( 605/4972) auto-lang libs::result::tests::test_result_unwrap_err_or_ok
        PASS [   0.219s] ( 606/4972) auto-lang libs::string::tests::test_str_len
        PASS [   0.219s] ( 607/4972) auto-lang libs::string::tests::test_str_append
        PASS [   0.249s] ( 608/4972) auto-lang libs::result::tests::test_result_unwrap_or_ok
        PASS [   0.235s] ( 609/4972) auto-lang libs::string::tests::test_str_lower
        PASS [   0.235s] ( 610/4972) auto-lang libs::string::tests::test_str_new
        PASS [   0.203s] ( 611/4972) auto-lang libs::string::tests::test_str_slice_len
        PASS [   0.218s] ( 612/4972) auto-lang libs::string::tests::test_str_slice_get
        PASS [   0.218s] ( 613/4972) auto-lang libs::string::tests::test_str_slice
        PASS [   0.217s] ( 614/4972) auto-lang libs::string::tests::test_str_sub
        PASS [   0.218s] ( 615/4972) auto-lang libs::string::tests::test_str_upper
        PASS [   0.202s] ( 616/4972) auto-lang macro_::ui::tests::test_app_with_fields
        PASS [   0.219s] ( 617/4972) auto-lang macro_::ui::tests::test_multiple_widgets
        PASS [   0.234s] ( 618/4972) auto-lang macro_::ui::tests::test_preserves_indentation
        PASS [   0.202s] ( 619/4972) auto-lang macro_::ui::tests::test_preserves_indentation_app
        PASS [   0.215s] ( 620/4972) auto-lang macro_::ui::tests::test_simple_app_expansion
        PASS [   0.218s] ( 621/4972) auto-lang macro_::ui::tests::test_widget_with_methods
        PASS [   0.203s] ( 622/4972) auto-lang mode::tests::test_as_str
        PASS [   0.234s] ( 623/4972) auto-lang macro_::ui::tests::test_widget_and_app_together
        PASS [   0.234s] ( 624/4972) auto-lang macro_::ui::tests::test_simple_widget_expansion
        PASS [   0.219s] ( 625/4972) auto-lang mode::tests::test_default
        PASS [   0.219s] ( 626/4972) auto-lang mode::tests::test_display
        PASS [   0.204s] ( 627/4972) auto-lang mode::tests::test_is_transpilation
        PASS [   0.204s] ( 628/4972) auto-lang mode::tests::test_from_str_trait
        PASS [   0.235s] ( 629/4972) auto-lang mode::tests::test_from_str
        PASS [   0.204s] ( 630/4972) auto-lang mode::tests::test_requires_compilation
        PASS [   0.202s] ( 631/4972) auto-lang mode::tests_script_mode::test_script_mode_matrix_eight_cells
        PASS [   0.202s] ( 632/4972) auto-lang module_cache::tests::test_auto_cache_clear
        PASS [   0.218s] ( 633/4972) auto-lang module_cache::tests::test_auto_cache_remove
        PASS [   0.234s] ( 634/4972) auto-lang module_cache::tests::test_auto_cache_disabled
        PASS [   0.233s] ( 635/4972) auto-lang module_cache::tests::test_auto_cache_store_and_get
        PASS [   0.218s] ( 636/4972) auto-lang module_cache::tests::test_cache_stats
        PASS [   0.219s] ( 637/4972) auto-lang module_cache::tests::test_module_cache_hash
        PASS [   0.233s] ( 638/4972) auto-lang module_cache::tests::test_module_cache_dependencies
        PASS [   0.217s] ( 639/4972) auto-lang module_cache::tests::test_module_cache_new
        PASS [   0.201s] ( 640/4972) auto-lang module_cache::tests::test_module_cache_with_file
        PASS [   0.232s] ( 641/4972) auto-lang multi_mode::tests::test_clear_cache
        PASS [   0.202s] ( 642/4972) auto-lang ownership::borrow::tests::test_borrow_checker_default
        PASS [   0.203s] ( 643/4972) auto-lang multi_mode::tests::test_multi_mode_compiler_creation
        PASS [   0.236s] ( 644/4972) auto-lang multi_mode::tests::test_compile_simple_autovm
        PASS [   0.218s] ( 645/4972) auto-lang multi_mode::tests::test_compiled_output_mode
        PASS [   0.217s] ( 646/4972) auto-lang ownership::borrow::tests::test_borrow_checker_new
        PASS [   0.218s] ( 647/4972) auto-lang ownership::borrow::tests::test_borrow_error_diagnostic_traits
        PASS [   0.234s] ( 648/4972) auto-lang multi_mode::tests::test_compiled_output_main_file
        PASS [   0.201s] ( 649/4972) auto-lang ownership::borrow::tests::test_borrow_lifetime_end
        PASS [   0.215s] ( 650/4972) auto-lang ownership::borrow::tests::test_borrow_error_display
        PASS [   0.231s] ( 651/4972) auto-lang ownership::borrow::tests::test_borrow_error_from_hold_expression
        PASS [   0.231s] ( 652/4972) auto-lang ownership::borrow::tests::test_borrow_kind_display
        PASS [   0.235s] ( 653/4972) auto-lang ownership::borrow::tests::test_different_fields_no_conflict
        PASS [   0.203s] ( 654/4972) auto-lang ownership::borrow::tests::test_different_variables_no_conflict
        PASS [   0.235s] ( 655/4972) auto-lang ownership::borrow::tests::test_clear
        PASS [   0.203s] ( 656/4972) auto-lang ownership::borrow::tests::test_different_targets_no_conflict
        PASS [   0.218s] ( 657/4972) auto-lang ownership::borrow::tests::test_mut_after_view_conflicts
        PASS [   0.218s] ( 658/4972) auto-lang ownership::borrow::tests::test_end_borrows
        PASS [   0.204s] ( 659/4972) auto-lang ownership::borrow::tests::test_mutable_after_immutable
        PASS [   0.218s] ( 660/4972) auto-lang ownership::borrow::tests::test_mut_and_take_unwrap_to_same_target
        PASS [   0.204s] ( 661/4972) auto-lang ownership::borrow::tests::test_nested_path_target
        PASS [   0.202s] ( 662/4972) auto-lang ownership::borrow::tests::test_single_borrow
        PASS [   0.186s] ( 663/4972) auto-lang ownership::borrow::tests::test_static_lifetime
        PASS [   0.234s] ( 664/4972) auto-lang ownership::borrow::tests::test_path_expression_target
        PASS [   0.216s] ( 665/4972) auto-lang ownership::borrow::tests::test_take_conflicts_with_view
        PASS [   0.217s] ( 666/4972) auto-lang ownership::borrow::tests::test_take_conflicts_with_mut
        PASS [   0.217s] ( 667/4972) auto-lang ownership::borrow::tests::test_two_immutable_borrows
        PASS [   0.203s] ( 668/4972) auto-lang ownership::borrow::tests::test_two_mut_borrows_conflict
        PASS [   0.218s] ( 669/4972) auto-lang ownership::cfa::tests::test_analyzer_creation
        PASS [   0.234s] ( 670/4972) auto-lang ownership::borrow::tests::test_view_after_mut_conflicts
        PASS [   0.203s] ( 671/4972) auto-lang ownership::lifetime::tests::test_intersect
        PASS [   0.233s] ( 672/4972) auto-lang ownership::borrow::tests::test_view_and_ident_same_target
        PASS [   0.204s] ( 673/4972) auto-lang ownership::lifetime::tests::test_lifetime_context
        PASS [   0.220s] ( 674/4972) auto-lang ownership::lifetime::tests::test_lifetime_context_fallback
        PASS [   0.202s] ( 675/4972) auto-lang ownership::lifetime::tests::test_lifetime_region
        PASS [   0.202s] ( 676/4972) auto-lang ownership::lifetime::tests::test_lifetime_context_regions
        PASS [   0.232s] ( 677/4972) auto-lang ownership::lifetime::tests::test_outlives
        PASS [   0.232s] ( 678/4972) auto-lang ownership::lifetime::tests::test_lifetime_display
        PASS [   0.235s] ( 679/4972) auto-lang p618_filter_tree_probe::p618_vm_filter_tree_recursion_probe
        PASS [   0.233s] ( 680/4972) auto-lang parser::tests::plan046_keyed_for_item_field_chain
        PASS [   0.234s] ( 681/4972) auto-lang parser::tests::plan046_key_clause_rejects_call_shape
        PASS [   0.234s] ( 682/4972) auto-lang parser::tests::plan046_key_clause_requires_expr
        PASS [   0.251s] ( 683/4972) auto-lang p614_tree_vm_probe::p614_vm_flatten_tree_probe
        PASS [   0.219s] ( 684/4972) auto-lang parser::tests::plan046_keyed_for_state_chain
        PASS [   0.219s] ( 685/4972) auto-lang parser::tests::plan046_keyed_for_scalar_literals
        PASS [   0.233s] ( 686/4972) auto-lang parser::tests::plan046_keyed_for_with_index_var
        PASS [   0.219s] ( 687/4972) auto-lang parser::tests::plan046_memo_block_bad_params_error
        PASS [   0.219s] ( 688/4972) auto-lang parser::tests::plan046_keyless_for_has_no_key_expr
        PASS [   0.204s] ( 689/4972) auto-lang parser::tests::plan046_memo_block_body_nodes
        PASS [   0.219s] ( 690/4972) auto-lang parser::tests::plan046_memo_block_exact_and_mixed_params
        PASS [   0.202s] ( 691/4972) auto-lang parser::tests::plan046_outlet_prop_parsing
        PASS [   0.236s] ( 692/4972) auto-lang parser::tests::test_actions_block_handler_validation
        PASS [   0.236s] ( 693/4972) auto-lang parser::tests::plan046_memo_block_parses_deps_and_body
        PASS [   0.250s] ( 694/4972) auto-lang parser::tests::test_041a_event_binding_forms
        PASS [   0.234s] ( 695/4972) auto-lang parser::tests::test_actions_block_parse
        PASS [   0.235s] ( 696/4972) auto-lang parser::tests::test_array
        PASS [   0.235s] ( 697/4972) auto-lang parser::tests::test_alias_stmt
        PASS [   0.250s] ( 698/4972) auto-lang parser::tests::test_actions_cond_bare_expression
        PASS [   0.220s] ( 699/4972) auto-lang parser::tests::test_aura_dot_prefixed_handler_syntax
        PASS [   0.220s] ( 700/4972) auto-lang parser::tests::test_array_type
        PASS [   0.203s] ( 701/4972) auto-lang parser::tests::test_aura_model_var_keyword
        PASS [   0.203s] ( 702/4972) auto-lang parser::tests::test_bare_value_input_mints_oninput_sync
        PASS [   0.203s] ( 703/4972) auto-lang parser::tests::test_bare_return_newline_terminates_statement
        PASS [   0.220s] ( 704/4972) auto-lang parser::tests::test_cast_outside_with_header_unchanged
        PASS [   0.235s] ( 705/4972) auto-lang parser::tests::test_closure
        PASS [   0.250s] ( 706/4972) auto-lang parser::tests::test_bom_prefixed_source_parses
        PASS [   0.252s] ( 707/4972) auto-lang parser::tests::test_char
        PASS [   0.250s] ( 708/4972) auto-lang parser::tests::test_closure_with_params
        PASS [   0.234s] ( 709/4972) auto-lang parser::tests::test_computed_multiline_body
        PASS [   0.249s] ( 710/4972) auto-lang parser::tests::test_cstr
        PASS [   0.249s] ( 711/4972) auto-lang parser::tests::test_config
        PASS [   0.216s] ( 712/4972) auto-lang parser::tests::test_dot_rhs_field_access_not_struct_construction
        PASS [   0.265s] ( 713/4972) auto-lang parser::tests::test_dot
        PASS [   0.251s] ( 714/4972) auto-lang parser::tests::test_dot_prefix_assignment_not_chained
        PASS [   0.232s] ( 715/4972) auto-lang parser::tests::test_empty_dialects_core_scenario_unchanged
        PASS [   0.232s] ( 716/4972) auto-lang parser::tests::test_enum_variant_colon_field_style
        PASS [   0.248s] ( 717/4972) auto-lang parser::tests::test_err_nested_struct_variant_pattern
        PASS [   0.233s] ( 718/4972) auto-lang parser::tests::test_fn
        PASS [   0.233s] ( 719/4972) auto-lang parser::tests::test_fn_call
        PASS [   0.246s] ( 720/4972) auto-lang parser::tests::test_event_inline_lambda_parses
        PASS [   0.250s] ( 721/4972) auto-lang parser::tests::test_fn_with_never_return_type
        PASS [   0.249s] ( 722/4972) auto-lang parser::tests::test_fn_with_param_type
        PASS [   0.234s] ( 723/4972) auto-lang parser::tests::test_fn_with_result_return_type
        PASS [   0.265s] ( 724/4972) auto-lang parser::tests::test_fn_with_named_args
        PASS [   0.231s] ( 725/4972) auto-lang parser::tests::test_for
        PASS [   0.249s] ( 726/4972) auto-lang parser::tests::test_fn_with_ret_type
        PASS [   0.216s] ( 727/4972) auto-lang parser::tests::test_for_with_print
        PASS [   0.232s] ( 728/4972) auto-lang parser::tests::test_for_with_mid_call
        PASS [   0.233s] ( 729/4972) auto-lang parser::tests::test_for_with_mid
        PASS [   0.219s] ( 730/4972) auto-lang parser::tests::test_fstr_multi
        PASS [   0.219s] ( 731/4972) auto-lang parser::tests::test_fstr
        PASS [   0.216s] ( 732/4972) auto-lang parser::tests::test_fstr_with_expr
        PASS [   0.231s] ( 733/4972) auto-lang parser::tests::test_fstr_with_note
        PASS [   0.231s] ( 734/4972) auto-lang parser::tests::test_gt_syntax_not_text_shorthand
        PASS [   0.231s] ( 735/4972) auto-lang parser::tests::test_grid
        PASS [   0.215s] ( 736/4972) auto-lang parser::tests::test_hex
        PASS [   0.231s] ( 737/4972) auto-lang parser::tests::test_grid_with_colconfig
        PASS [   0.218s] ( 738/4972) auto-lang parser::tests::test_hover_card_mints_hover_enter_leave
        PASS [   0.216s] ( 739/4972) auto-lang parser::tests::test_hyphenated_tag_names
        PASS [   0.216s] ( 740/4972) auto-lang parser::tests::test_if_else
        PASS [   0.216s] ( 741/4972) auto-lang parser::tests::test_if
        PASS [   0.202s] ( 742/4972) auto-lang parser::tests::test_import
        PASS [   0.213s] ( 743/4972) auto-lang parser::tests::test_is_stmt
        PASS [   0.199s] ( 744/4972) auto-lang parser::tests::test_leading_dot_stmt_not_glued_to_previous
        PASS [   0.199s] ( 745/4972) auto-lang parser::tests::test_let
        PASS [   0.230s] ( 746/4972) auto-lang parser::tests::test_let_asn
        PASS [   0.199s] ( 747/4972) auto-lang parser::tests::test_msg_multi_param_payload
        PASS [   0.230s] ( 748/4972) auto-lang parser::tests::test_msg_decl_unnamed_and_legacy_name
        PASS [   0.232s] ( 749/4972) auto-lang parser::tests::test_modal_dialog_mints_self_managed_open
        PASS [   0.231s] ( 750/4972) auto-lang parser::tests::test_msg_full_shellstore_declaration
        PASS [   0.214s] ( 751/4972) auto-lang parser::tests::test_nested_slice_type_parses
        PASS [   0.230s] ( 752/4972) auto-lang parser::tests::test_msg_variant_named_payload
        PASS [   0.217s] ( 753/4972) auto-lang parser::tests::test_node_instance
        PASS [   0.230s] ( 754/4972) auto-lang parser::tests::test_node_body_after_special_blocks_removal
        PASS [   0.233s] ( 755/4972) auto-lang parser::tests::test_node_instance_with_id
        PASS [   0.202s] ( 756/4972) auto-lang parser::tests::test_node_instance_without_args
        PASS [   0.203s] ( 757/4972) auto-lang parser::tests::test_object
        PASS [   0.231s] ( 758/4972) auto-lang parser::tests::test_on_condition_events
        PASS [   0.232s] ( 759/4972) auto-lang parser::tests::test_node_tree
        PASS [   0.230s] ( 760/4972) auto-lang parser::tests::test_on_handler_multi_param_binding
        PASS [   0.217s] ( 761/4972) auto-lang parser::tests::test_pair
        PASS [   0.218s] ( 762/4972) auto-lang parser::tests::test_parse_hash_for_simple
        PASS [   0.231s] ( 763/4972) auto-lang parser::tests::test_parse_hash_is_simple
        PASS [   0.232s] ( 764/4972) auto-lang parser::tests::test_parse_hash_if_simple
        PASS [   0.202s] ( 765/4972) auto-lang parser::tests::test_parse_local_path_still_works
        PASS [   0.218s] ( 766/4972) auto-lang parser::tests::test_parse_pac_deep_path
        PASS [   0.233s] ( 767/4972) auto-lang parser::tests::test_parse_legacy_paths_backward_compat
        PASS [   0.216s] ( 768/4972) auto-lang parser::tests::test_parse_pac_import
        PASS [   0.202s] ( 769/4972) auto-lang parser::tests::test_parse_super_import
        PASS [   0.234s] ( 770/4972) auto-lang parser::tests::test_parse_super_with_items
        PASS [   0.233s] ( 771/4972) auto-lang parser::tests::test_parse_with_items
        PASS [   0.219s] ( 772/4972) auto-lang parser::tests::test_ptr_asn
        PASS [   0.219s] ( 773/4972) auto-lang parser::tests::test_pipe_syntax_works_for_text
        PASS [   0.220s] ( 774/4972) auto-lang parser::tests::test_parser
        PASS [   0.232s] ( 775/4972) auto-lang parser::tests::test_ptr_type
        PASS [   0.233s] ( 776/4972) auto-lang parser::tests::test_ptr_target
        PASS [   0.202s] ( 777/4972) auto-lang parser::tests::test_range
        PASS [   0.203s] ( 778/4972) auto-lang parser::tests::test_qualified_unit_variant_pattern_strips_module
        PASS [   0.217s] ( 779/4972) auto-lang parser::tests::test_return_value_same_line_still_works
        PASS [   0.201s] ( 780/4972) auto-lang parser::tests::test_return_with_newline
        PASS [   0.201s] ( 781/4972) auto-lang parser::tests::test_return_void_with_newline
        PASS [   0.218s] ( 782/4972) auto-lang parser::tests::test_simple_enum
        PASS [   0.215s] ( 783/4972) auto-lang parser::tests::test_single_arg_map_type_parses
        PASS [   0.201s] ( 784/4972) auto-lang parser::tests::test_slice_of_tuple_type_parses
        PASS [   0.233s] ( 785/4972) auto-lang parser::tests::test_simplified_button_syntax
        PASS [   0.232s] ( 786/4972) auto-lang parser::tests::test_spawn_method_call
        PASS [   0.232s] ( 787/4972) auto-lang parser::tests::test_spec_decl
        PASS [   0.217s] ( 788/4972) auto-lang parser::tests::test_spec_with_params
        PASS [   0.217s] ( 789/4972) auto-lang parser::tests::test_stmt_after_try_catch_parses
        PASS [   0.203s] ( 790/4972) auto-lang parser::tests::test_store_use
        PASS [   0.201s] ( 791/4972) auto-lang parser::tests::test_string_as_primary_prop_with_additional_props
        PASS [   0.233s] ( 792/4972) auto-lang parser::tests::test_string_as_primary_prop_h1
        PASS [   0.202s] ( 793/4972) auto-lang parser::tests::test_string_as_primary_prop_text
        PASS [   0.215s] ( 794/4972) auto-lang parser::tests::test_string_with_special_chars
        PASS [   0.214s] ( 795/4972) auto-lang parser::tests::test_struct_literal_fields_become_node_args
        PASS [   0.215s] ( 796/4972) auto-lang parser::tests::test_struct_literal_construction_unresolved_type
        PASS [   0.200s] ( 797/4972) auto-lang parser::tests::test_style_recipe_parse
        PASS [   0.216s] ( 798/4972) auto-lang parser::tests::test_tag_cover
        PASS [   0.231s] ( 799/4972) auto-lang parser::tests::test_top_level_actions_decl
        PASS [   0.203s] ( 800/4972) auto-lang parser::tests::test_top_level_view_block_now_parses_in_ui_scenario
        PASS [   0.232s] ( 801/4972) auto-lang parser::tests::test_tag_new
        PASS [   0.217s] ( 802/4972) auto-lang parser::tests::test_top_level_struct_variant_pattern
        PASS [   0.233s] ( 803/4972) auto-lang parser::tests::test_try_catch_finally_parses
        PASS [   0.201s] ( 804/4972) auto-lang parser::tests::test_try_catch_param_does_not_leak
        PASS [   0.204s] ( 805/4972) auto-lang parser::tests::test_try_catch_param_resolves_in_catch_body
        PASS [   0.234s] ( 806/4972) auto-lang parser::tests::test_type_as_spec
        PASS [   0.203s] ( 807/4972) auto-lang parser::tests::test_type_decl
        PASS [   0.235s] ( 808/4972) auto-lang parser::tests::test_try_catch_without_finally_unchanged
        PASS [   0.219s] ( 809/4972) auto-lang parser::tests::test_type_instance_obj
        PASS [   0.235s] ( 810/4972) auto-lang parser::tests::test_type_composition
        PASS [   0.234s] ( 811/4972) auto-lang parser::tests::test_type_inst
        PASS [   0.233s] ( 812/4972) auto-lang parser::tests::test_type_with_method
        PASS [   0.204s] ( 813/4972) auto-lang parser::tests::test_type_with_multiple_specs
        PASS [   0.204s] ( 814/4972) auto-lang parser::tests::test_use
        PASS [   0.233s] ( 815/4972) auto-lang parser::tests::test_use_c
        PASS [   0.204s] ( 816/4972) auto-lang parser::tests::test_use_rs_no_deprecation_warning
        PASS [   0.204s] ( 817/4972) auto-lang parser::tests::test_use_rs_alias_parses_like_use_rust
        PASS [   0.235s] ( 818/4972) auto-lang parser::tests::test_use_rust_emits_deprecation_warning
        PASS [   0.220s] ( 819/4972) auto-lang parser::tests::test_var
        PASS [   0.217s] ( 820/4972) auto-lang parser::tests::test_view_condition_none_comparison
        PASS [   0.218s] ( 821/4972) auto-lang parser::tests::test_view_dyn_component_parens
        PASS [   0.233s] ( 822/4972) auto-lang parser::tests::test_view_param_mode_unaffected_in_core_scenario
        PASS [   0.233s] ( 823/4972) auto-lang parser::tests::test_view_event_modifiers_and_event_object
        PASS [   0.234s] ( 824/4972) auto-lang parser::tests::test_view_event_arg_nested_self_dot
        PASS [   0.220s] ( 825/4972) auto-lang parser::tests::test_view_single_root_stays_unwrapped
        PASS [   0.220s] ( 826/4972) auto-lang parser::tests::test_view_quoted_custom_event_names
        PASS [   0.202s] ( 827/4972) auto-lang parser::tests::test_view_top_level_bare_siblings_with_param_events
        PASS [   0.232s] ( 828/4972) auto-lang parser::tests::test_view_style_obj_binding
        PASS [   0.203s] ( 829/4972) auto-lang parser::tests::test_widget_block_keyword_near_miss_warning
        PASS [   0.232s] ( 830/4972) auto-lang parser::tests::test_widget_expose_block
        PASS [   0.201s] ( 831/4972) auto-lang parser::tests::test_widget_parses_via_dialect_in_ui_scenario
        PASS [   0.217s] ( 832/4972) auto-lang parser::tests::test_widget_watch_block
        PASS [   0.217s] ( 833/4972) auto-lang parser::tests::test_widget_parsing_pipeline
        PASS [   0.232s] ( 834/4972) auto-lang parser::tests::test_widget_with_routes
        PASS [   0.232s] ( 835/4972) auto-lang parser::tests::test_with_as_type_shaped_name_not_swallowed
        PASS [   0.232s] ( 836/4972) auto-lang parser::tests::test_with_as_binding_parses_to_block_form
        PASS [   0.218s] ( 837/4972) auto-lang parser_helpers::tests::test_module_spot_from_path
        PASS [   0.219s] ( 838/4972) auto-lang parser::tests::test_with_session_registers_ui_dialect
        PASS [   0.232s] ( 839/4972) auto-lang parser_helpers::tests::test_lambda_id_generator
        PASS [   0.217s] ( 840/4972) auto-lang parser_helpers::tests::test_module_tracker_basic
        PASS [   0.218s] ( 841/4972) auto-lang parser_helpers::tests::test_module_tracker_spot
        PASS [   0.202s] ( 842/4972) auto-lang patch::tests::test_patch_new
        PASS [   0.217s] ( 843/4972) auto-lang patch::tests::test_generate_patch_placeholder
        PASS [   0.234s] ( 844/4972) auto-lang patch::tests::test_apply_patch_placeholder
        PASS [   0.218s] ( 845/4972) auto-lang patch::tests::test_patch_validate_invalid_reloc_offset
        PASS [   0.233s] ( 846/4972) auto-lang patch::tests::test_patch_validate_invalid_size
        PASS [   0.203s] ( 847/4972) auto-lang patch::tests::test_reloc_new
        PASS [   0.203s] ( 848/4972) auto-lang plan042_scan_probe_tests::p042_app_at_parses
        PASS [   0.233s] ( 849/4972) auto-lang patch::tests::test_patch_validate_valid
        PASS [   0.233s] ( 850/4972) auto-lang patch::tests::test_reloc_kind_size
        PASS [   0.203s] ( 851/4972) auto-lang plan042_scan_probe_tests::p042_host_logger_levels_into_ring
        PASS [   0.247s] ( 852/4972) auto-lang plan042_scan_probe_tests::p042_bad_handler_error_lands_in_ring
        PASS [   0.234s] ( 853/4972) auto-lang plan042_scan_probe_tests::scan_probe_bare_get_json_yields_parsed_object
        PASS [   0.249s] ( 854/4972) auto-lang plan042_scan_probe_tests::scan_probe_documented_recipe_double_to_value_idempotent
        PASS [   0.248s] ( 855/4972) auto-lang plan394_future_arch_tests::plan394::a4_failed_external_await_yields_null
        PASS [   0.218s] ( 856/4972) auto-lang plan394_future_arch_tests::plan394::b3_deep_nesting_beyond_64
        PASS [   0.295s] ( 857/4972) auto-lang plan394_future_arch_tests::plan394::a1_top_level_external_await
        PASS [   0.280s] ( 858/4972) auto-lang plan394_future_arch_tests::plan394::a2_suspend_does_not_block_other_tasks
        PASS [   0.280s] ( 859/4972) auto-lang plan394_future_arch_tests::plan394::a3_sequential_external_awaits
        PASS [   0.217s] ( 860/4972) auto-lang plan394_future_arch_tests::plan394::future_value_default_internal_shape
        PASS [   0.217s] ( 861/4972) auto-lang plan394_future_arch_tests::plan394::c3_a2r_nested_async_await_corpus_exists
        PASS [   0.294s] ( 862/4972) auto-lang plan394_future_arch_tests::plan394::b2_stack_frame_integrity
        PASS [   0.233s] ( 863/4972) auto-lang plan394_future_arch_tests::plan394::r1_waiting_future_id_defaults_none
        PASS [   0.279s] ( 864/4972) auto-lang plan394_future_arch_tests::plan394::c2_future_race
        PASS [   0.296s] ( 865/4972) auto-lang plan394_future_arch_tests::plan394::c1_future_all
        PASS [   0.233s] ( 866/4972) auto-lang plan394_future_arch_tests::plan394::u1_async_frame_push_pop
        PASS [   0.265s] ( 867/4972) auto-lang plan394_future_arch_tests::plan394::r2_internal_async_block_still_works
        PASS [   0.341s] ( 868/4972) auto-lang plan394_future_arch_tests::plan394::b1_nested_external_await_in_async_block
        PASS [   0.248s] ( 869/4972) auto-lang plan394_future_arch_tests::plan394::u3_resolve_external_future_states
        PASS [   0.249s] ( 870/4972) auto-lang plan394_future_arch_tests::plan394::u2_future_kind_fork
        PASS [   0.281s] ( 871/4972) auto-lang plan446_batch1_tests::positioned_parse_errors_multi_error_cap
        PASS [   0.282s] ( 872/4972) auto-lang plan394_future_arch_tests::plan394::u4_future_bits_roundtrip
        PASS [   0.265s] ( 873/4972) auto-lang plan446_batch1_tests::positioned_parse_errors_reports_line_col
        PASS [   0.266s] ( 874/4972) auto-lang plan510_pool_tests::plan510::http_server_param_interning_is_pool_visible
        PASS [   0.235s] ( 875/4972) auto-lang plan510_pool_tests::plan510::log_native_ids_do_not_collide_with_shell_family
        PASS [   0.285s] ( 876/4972) auto-lang plan510_pool_tests::plan510::hash_log_macros_log_and_continue
        PASS [   0.221s] ( 877/4972) auto-lang plan510_pool_tests::plan510::pool_settles_callspec_list_push_str
        PASS [   0.222s] ( 878/4972) auto-lang plan510_pool_tests::plan510::native_string_returns_are_counted
        PASS [   0.206s] ( 879/4972) auto-lang plan510_pool_tests::plan510::pool_settles_callspec_str_method_recv
        PASS [   0.221s] ( 880/4972) auto-lang plan510_pool_tests::plan510::underflow_counter_detects_forced_over_release
        PASS [   0.207s] ( 881/4972) auto-lang plan577_avatar_tests::avatar_children_render_image_and_fallback
        PASS [   0.236s] ( 882/4972) auto-lang plan577_avatar_tests::avatar_bare_keeps_placeholder
        PASS [   0.237s] ( 883/4972) auto-lang plan577_breadcrumb_cycle_tests::breadcrumb_page_tag_self_fold_cycle_does_not_overflow
        PASS [   0.238s] ( 884/4972) auto-lang plan577_avatar_tests::avatar_props_form_desugars_like_vue
        PASS [   0.239s] ( 885/4972) auto-lang plan608_dispatch_golden_tests::callspec_route_guard_registry_covers_dead_arms
        PASS [   0.236s] ( 886/4972) auto-lang plan608_dispatch_golden_tests::callspec_unknown_method_fallback_pins_null_and_balance
        PASS [   0.238s] ( 887/4972) auto-lang plan632_demo_bridge_tests::f1_embedded_store_state_seeds_and_interpolates
        PASS [   0.254s] ( 888/4972) auto-lang plan632_demo_bridge_tests::f1_embedded_store_handler_dispatch
        PASS [   0.275s] ( 889/4972) auto-lang plan632_demo_bridge_tests::f3_component_own_handler_compiles_into_vm
        PASS [   0.290s] ( 890/4972) auto-lang plan632_demo_bridge_tests::f2_embedded_dep_component_expands_with_props
        PASS [   0.286s] ( 891/4972) auto-lang plan632_demo_bridge_tests::f4_embedded_adapter_module_fn_computed
        PASS [   0.409s] ( 892/4972) auto-lang plan510_pool_tests::plan510::pool_soak_churn_short
        PASS [   0.282s] ( 893/4972) auto-lang plan633_fullstack_embed_tests::f5_embedded_fullstack_api_data_reaches_state
        PASS [   0.265s] ( 894/4972) auto-lang plan664_use_diag_tests::plan664_p15_non_fs_module_forms_no_false_positive
        PASS [   0.264s] ( 895/4972) auto-lang plan664_use_diag_tests::plan664_p16_import_model_field_collision_diagnosed
        PASS [   0.280s] ( 896/4972) auto-lang plan664_use_diag_tests::plan664_p15_unresolved_use_module_diagnosed
        PASS [   0.328s] ( 897/4972) auto-lang plan633_fullstack_embed_tests::f5_embedded_fullstack_api_write_path
        PASS [   0.280s] ( 898/4972) auto-lang py_ffi_types::tests::test_all_auto_zero_params
        PASS [   0.297s] ( 899/4972) auto-lang plan633_fullstack_embed_tests::f5_embedded_fullstack_multi_store_isolation
        PASS [   0.330s] ( 900/4972) auto-lang plan633_fullstack_embed_tests::f5_embedded_fullstack_grandchild_viewport
        PASS [   0.294s] ( 901/4972) auto-lang py_ffi_types::tests::test_all_auto_signature
        PASS [   0.281s] ( 902/4972) auto-lang py_ffi_types::tests::test_default_string_string
        PASS [   0.281s] ( 903/4972) auto-lang py_ffi_types::tests::test_multi_param_signature
        PASS [   0.263s] ( 904/4972) auto-lang py_ffi_types::tests::test_py_signature_builder
        PASS [   0.280s] ( 905/4972) auto-lang py_ffi_types::tests::test_nullable_lint_recording_dedup
        PASS [   0.293s] ( 906/4972) auto-lang py_ffi_types::tests::test_py_type_equality
        PASS [   0.277s] ( 907/4972) auto-lang query::tests::test_cache_validation_dirty_file
        PASS [   0.278s] ( 908/4972) auto-lang query::tests::test_clear_cache
        PASS [   0.261s] ( 909/4972) auto-lang query::tests::test_find_references_query
        PASS [   0.262s] ( 910/4972) auto-lang query::tests::test_execute_uncached
        PASS [   0.226s] ( 911/4972) auto-lang query::tests::test_get_file_deps_query
        PASS [   0.226s] ( 912/4972) auto-lang query::tests::test_get_completions_query
        PASS [   0.227s] ( 913/4972) auto-lang query::tests::test_get_fragments_query
        PASS [   0.215s] ( 914/4972) auto-lang query::tests::test_get_functions_query
        PASS [   0.216s] ( 915/4972) auto-lang query::tests::test_get_symbol_location_query
        PASS [   0.199s] ( 916/4972) auto-lang query::tests::test_get_type_query_miss
        PASS [   0.216s] ( 917/4972) auto-lang query::tests::test_get_type_query_hit
        PASS [   0.200s] ( 918/4972) auto-lang query::tests::test_infer_expr_type_query_with_binding
        PASS [   0.215s] ( 919/4972) auto-lang query::tests::test_invalidate_fragment
        PASS [   0.231s] ( 920/4972) auto-lang query::tests::test_infer_expr_type_query_int_literal
        PASS [   0.229s] ( 921/4972) auto-lang query::tests::test_query_engine_new
        PASS [   0.230s] ( 922/4972) auto-lang query::tests::test_lru_eviction_when_capacity_exceeded
        PASS [   0.231s] ( 923/4972) auto-lang query::tests::test熔断_cache_invalidated_when_signature_changed
        PASS [   0.201s] ( 924/4972) auto-lang resolver::plan131_tests::test_error_module_not_found_shows_searched_paths
        PASS [   0.249s] ( 925/4972) auto-lang query::tests::test_query_engine_with_capacity
        PASS [   0.230s] ( 926/4972) auto-lang query::tests::test熔断_cache_valid_when_signature_unchanged
        PASS [   0.217s] ( 927/4972) auto-lang resolver::plan131_tests::test_error_ambiguous_module_shows_both_paths
        PASS [   0.218s] ( 928/4972) auto-lang resolver::plan131_tests::test_error_super_at_root_suggests_pac
        PASS [   0.203s] ( 929/4972) auto-lang resolver::plan131_tests::test_resolve_module_not_found
        PASS [   0.218s] ( 930/4972) auto-lang resolver::plan131_tests::test_resolve_dep_not_implemented
        PASS [   0.205s] ( 931/4972) auto-lang resolver::plan131_tests::test_resolve_local_in_same_dir
        PASS [   0.217s] ( 932/4972) auto-lang resolver::plan131_tests::test_resolve_pac_from_root
        PASS [   0.233s] ( 933/4972) auto-lang resolver::plan131_tests::test_resolve_pac_deep_path
        PASS [   0.231s] ( 934/4972) auto-lang resolver::plan131_tests::test_resolve_pac_directory_module
        PASS [   0.204s] ( 935/4972) auto-lang resolver::tests::test_filesystem_resolver_search_paths
        PASS [   0.251s] ( 936/4972) auto-lang resolver::plan131_tests::test_resolve_super_from_nested
        PASS [   0.203s] ( 937/4972) auto-lang resolver::tests::test_filesystem_resolver_std_module
        PASS [   0.235s] ( 938/4972) auto-lang resolver::tests::test_filesystem_resolver_relative_import
        PASS [   0.235s] ( 939/4972) auto-lang resolver::tests::test_filesystem_resolver_not_found
        PASS [   0.233s] ( 940/4972) auto-lang route::discovery::tests::test_convert_filename_dynamic
        PASS [   0.202s] ( 941/4972) auto-lang route::discovery::tests::test_convert_filename_simple
        PASS [   0.205s] ( 942/4972) auto-lang route::discovery::tests::test_discover_index_route
        PASS [   0.220s] ( 943/4972) auto-lang route::discovery::tests::test_discover_dynamic_route
        PASS [   0.202s] ( 944/4972) auto-lang route::discovery::tests::test_discover_nested_directory
        PASS [   0.235s] ( 945/4972) auto-lang route::discovery::tests::test_discover_multiple_routes
        PASS [   0.203s] ( 946/4972) auto-lang route::discovery::tests::test_discover_nested_route
        PASS [   0.234s] ( 947/4972) auto-lang route::discovery::tests::test_discovery_new
        PASS [   0.219s] ( 948/4972) auto-lang route::discovery::tests::test_discovery_nonexistent_directory
        PASS [   0.234s] ( 949/4972) auto-lang route::discovery::tests::test_discover_simple_route
        PASS [   0.202s] ( 950/4972) auto-lang route::discovery::tests::test_empty_directory
        PASS [   0.203s] ( 951/4972) auto-lang route::discovery::tests::test_ignores_non_at_files
        PASS [   0.232s] ( 952/4972) auto-lang route::merger::tests::test_filter_by_source
        PASS [   0.203s] ( 953/4972) auto-lang route::merger::tests::test_find_conflicts
        PASS [   0.234s] ( 954/4972) auto-lang route::discovery::tests::test_exists
        PASS [   0.220s] ( 955/4972) auto-lang route::merger::tests::test_find_conflicts_same_module
        PASS [   0.220s] ( 956/4972) auto-lang route::merger::tests::test_find_no_conflicts
        PASS [   0.188s] ( 957/4972) auto-lang route::merger::tests::test_get_all_paths
        PASS [   0.202s] ( 958/4972) auto-lang route::merger::tests::test_merge_config_only
        PASS [   0.204s] ( 959/4972) auto-lang route::merger::tests::test_merge_metadata_preserved
        PASS [   0.232s] ( 960/4972) auto-lang route::merger::tests::test_merge_empty
        PASS [   0.233s] ( 961/4972) auto-lang route::merger::tests::test_merge_config_overrides
        PASS [   0.232s] ( 962/4972) auto-lang route::merger::tests::test_merge_discovered_only
        PASS [   0.234s] ( 963/4972) auto-lang route::merger::tests::test_merge_no_conflict_different_paths
        PASS [   0.203s] ( 964/4972) auto-lang route::merger::tests::test_merge_with_stats
        PASS [   0.232s] ( 965/4972) auto-lang route::merger::tests::test_merge_sorted_output
        PASS [   0.202s] ( 966/4972) auto-lang route::merger::tests::test_route_conflict_display
        PASS [   0.233s] ( 967/4972) auto-lang route::merger::tests::test_merge_params_updated_from_config
        PASS [   0.234s] ( 968/4972) auto-lang route::tests::test_extract_path_params
        PASS [   0.202s] ( 969/4972) auto-lang route::tests::test_route_def_new
        PASS [   0.217s] ( 970/4972) auto-lang route::tests::test_route_def_multiple_params
        PASS [   0.248s] ( 971/4972) auto-lang route::tests::test_route_def_to_aura_route
        PASS [   0.232s] ( 972/4972) auto-lang route::tests::test_route_def_with_params
        PASS [   0.233s] ( 973/4972) auto-lang route::tests::test_route_def_with_meta
        PASS [   0.215s] ( 974/4972) auto-lang route::tests::test_route_def_with_source
        PASS [   0.233s] ( 975/4972) auto-lang runtime::tests::test_call_stack_push_pop
        PASS [   0.249s] ( 976/4972) auto-lang runtime::tests::test_builtin_functions
        PASS [   0.250s] ( 977/4972) auto-lang runtime::tests::test_args
        PASS [   0.231s] ( 978/4972) auto-lang runtime::tests::test_env_vals
        PASS [   0.231s] ( 979/4972) auto-lang runtime::tests::test_execution_engine_new
        PASS [   0.248s] ( 980/4972) auto-lang runtime::tests::test_frame_counter
        PASS [   0.217s] ( 981/4972) auto-lang runtime::tests::test_lookup_var
        PASS [   0.234s] ( 982/4972) auto-lang runtime::tests::test_lookup_var_not_found
        PASS [   0.235s] ( 983/4972) auto-lang runtime::tests::test_get_frame_by_id
        PASS [   0.235s] ( 984/4972) auto-lang runtime::tests::test_stack_frame_get_set
        PASS [   0.234s] ( 985/4972) auto-lang runtime::tests::test_stack_frame_moved_vars
        PASS [   0.218s] ( 986/4972) auto-lang runtime::tests::test_value_management
        PASS [   0.252s] ( 987/4972) auto-lang runtime::tests::test_stack_frame_remove
        PASS [   0.235s] ( 988/4972) auto-lang scope::tests::test_sid
        PASS [   0.266s] ( 989/4972) auto-lang runtime::tests::test_stack_frame_new
        PASS [   0.266s] ( 990/4972) auto-lang runtime::tests::test_vm_ref_management
        PASS [   0.249s] ( 991/4972) auto-lang scope::tests::test_symbol_table_from_scope
        PASS [   0.250s] ( 992/4972) auto-lang scope::tests::test_symbol_table_kids
        PASS [   0.233s] ( 993/4972) auto-lang scope::tests::test_symbol_table_name
        PASS [   0.233s] ( 994/4972) auto-lang scope::tests::test_symbol_table_symbols
        PASS [   0.235s] ( 995/4972) auto-lang scope::tests::test_symbol_table_types
        PASS [   0.250s] ( 996/4972) auto-lang scope::tests::test_symbol_table_parent
        PASS [   0.232s] ( 997/4972) auto-lang session::tests::test_scenario_is_methods
        PASS [   0.233s] ( 998/4972) auto-lang session::tests::test_scenario_from_str
        PASS [   0.233s] ( 999/4972) auto-lang session::tests::test_backend_or_default
        PASS [   0.251s] (1000/4972) auto-lang session::tests::test_session_builder
        PASS [   0.252s] (1001/4972) auto-lang sse::decoder::tests::plan707_decode_budget_limits_are_observable
        PASS [   0.234s] (1002/4972) auto-lang sse::decoder::tests::plan707_decode_byte_split_invariance_utf8_midpoint
        PASS [   0.234s] (1003/4972) auto-lang sse::decoder::tests::plan707_decode_empty_data_not_dispatched_done_is_data
        PASS [   0.247s] (1004/4972) auto-lang sse::decoder::tests::plan707_decode_last_event_id_persists_and_eof_drops_unclosed
        PASS [   0.247s] (1005/4972) auto-lang sse::decoder::tests::plan707_decode_legacy_helper_matrix_unchanged
        PASS [   0.248s] (1006/4972) auto-lang sse::decoder::tests::plan707_decode_field_rules
        PASS [   0.232s] (1007/4972) auto-lang sse::decoder::tests::plan707_decode_line_endings_lf_crlf_cr
        PASS [   0.232s] (1008/4972) auto-lang sse::decoder::tests::plan707_decode_nul_id_and_bad_retry_ignored
        PASS [   0.215s] (1009/4972) auto-lang sse::parser::tests::test_parse_sse_done_marker
        PASS [   0.215s] (1010/4972) auto-lang sse::parser::tests::test_parse_sse_ignore_comments
        PASS [   0.230s] (1011/4972) auto-lang sse::decoder::tests::plan707_decode_utf8_carry_split_and_lossy
        PASS [   0.231s] (1012/4972) auto-lang sse::parser::tests::test_parse_sse_multi_line
        PASS [   0.231s] (1013/4972) auto-lang sse::parser::tests::test_parse_sse_multiple_events
        PASS [   0.216s] (1014/4972) auto-lang sse::parser::tests::test_parse_sse_with_fields
        PASS [   0.230s] (1015/4972) auto-lang sse::parser::tests::test_parse_sse_simple
        PASS [   0.216s] (1016/4972) auto-lang sse::parser::tests::test_parse_sse_with_json
        PASS [   0.202s] (1017/4972) auto-lang sse::parser::tests::test_sse_event_is_empty
        PASS [   0.235s] (1018/4972) auto-lang sse::parser::tests::test_sse_event_builder
        PASS [   0.234s] (1019/4972) auto-lang sse::parser::tests::test_sse_event_is_done
        PASS [   0.217s] (1020/4972) auto-lang state_file::tests::atomic_write_failure_keeps_target
        PASS [   0.249s] (1021/4972) auto-lang state_file::tests::atomic_write_creates_and_overwrites
        PASS [   0.251s] (1022/4972) auto-lang state_file::tests::stale_lock_is_taken_over
        PASS [   0.235s] (1023/4972) auto-lang store_deps_scan_tests::extract_store_deps_ignores_comment_examples
        PASS [   0.235s] (1024/4972) auto-lang target::tests::test_default_storage_capacity
        PASS [   0.235s] (1025/4972) auto-lang target::tests::test_default_storage_str
        PASS [   0.250s] (1026/4972) auto-lang target::tests::test_detect_all_env_scenarios
        PASS [   0.313s] (1027/4972) auto-lang state_file::tests::lock_timeout_degrades_but_executes
        PASS [   0.268s] (1028/4972) auto-lang target::tests::test_has_heap
        PASS [   0.255s] (1029/4972) auto-lang tests::actor_state_tests::actor_bound_var_handler_multi_send
        FAIL [   0.255s] (1030/4972) auto-lang tests::a2r_std_signature_parity::a2r_std_signature_parity
  stdout ───

    running 1 test
    test tests::a2r_std_signature_parity::a2r_std_signature_parity ... FAILED

    failures:

    failures:
        tests::a2r_std_signature_parity::a2r_std_signature_parity

    test result: FAILED. 0 passed; 1 failed; 0 ignored; 0 measured; 6501 filtered out; finished in 0.01s

  stderr ───

    thread 'tests::a2r_std_signature_parity::a2r_std_signature_parity' (39640) panicked at crates\auto-lang\src\tests\a2r_std_signature_parity.rs:391:5:
    KNOWN-DEBT 396 signature drift detected:
    file.rs.at: only on a2r-std::fs side (missing from .rs.at) — mirror the declaration or extend the allowlist with a debt note: ["dir_names"]
    note: run with `RUST_BACKTRACE=1` environment variable to display a backtrace

        PASS [   0.268s] (1031/4972) auto-lang target::tests::test_target_display
        PASS [   0.422s] (1032/4972) auto-lang state_file::tests::lock_serializes_critical_sections
        PASS [   0.302s] (1033/4972) auto-lang tests::actor_state_tests::actor_spawn_init_arg_overrides_now_working_default
        PASS [   0.315s] (1034/4972) auto-lang tests::actor_state_tests::actor_spawn_init_arg_overrides_default
        PASS [   0.302s] (1035/4972) auto-lang tests::actor_state_tests::actor_state_field_increment_persists
        PASS [   0.303s] (1036/4972) auto-lang tests::actor_state_tests::actor_state_default_init_without_fn_start
        PASS [   0.332s] (1037/4972) auto-lang tests::actor_state_tests::actor_state_field_let_rhs
        PASS [   0.297s] (1038/4972) auto-lang tests::actor_state_tests::actor_withbindings_deep_expr_three_fields
        PASS [   0.314s] (1039/4972) auto-lang tests::actor_state_tests::actor_state_field_print_direct
        PASS [   0.344s] (1040/4972) auto-lang tests::actor_state_tests::actor_state_field_write
        PASS [   0.313s] (1041/4972) auto-lang tests::actor_tests::actor_else_handler_runs
        PASS [   0.345s] (1042/4972) auto-lang tests::actor_state_tests::actor_withbindings_multi_field
        PASS [   0.295s] (1043/4972) auto-lang tests::actor_tests::actor_multiple_messages_dispatched
        PASS [   0.311s] (1044/4972) auto-lang tests::actor_tests::actor_message_handler_runs
        PASS [   0.314s] (1045/4972) auto-lang tests::actor_tests::actor_no_start_no_state_binds_payload
        PASS [   0.286s] (1046/4972) auto-lang tests::actor_tests::actor_two_types_independent_payload
        PASS [   0.315s] (1047/4972) auto-lang tests::actor_tests::actor_start_hook_runs
        PASS [   0.296s] (1048/4972) auto-lang tests::actor_tests::actor_vm_exits_after_messages
        PASS [   0.312s] (1049/4972) auto-lang tests::autodown_tests::error_tests::test_lexer_empty_input
        PASS [   0.262s] (1050/4972) auto-lang tests::autodown_tests::error_tests::test_parser_handles_empty_input
        PASS [   0.296s] (1051/4972) auto-lang tests::autodown_tests::error_tests::test_parser_handles_whitespace_only
        PASS [   0.310s] (1052/4972) auto-lang tests::autodown_tests::lexer_advanced_tests::test_lexer_blank_line
        PASS [   0.295s] (1053/4972) auto-lang tests::autodown_tests::lexer_advanced_tests::test_lexer_blockquote
        PASS [   0.311s] (1054/4972) auto-lang tests::autodown_tests::lexer_advanced_tests::test_lexer_else_keyword
        PASS [   0.340s] (1055/4972) auto-lang tests::autodown_tests::lexer_advanced_tests::test_lexer_code_fence
        PASS [   0.796s] (1056/4972) auto-lang state_file::tests::concurrent_atomic_writes_never_tear
        PASS [   0.329s] (1057/4972) auto-lang tests::autodown_tests::lexer_advanced_tests::test_lexer_for_keyword
        PASS [   0.340s] (1058/4972) auto-lang tests::autodown_tests::lexer_advanced_tests::test_lexer_h4_header
        PASS [   0.312s] (1059/4972) auto-lang tests::autodown_tests::lexer_advanced_tests::test_lexer_h5_header
        PASS [   0.297s] (1060/4972) auto-lang tests::autodown_tests::lexer_advanced_tests::test_lexer_if_keyword
        PASS [   0.342s] (1061/4972) auto-lang tests::autodown_tests::lexer_advanced_tests::test_lexer_horizontal_rule
        PASS [   0.342s] (1062/4972) auto-lang tests::autodown_tests::lexer_advanced_tests::test_lexer_header_with_text
        PASS [   0.327s] (1063/4972) auto-lang tests::autodown_tests::lexer_advanced_tests::test_lexer_interpolation
        PASS [   0.323s] (1064/4972) auto-lang tests::autodown_tests::lexer_advanced_tests::test_lexer_numbered_list
        PASS [   0.324s] (1065/4972) auto-lang tests::autodown_tests::lexer_advanced_tests::test_lexer_list_item
        PASS [   0.341s] (1066/4972) auto-lang tests::autodown_tests::math_tests::test_math_simple_expression
        PASS [   0.369s] (1067/4972) auto-lang tests::autodown_tests::lexer_tests::test_lexer_plain_text
        PASS [   0.327s] (1068/4972) auto-lang tests::autodown_tests::math_tests::test_math_sqrt
        PASS [   0.327s] (1069/4972) auto-lang tests::autodown_tests::math_tests::test_math_sum_function
        PASS [   0.294s] (1070/4972) auto-lang tests::autodown_tests::math_tests::test_math_to_typst
        PASS [   0.717s] (1071/4972) auto-lang tests::autodown_codegen_debts_tests::autodown_codegen_debts_tests::test_prop_initialized_state_var_sees_defineProps_first
        PASS [   0.698s] (1072/4972) auto-lang tests::autodown_codegen_debts_tests::autodown_codegen_debts_tests::test_vfor_known_sources_report_no_R012
        PASS [   0.311s] (1073/4972) auto-lang tests::autodown_tests::parser_tests::test_parser_empty_document
        PASS [   0.326s] (1074/4972) auto-lang tests::autodown_tests::parser_tests::test_parser_multiple_paragraphs
        PASS [   0.728s] (1075/4972) auto-lang tests::autodown_codegen_debts_tests::autodown_codegen_debts_tests::test_vfor_unknown_source_reports_R012_error
        PASS [   0.296s] (1076/4972) auto-lang tests::autodown_tests::parser_tests::test_parser_ordered_list
        PASS [   0.310s] (1077/4972) auto-lang tests::autodown_tests::parser_tests::test_parser_multiple_sections
        PASS [   0.309s] (1078/4972) auto-lang tests::autodown_tests::parser_tests::test_parser_paragraph_block
        PASS [   0.313s] (1079/4972) auto-lang tests::autodown_tests::parser_tests::test_parser_simple_paragraph
        PASS [   0.342s] (1080/4972) auto-lang tests::autodown_tests::parser_tests::test_parser_section_with_content
        PASS [   0.327s] (1081/4972) auto-lang tests::autodown_tests::parser_tests::test_parser_single_section
        PASS [   0.312s] (1082/4972) auto-lang tests::autodown_tests::parser_tests::test_parser_unordered_list
        PASS [   0.312s] (1083/4972) auto-lang tests::autodown_tests::transpiler_tests::test_html_header
        PASS [   0.298s] (1084/4972) auto-lang tests::autodown_tests::transpiler_tests::test_html_italic
        PASS [   0.329s] (1085/4972) auto-lang tests::autodown_tests::transpiler_tests::test_html_bold
        PASS [   0.282s] (1086/4972) auto-lang tests::autodown_tests::transpiler_tests::test_typst_header
        PASS [   0.295s] (1087/4972) auto-lang tests::autodown_tests::transpiler_tests::test_html_simple_paragraph
        PASS [   0.282s] (1088/4972) auto-lang tests::bigvm_generic_integration_tests::test_codegen_preserves_generics_across_compilations
        PASS [   0.282s] (1089/4972) auto-lang tests::autodown_tests::transpiler_tests::test_typst_simple_paragraph
        PASS [   0.249s] (1090/4972) auto-lang tests::bigvm_generic_integration_tests::test_codegen_tracks_multiple_list_types
        PASS [   0.264s] (1091/4972) auto-lang tests::bigvm_generic_integration_tests::test_codegen_tracks_list_int
        PASS [   0.264s] (1092/4972) auto-lang tests::bigvm_generic_integration_tests::test_collect_monomorphizable_types_from_list
        PASS [   0.247s] (1093/4972) auto-lang tests::bigvm_generic_integration_tests::test_end_to_end_track_and_monomorphize
        PASS [   0.264s] (1094/4972) auto-lang tests::bigvm_generic_integration_tests::test_end_to_end_monomorphizable_workflow
        PASS [   0.266s] (1095/4972) auto-lang tests::bigvm_generic_integration_tests::test_extract_generic_instance_from_list
        PASS [   0.280s] (1096/4972) auto-lang tests::bigvm_generic_integration_tests::test_collect_monomorphizable_types_from_nested_list
        PASS [   0.277s] (1097/4972) auto-lang tests::bigvm_generic_integration_tests::test_extract_generic_instance_from_nested_list
        PASS [   0.277s] (1098/4972) auto-lang tests::bigvm_generic_integration_tests::test_extract_generic_instance_from_non_generic
        PASS [   0.265s] (1099/4972) auto-lang tests::bigvm_generic_integration_tests::test_generic_instance_display_multiple_params
        PASS [   0.280s] (1100/4972) auto-lang tests::bigvm_generic_integration_tests::test_generic_instance_display_list_int
        PASS [   0.246s] (1101/4972) auto-lang tests::bigvm_generic_integration_tests::test_generic_instance_is_list
        PASS [   0.246s] (1102/4972) auto-lang tests::bigvm_generic_integration_tests::test_generic_instance_list_element_type
        PASS [   0.246s] (1103/4972) auto-lang tests::bigvm_generic_integration_tests::test_generic_instance_monomorphic_name_list_bool
        PASS [   0.231s] (1104/4972) auto-lang tests::bigvm_generic_integration_tests::test_generic_table_clear
        PASS [   0.247s] (1105/4972) auto-lang tests::bigvm_generic_integration_tests::test_generic_instance_monomorphic_name_list_int
        PASS [   0.247s] (1106/4972) auto-lang tests::bigvm_generic_integration_tests::test_generic_instance_monomorphic_name_list_str
        PASS [   0.244s] (1107/4972) auto-lang tests::bigvm_generic_integration_tests::test_generic_table_multiple_registrations
        PASS [   0.263s] (1108/4972) auto-lang tests::bigvm_generic_integration_tests::test_generic_table_register_and_contains
        PASS [   0.276s] (1109/4972) auto-lang tests::bigvm_generic_integration_tests::test_generic_table_list_instantiations
        PASS [   0.246s] (1110/4972) auto-lang tests::bigvm_generic_integration_tests::test_get_list_create_opcode_bool
        PASS [   0.246s] (1111/4972) auto-lang tests::bigvm_generic_integration_tests::test_get_list_create_opcode_int
        PASS [   0.248s] (1112/4972) auto-lang tests::bigvm_generic_integration_tests::test_get_list_create_opcode_string
        PASS [   0.263s] (1113/4972) auto-lang tests::bigvm_generic_integration_tests::test_get_list_create_opcode_unsupported
        PASS [   0.263s] (1114/4972) auto-lang tests::bigvm_generic_integration_tests::test_get_list_get_opcode_int
        PASS [   0.248s] (1115/4972) auto-lang tests::bigvm_generic_integration_tests::test_get_list_pop_opcode_int
        PASS [   0.263s] (1116/4972) auto-lang tests::bigvm_generic_integration_tests::test_get_list_push_opcode_int
        PASS [   0.262s] (1117/4972) auto-lang tests::bigvm_generic_integration_tests::test_is_monomorphizable_list
        PASS [   0.263s] (1118/4972) auto-lang tests::bigvm_generic_integration_tests::test_get_list_set_opcode_int
        PASS [   0.249s] (1119/4972) auto-lang tests::bigvm_generic_integration_tests::test_monomorphize_multiple_instantiations
        PASS [   0.249s] (1120/4972) auto-lang tests::bigvm_generic_integration_tests::test_is_monomorphizable_non_generic
        PASS [   0.264s] (1121/4972) auto-lang tests::bigvm_generic_integration_tests::test_monomorphize_nested_list
        PASS [   0.264s] (1122/4972) auto-lang tests::bigvm_generic_integration_tests::test_monomorphize_single_list_int
        PASS [   0.266s] (1123/4972) auto-lang tests::const_generic_integration_tests::test_const_generic_in_type
        PASS [   0.251s] (1124/4972) auto-lang tests::const_generic_integration_tests::test_const_param_usize
        PASS [   0.266s] (1125/4972) auto-lang tests::const_generic_integration_tests::test_const_generic_in_tag
        PASS [   0.248s] (1126/4972) auto-lang tests::const_generic_integration_tests::test_type_param_in_tag
        PASS [   0.263s] (1127/4972) auto-lang tests::const_generic_integration_tests::test_mixed_params_in_tag
        PASS [   0.263s] (1128/4972) auto-lang tests::const_generic_integration_tests::test_multiple_const_params
        PASS [   0.264s] (1129/4972) auto-lang tests::const_generic_tests::test_const_keyword_tokenized
        PASS [   0.250s] (1130/4972) auto-lang tests::const_generic_tests::test_const_param_structure
        PASS [   0.266s] (1131/4972) auto-lang tests::const_generic_tests::test_const_param_parsing
        PASS [   0.250s] (1132/4972) auto-lang tests::const_generic_tests::test_generic_param_display
        PASS [   0.265s] (1133/4972) auto-lang tests::const_generic_tests::test_type_param_still_works
        PASS [   0.280s] (1134/4972) auto-lang tests::default_storage_tests::test_explicit_generic_type_parses
        PASS [   0.265s] (1135/4972) auto-lang tests::default_storage_tests::test_generic_list_two_params_parses
        PASS [   0.268s] (1136/4972) auto-lang tests::default_storage_tests::test_mcu_pattern_parses
        PASS [   0.269s] (1137/4972) auto-lang tests::default_storage_tests::test_inline_storage_with_spec_parses
        PASS [   0.250s] (1138/4972) auto-lang tests::default_storage_tests::test_pc_pattern_parses
        PASS [   0.249s] (1139/4972) auto-lang tests::dstr_tests::test_string_comprehensive_hello
        PASS [   0.267s] (1140/4972) auto-lang tests::dstr_tests::test_string_from_multi_char
        PASS [   0.281s] (1141/4972) auto-lang tests::dstr_tests::test_string_clear
        PASS [   0.250s] (1142/4972) auto-lang tests::dstr_tests::test_string_from_then_modify
        PASS [   0.250s] (1143/4972) auto-lang tests::dstr_tests::test_string_from_then_push
        PASS [   0.283s] (1144/4972) auto-lang tests::dstr_tests::test_string_from
        PASS [   0.280s] (1145/4972) auto-lang tests::dstr_tests::test_string_get
        PASS [   0.280s] (1146/4972) auto-lang tests::dstr_tests::test_string_insert_at_beginning
        PASS [   0.281s] (1147/4972) auto-lang tests::dstr_tests::test_string_insert
        PASS [   0.250s] (1148/4972) auto-lang tests::dstr_tests::test_string_is_empty_after_push
        PASS [   0.265s] (1149/4972) auto-lang tests::dstr_tests::test_string_is_empty
        PASS [   0.280s] (1150/4972) auto-lang tests::dstr_tests::test_string_multiple_operations
        PASS [   0.280s] (1151/4972) auto-lang tests::dstr_tests::test_string_new
        PASS [   0.262s] (1152/4972) auto-lang tests::dstr_tests::test_string_pop
        PASS [   0.266s] (1153/4972) auto-lang tests::dstr_tests::test_string_pop_reduces_length
        PASS [   0.295s] (1154/4972) auto-lang tests::dstr_tests::test_string_push
        PASS [   0.280s] (1155/4972) auto-lang tests::dstr_tests::test_string_push_and_get
        PASS [   0.264s] (1156/4972) auto-lang tests::dstr_tests::test_string_remove
        PASS [   0.292s] (1157/4972) auto-lang tests::dstr_tests::test_string_remove_reduces_length
        PASS [   0.263s] (1158/4972) auto-lang tests::error_spans_tests::gap18_29_reserved_words_as_loop_vars_parse
        PASS [   0.278s] (1159/4972) auto-lang tests::error_spans_tests::gap17_msg_variant_payload_parses_with_type
        PASS [   0.291s] (1160/4972) auto-lang tests::dstr_tests::test_string_reserve
        PASS [   0.291s] (1161/4972) auto-lang tests::dstr_tests::test_string_set
        PASS [   0.262s] (1162/4972) auto-lang tests::error_spans_tests::gap37a_bool_literal_event_arg_now_parses
        PASS [   0.261s] (1163/4972) auto-lang tests::error_spans_tests::gap46_text_fn_call_parses_as_call_expr
        PASS [   0.277s] (1164/4972) auto-lang tests::error_spans_tests::gap37a_bool_arg_unquoted_handler_now_parses
        PASS [   0.295s] (1165/4972) auto-lang tests::error_spans_tests::plan410_undefined_ident_in_call_arg_span_points_at_itself
        PASS [   0.262s] (1166/4972) auto-lang tests::error_tests::test_source_code_in_error
        PASS [   0.311s] (1167/4972) auto-lang tests::error_spans_tests::plan410_undefined_ident_span_points_at_expression_start
        PASS [   0.314s] (1168/4972) auto-lang tests::ffi_dual_tests::ffi_dual_001_file_exists
        PASS [   0.388s] (1169/4972) auto-lang tests::ffi_tests::test_all_new_ids_in_static_range
        PASS [   0.377s] (1170/4972) auto-lang tests::ffi_tests::test_auto_vm_includes_stdlib
        PASS [   0.376s] (1171/4972) auto-lang tests::ffi_tests::test_env_function_ids_in_range
        PASS [   0.398s] (1172/4972) auto-lang tests::ffi_tests::test_bool_convertible
        PASS [   0.353s] (1173/4972) auto-lang tests::ffi_tests::test_f32_convertible
        PASS [   0.350s] (1174/4972) auto-lang tests::ffi_tests::test_ffi_error_display_invalid_string_index
        PASS [   0.351s] (1175/4972) auto-lang tests::ffi_tests::test_ffi_error_display_invalid_list_id
        PASS [   0.364s] (1176/4972) auto-lang tests::ffi_tests::test_f64_convertible
        PASS [   0.340s] (1177/4972) auto-lang tests::ffi_tests::test_ffi_error_display_type_mismatch
        PASS [   0.371s] (1178/4972) auto-lang tests::ffi_tests::test_ffi_error_display_runtime_error
        PASS [   0.586s] (1179/4972) auto-lang tests::error_spans_tests::gap37b_handler_multi_params_stay_in_scope
        PASS [   0.335s] (1180/4972) auto-lang tests::ffi_tests::test_ffi_error_from_utf8_error
        PASS [   0.348s] (1181/4972) auto-lang tests::ffi_tests::test_ffi_error_from_io_error
        PASS [   0.318s] (1182/4972) auto-lang tests::ffi_tests::test_ffi_error_to_vm_error_conversion
        PASS [   0.273s] (1183/4972) auto-lang tests::ffi_tests::test_file_function_ids_in_range
        PASS [   0.340s] (1184/4972) auto-lang tests::ffi_tests::test_file_function_ids_extended
        PASS [   0.112s] (1185/4972) auto-lang tests::ffi_tests::test_ids_are_unique
        PASS [   0.239s] (1186/4972) auto-lang tests::ffi_dual_tests::ffi_dual_002_str_operations
        PASS [   0.149s] (1187/4972) auto-lang tests::ffi_tests::test_i32_convertible
        PASS [   0.142s] (1188/4972) auto-lang tests::ffi_tests::test_i64_convertible
        PASS [   0.137s] (1189/4972) auto-lang tests::ffi_tests::test_mixed_types
        PASS [   0.139s] (1190/4972) auto-lang tests::ffi_tests::test_math_function_ids
        PASS [   0.126s] (1191/4972) auto-lang tests::ffi_tests::test_option_some
        PASS [   0.120s] (1192/4972) auto-lang tests::ffi_tests::test_process_function_ids_extended
        PASS [   0.141s] (1193/4972) auto-lang tests::ffi_tests::test_multiple_push_pop
        PASS [   0.140s] (1194/4972) auto-lang tests::ffi_tests::test_option_none
        PASS [   0.133s] (1195/4972) auto-lang tests::ffi_tests::test_process_function_ids_in_range
        PASS [   0.135s] (1196/4972) auto-lang tests::ffi_tests::test_static_id_max_constant
        PASS [   0.137s] (1197/4972) auto-lang tests::ffi_tests::test_string_convertible
        PASS [   0.117s] (1198/4972) auto-lang tests::ffi_tests::test_time_function_ids_in_range
        PASS [   0.135s] (1199/4972) auto-lang tests::ffi_tests::test_string_unicode
        PASS [   0.138s] (1200/4972) auto-lang tests::ffi_tests::test_string_empty
        PASS [   0.134s] (1201/4972) auto-lang tests::ffi_tests::test_tuple_2_convertible
        PASS [   0.125s] (1202/4972) auto-lang tests::ffi_tests::test_tuple_3_convertible
        PASS [   0.140s] (1203/4972) auto-lang tests::ffi_tests::test_u32_convertible
        PASS [   0.145s] (1204/4972) auto-lang tests::ffi_dual_tests::ffi_dual_003_json_encode_parse
        PASS [   0.147s] (1205/4972) auto-lang tests::ffi_tests::test_u64_convertible
        PASS [   0.132s] (1206/4972) auto-lang tests::ffi_tests::test_unit_convertible
        PASS [   0.131s] (1207/4972) auto-lang tests::field_access_tests::plan043_numeric_dot_field_parses
        PASS [   0.154s] (1208/4972) auto-lang tests::field_access_tests::plan326_array_struct_return_raw_repr
        PASS [   0.154s] (1209/4972) auto-lang tests::field_access_tests::plan326_for_over_struct_array_field
        PASS [   0.169s] (1210/4972) auto-lang tests::field_access_tests::plan326_struct_array_mutation_reaccess
        PASS [   0.186s] (1211/4972) auto-lang tests::field_access_tests::plan326_struct_from_fn_both_fields
        PASS [   0.189s] (1212/4972) auto-lang tests::field_access_tests::plan326_struct_from_fn_int_field
        PASS [   0.187s] (1213/4972) auto-lang tests::field_access_tests::plan326_struct_from_fn_str_field
        PASS [   0.174s] (1214/4972) auto-lang tests::field_access_tests::test_field_access_basic
        PASS [   0.188s] (1215/4972) auto-lang tests::field_access_tests::plan326_struct_in_array_field_access
        PASS [   0.190s] (1216/4972) auto-lang tests::field_access_tests::plan326_struct_literal_str_field
        PASS [   0.155s] (1217/4972) auto-lang tests::field_access_tests::test_field_access_bool
        PASS [   0.191s] (1218/4972) auto-lang tests::field_access_tests::plan326_struct_return_raw_repr
        PASS [   0.166s] (1219/4972) auto-lang tests::field_access_tests::test_field_access_int
        PASS [   0.147s] (1220/4972) auto-lang tests::ffi_dual_tests::ffi_dual_004_math_abs
        PASS [   0.161s] (1221/4972) auto-lang tests::field_access_tests::test_field_access_no_move
        PASS [   0.145s] (1222/4972) auto-lang tests::field_access_tests::test_field_access_type
        PASS [   0.162s] (1223/4972) auto-lang tests::field_access_tests::test_field_access_positional_args
        PASS [   0.180s] (1224/4972) auto-lang tests::field_access_tests::test_field_assignment_and_access
        PASS [   0.154s] (1225/4972) auto-lang tests::field_access_tests::test_nested_field_access
        PASS [   0.154s] (1226/4972) auto-lang tests::field_access_tests::test_multiple_field_accesses
        PASS [   0.137s] (1227/4972) auto-lang tests::generator_tests::generator_for_loop_sum
        PASS [   0.136s] (1228/4972) auto-lang tests::generator_tests::generator_infinite_take_three
        PASS [   0.139s] (1229/4972) auto-lang tests::generic_list_data_tests::test_list_data_can_grow_heap
        PASS [   0.139s] (1230/4972) auto-lang tests::generic_list_data_tests::test_list_data_bool_operations
        PASS [   0.203s] (1231/4972) auto-lang tests::fs_tree_parity::fs_tree_dual_track_byte_parity
        PASS [   0.170s] (1232/4972) auto-lang tests::generator_tests::generator_infinite_break
        PASS [   0.169s] (1233/4972) auto-lang tests::generator_tests::generator_values_no_duplicates
        PASS [   0.153s] (1234/4972) auto-lang tests::generic_list_data_tests::test_list_data_can_grow_inline
        PASS [   0.170s] (1235/4972) auto-lang tests::generator_tests::generator_string_yields
        PASS [   0.153s] (1236/4972) auto-lang tests::generic_list_data_tests::test_list_data_char_operations
        PASS [   0.138s] (1237/4972) auto-lang tests::generic_list_data_tests::test_list_data_clear
        PASS [   0.168s] (1238/4972) auto-lang tests::ffi_dual_tests::ffi_dual_005_url_parts
        PASS [   0.135s] (1239/4972) auto-lang tests::generic_list_data_tests::test_list_data_clone_with_storage
        PASS [   0.153s] (1240/4972) auto-lang tests::generic_list_data_tests::test_list_data_clone
        PASS [   0.133s] (1241/4972) auto-lang tests::generic_list_data_tests::test_list_data_default
        PASS [   0.121s] (1242/4972) auto-lang tests::generic_list_data_tests::test_list_data_default_type_parameter
        PASS [   0.122s] (1243/4972) auto-lang tests::generic_list_data_tests::test_list_data_edge_cases
        PASS [   0.137s] (1244/4972) auto-lang tests::generic_list_data_tests::test_list_data_default_with_storage
        PASS [   0.124s] (1245/4972) auto-lang tests::generic_list_data_tests::test_list_data_get
        PASS [   0.105s] (1246/4972) auto-lang tests::generic_list_data_tests::test_list_data_get_char
        PASS [   0.138s] (1247/4972) auto-lang tests::generic_list_data_tests::test_list_data_get_storage_default
        PASS [   0.137s] (1248/4972) auto-lang tests::generic_list_data_tests::test_list_data_get_storage_heap
        PASS [   0.137s] (1249/4972) auto-lang tests::generic_list_data_tests::test_list_data_get_storage_inline
        PASS [   0.138s] (1250/4972) auto-lang tests::generic_list_data_tests::test_list_data_growth_efficiency
        PASS [   0.138s] (1251/4972) auto-lang tests::generic_list_data_tests::test_list_data_heap_behavior
        PASS [   0.139s] (1252/4972) auto-lang tests::generic_list_data_tests::test_list_data_insert
        PASS [   0.152s] (1253/4972) auto-lang tests::generic_list_data_tests::test_list_data_growth_doubling
        PASS [   0.157s] (1254/4972) auto-lang tests::generic_list_data_tests::test_list_data_inline_behavior
        PASS [   0.159s] (1255/4972) auto-lang tests::generic_list_data_tests::test_list_data_insert_at_beginning
        PASS [   0.159s] (1256/4972) auto-lang tests::generic_list_data_tests::test_list_data_insert_at_end
        PASS [   0.143s] (1257/4972) auto-lang tests::generic_list_data_tests::test_list_data_insert_inline_capacity_limit
        PASS [   0.156s] (1258/4972) auto-lang tests::generic_list_data_tests::test_list_data_insert_out_of_bounds
        FAIL [   1.232s] (1259/4972) auto-lang tests::ffi_dep_parity_tests::dep_parity_017_dep_lifecycle
  stdout ───

    running 1 test
    test tests::ffi_dep_parity_tests::dep_parity_017_dep_lifecycle ... FAILED

    failures:

    failures:
        tests::ffi_dep_parity_tests::dep_parity_017_dep_lifecycle

    test result: FAILED. 0 passed; 1 failed; 0 ignored; 0 measured; 6501 filtered out; finished in 0.93s

  stderr ───

    thread 'tests::ffi_dep_parity_tests::dep_parity_017_dep_lifecycle' (8504) panicked at crates\auto-lang\src\tests\ffi_dep_parity_tests.rs:236:37:
    VM leg runs: Msg("RuntimeError(\"Unknown Rust stdlib call: .drop_count\") at line 5 (ip=0x0026)")
    note: run with `RUST_BACKTRACE=1` environment variable to display a backtrace

        PASS [   0.174s] (1260/4972) auto-lang tests::ffi_dual_tests::ffi_dual_006_regex_is_match
        PASS [   0.171s] (1261/4972) auto-lang tests::generic_list_data_tests::test_list_data_large_dataset
        PASS [   0.172s] (1262/4972) auto-lang tests::generic_list_data_tests::test_list_data_int_operations
        PASS [   0.168s] (1263/4972) auto-lang tests::generic_list_data_tests::test_list_data_max_capacity_heap
        PASS [   0.137s] (1264/4972) auto-lang tests::generic_list_data_tests::test_list_data_memory_efficiency_bool
        PASS [   0.169s] (1265/4972) auto-lang tests::generic_list_data_tests::test_list_data_max_capacity_inline
        PASS [   0.139s] (1266/4972) auto-lang tests::generic_list_data_tests::test_list_data_mixed_operations
        PASS [   0.152s] (1267/4972) auto-lang tests::generic_list_data_tests::test_list_data_memory_efficiency_char
        PASS [   0.153s] (1268/4972) auto-lang tests::generic_list_data_tests::test_list_data_memory_efficiency_int
        PASS [   1.280s] (1269/4972) auto-lang tests::ffi_dep_parity_tests::dep_parity_021_dep_callback
        PASS [   0.143s] (1270/4972) auto-lang tests::generic_list_data_tests::test_list_data_not_eq_different_length
        PASS [   0.156s] (1271/4972) auto-lang tests::generic_list_data_tests::test_list_data_new
        PASS [   0.144s] (1272/4972) auto-lang tests::generic_list_data_tests::test_list_data_not_eq
        PASS [   0.140s] (1273/4972) auto-lang tests::generic_list_data_tests::test_list_data_not_eq_different_storage
        PASS [   0.123s] (1274/4972) auto-lang tests::generic_list_data_tests::test_list_data_push_bool
        PASS [   1.324s] (1275/4972) auto-lang tests::ffi_dep_parity_tests::dep_parity_020_dep_traits_generics
        PASS [   0.151s] (1276/4972) auto-lang tests::generic_list_data_tests::test_list_data_partial_eq
        PASS [   0.153s] (1277/4972) auto-lang tests::generic_list_data_tests::test_list_data_push_char
        PASS [   0.167s] (1278/4972) auto-lang tests::generic_list_data_tests::test_list_data_pop
        PASS [   0.166s] (1279/4972) auto-lang tests::generic_list_data_tests::test_list_data_push_inline_capacity_limit
        PASS [   0.151s] (1280/4972) auto-lang tests::generic_list_data_tests::test_list_data_push_int
        PASS [   0.181s] (1281/4972) auto-lang tests::ffi_dual_tests::ffi_dual_007_path_join
        PASS [   0.137s] (1282/4972) auto-lang tests::generic_list_data_tests::test_list_data_reserve
        PASS [   0.151s] (1283/4972) auto-lang tests::generic_list_data_tests::test_list_data_remove
        PASS [   0.140s] (1284/4972) auto-lang tests::generic_list_data_tests::test_list_data_set
        PASS [   0.124s] (1285/4972) auto-lang tests::generic_list_data_tests::test_list_data_storage_preserved
        PASS [   0.141s] (1286/4972) auto-lang tests::generic_list_data_tests::test_list_data_reserve_inline
        PASS [   0.139s] (1287/4972) auto-lang tests::generic_list_data_tests::test_list_data_set_char
        PASS [   0.139s] (1288/4972) auto-lang tests::generic_list_data_tests::test_list_data_stress_alternating_ops
        PASS [   0.137s] (1289/4972) auto-lang tests::generic_list_data_tests::test_list_data_try_grow_heap
        PASS [   0.137s] (1290/4972) auto-lang tests::generic_list_data_tests::test_list_data_stress_many_elements
        PASS [   0.138s] (1291/4972) auto-lang tests::generic_list_data_tests::test_list_data_stress_random_access
        PASS [   0.167s] (1292/4972) auto-lang tests::generic_list_data_tests::test_list_data_try_grow_inline
        PASS [   0.170s] (1293/4972) auto-lang tests::generic_list_data_tests::test_list_data_value_fallback
        PASS [   0.155s] (1294/4972) auto-lang tests::generic_list_data_tests::test_list_data_with_storage_heap
        PASS [   0.170s] (1295/4972) auto-lang tests::generic_list_data_tests::test_list_data_with_capacity
        PASS [   0.154s] (1296/4972) auto-lang tests::generic_list_data_tests::test_list_data_with_storage_inline
        PASS [   0.156s] (1297/4972) auto-lang tests::generic_spec_tests::test_parse_generic_spec
        PASS [   0.143s] (1298/4972) auto-lang tests::generic_spec_tests::test_parse_generic_spec_with_multiple_params
        PASS [   0.158s] (1299/4972) auto-lang tests::generic_spec_tests::test_parse_generic_spec_with_const_param
        PASS [   0.172s] (1300/4972) auto-lang tests::generic_spec_tests::test_parse_generic_spec_impl
        PASS [   0.143s] (1301/4972) auto-lang tests::generic_tests::test_codegen_get_monomorphic_name
        PASS [   0.161s] (1302/4972) auto-lang tests::generic_spec_tests::test_parse_non_generic_spec
        PASS [   0.161s] (1303/4972) auto-lang tests::generic_spec_tests::test_parse_type_with_multiple_generic_specs
        PASS [   0.176s] (1304/4972) auto-lang tests::ffi_dual_tests::ffi_dual_008_json_array
        PASS [   0.158s] (1305/4972) auto-lang tests::generic_tests::test_codegen_preserves_generics_after_tracking
        PASS [   0.171s] (1306/4972) auto-lang tests::generic_tests::test_codegen_track_generic_list_int
        PASS [   0.172s] (1307/4972) auto-lang tests::generic_tests::test_codegen_track_multiple_generics
        PASS [   0.173s] (1308/4972) auto-lang tests::generic_tests::test_codegen_track_generic_list_string
        PASS [   0.172s] (1309/4972) auto-lang tests::generic_tests::test_extract_generic_instance_non_generic
        PASS [   0.172s] (1310/4972) auto-lang tests::generic_tests::test_extract_generic_instance_list
        PASS [   0.189s] (1311/4972) auto-lang tests::generic_tests::test_generic_instance_display
        PASS [   0.142s] (1312/4972) auto-lang tests::generic_tests::test_generic_instance_list_element_type
        PASS [   0.160s] (1313/4972) auto-lang tests::generic_tests::test_generic_instance_is_list
        PASS [   0.159s] (1314/4972) auto-lang tests::generic_tests::test_generic_table_clear
        PASS [   0.146s] (1315/4972) auto-lang tests::generic_tests::test_generic_table_list_int
        PASS [   0.159s] (1316/4972) auto-lang tests::generic_tests::test_generic_instance_nested_list
        PASS [   0.144s] (1317/4972) auto-lang tests::generic_tests::test_generic_table_multiple_lists
        PASS [   0.145s] (1318/4972) auto-lang tests::infer_tests::test_type_array_element
        PASS [   0.145s] (1319/4972) auto-lang tests::infer_tests::test_infer_int
        PASS [   0.173s] (1320/4972) auto-lang tests::infer_tests::test_type_binary_add
        PASS [   0.189s] (1321/4972) auto-lang tests::infer_tests::test_type_array_element_str
        PASS [   0.187s] (1322/4972) auto-lang tests::infer_tests::test_type_binary_multiply
        PASS [   0.187s] (1323/4972) auto-lang tests::infer_tests::test_type_function_parameter
        PASS [   0.190s] (1324/4972) auto-lang tests::infer_tests::test_type_function_return_int
        PASS [   0.176s] (1325/4972) auto-lang tests::infer_tests::test_type_function_return_str
        PASS [   0.190s] (1326/4972) auto-lang tests::ffi_dual_tests::ffi_dual_009_json_keys
        PASS [   0.176s] (1327/4972) auto-lang tests::infer_tests::test_type_literal_float
        PASS [   0.176s] (1328/4972) auto-lang tests::infer_tests::test_type_literal_bool
        PASS [   0.174s] (1329/4972) auto-lang tests::infer_tests::test_type_literal_int
        PASS [   0.174s] (1330/4972) auto-lang tests::infer_tests::test_type_literal_str
        PASS [   0.173s] (1331/4972) auto-lang tests::infer_tests::test_type_variable_int
        PASS [   0.174s] (1332/4972) auto-lang tests::infer_tests::test_type_variable_float
        PASS [   0.174s] (1333/4972) auto-lang tests::infer_tests::test_type_variable_bool
        PASS [   0.201s] (1334/4972) auto-lang tests::list_growth_tests::test_list_automatic_growth
        PASS [   0.201s] (1335/4972) auto-lang tests::infer_tests::test_type_variable_str
        PASS [   0.216s] (1336/4972) auto-lang tests::list_growth_tests::test_list_large_growth
        PASS [   0.201s] (1337/4972) auto-lang tests::list_tests::test_bool_list_element_equality_with_literal
        PASS [   0.200s] (1338/4972) auto-lang tests::list_tests::test_bool_list_element_to_string_false
        PASS [   0.200s] (1339/4972) auto-lang tests::list_tests::test_bool_list_element_in_if_condition
        PASS [   0.172s] (1340/4972) auto-lang tests::list_tests::test_bool_list_element_to_string_true
        PASS [   0.174s] (1341/4972) auto-lang tests::list_tests::test_if_condition_with_ints
        PASS [   0.159s] (1342/4972) auto-lang tests::list_tests::test_list_get_and_set
        PASS [   0.156s] (1343/4972) auto-lang tests::list_tests::test_list_insert_and_remove
        PASS [   0.173s] (1344/4972) auto-lang tests::list_tests::test_list_clear
        PASS [   0.183s] (1345/4972) auto-lang tests::list_tests::test_list_is_empty
        PASS [   0.180s] (1346/4972) auto-lang tests::list_tests::test_list_new_and_len
        PASS [   0.197s] (1347/4972) auto-lang tests::ffi_dual_tests::ffi_dual_010_env_get_set
        PASS [   0.197s] (1348/4972) auto-lang tests::list_tests::test_list_push_and_pop
        PASS [   0.166s] (1349/4972) auto-lang tests::listdata_heap_object_tests::test_listdata_bool_is_list
        PASS [   0.184s] (1350/4972) auto-lang tests::listdata_heap_object_tests::test_listdata_bool_in_registry
        PASS [   0.201s] (1351/4972) auto-lang tests::list_tests::test_logical_and_or_with_tagged_bools
        PASS [   0.201s] (1352/4972) auto-lang tests::list_tests::test_not_with_tagged_bools
        PASS [   0.185s] (1353/4972) auto-lang tests::listdata_heap_object_tests::test_listdata_bool_downcast
        PASS [   0.153s] (1354/4972) auto-lang tests::listdata_heap_object_tests::test_listdata_bool_type_tag
        PASS [   0.154s] (1355/4972) auto-lang tests::listdata_heap_object_tests::test_listdata_bool_type_name
        PASS [   0.172s] (1356/4972) auto-lang tests::listdata_heap_object_tests::test_listdata_char_in_registry
        PASS [   0.169s] (1357/4972) auto-lang tests::listdata_heap_object_tests::test_listdata_char_is_list
        PASS [   0.185s] (1358/4972) auto-lang tests::listdata_heap_object_tests::test_listdata_char_downcast
        PASS [   0.185s] (1359/4972) auto-lang tests::listdata_heap_object_tests::test_listdata_char_type_name
        PASS [   0.168s] (1360/4972) auto-lang tests::listdata_heap_object_tests::test_listdata_char_type_tag
        PASS [   0.182s] (1361/4972) auto-lang tests::listdata_heap_object_tests::test_listdata_int_as_any
        PASS [   0.182s] (1362/4972) auto-lang tests::listdata_heap_object_tests::test_listdata_int_as_any_mut
        PASS [   0.184s] (1363/4972) auto-lang tests::listdata_heap_object_tests::test_listdata_int_downcast_mut
        PASS [   0.185s] (1364/4972) auto-lang tests::listdata_heap_object_tests::test_listdata_int_downcast
        PASS [   0.171s] (1365/4972) auto-lang tests::listdata_heap_object_tests::test_listdata_int_downcast_wrong_type
        PASS [   0.188s] (1366/4972) auto-lang tests::listdata_heap_object_tests::test_listdata_int_in_registry
        PASS [   0.190s] (1367/4972) auto-lang tests::listdata_heap_object_tests::test_listdata_int_is_list
        PASS [   0.191s] (1368/4972) auto-lang tests::listdata_heap_object_tests::test_listdata_int_type_name
        PASS [   0.206s] (1369/4972) auto-lang tests::ffi_dual_tests::ffi_dual_011_char_operations
        PASS [   0.189s] (1370/4972) auto-lang tests::listdata_heap_object_tests::test_listdata_int_type_tag
        PASS [   0.189s] (1371/4972) auto-lang tests::listdata_heap_object_tests::test_listdata_mutation_via_registry
        PASS [   0.194s] (1372/4972) auto-lang tests::listdata_heap_object_tests::test_listdata_string_in_registry
        PASS [   0.207s] (1373/4972) auto-lang tests::listdata_heap_object_tests::test_listdata_storage_preserved_in_registry
        PASS [   0.207s] (1374/4972) auto-lang tests::listdata_heap_object_tests::test_listdata_string_downcast
        PASS [   0.193s] (1375/4972) auto-lang tests::listdata_heap_object_tests::test_listdata_string_is_list
        PASS [   0.188s] (1376/4972) auto-lang tests::listdata_heap_object_tests::test_listdata_string_type_name
        PASS [   0.188s] (1377/4972) auto-lang tests::listdata_heap_object_tests::test_listdata_value_downcast
        PASS [   0.189s] (1378/4972) auto-lang tests::listdata_heap_object_tests::test_listdata_string_type_tag
        PASS [   0.188s] (1379/4972) auto-lang tests::listdata_heap_object_tests::test_listdata_value_in_registry
        PASS [   0.190s] (1380/4972) auto-lang tests::listdata_heap_object_tests::test_listdata_value_type_name
        PASS [   0.206s] (1381/4972) auto-lang tests::listdata_heap_object_tests::test_listdata_value_is_list
        PASS [   0.208s] (1382/4972) auto-lang tests::listdata_heap_object_tests::test_listdata_value_type_tag
        PASS [   0.191s] (1383/4972) auto-lang tests::listdata_heap_object_tests::test_multiple_listdata_types_in_registry
        PASS [   0.205s] (1384/4972) auto-lang tests::may_tests::test_question_bool_return_type
        PASS [   0.235s] (1385/4972) auto-lang tests::may_tests::test_question_char_return_type
        PASS [   0.202s] (1386/4972) auto-lang tests::may_tests::test_question_int_arithmetic
        PASS [   0.221s] (1387/4972) auto-lang tests::may_tests::test_question_double_return_type
        PASS [   0.216s] (1388/4972) auto-lang tests::may_tests::test_question_float_return_type
        PASS [   0.216s] (1389/4972) auto-lang tests::ffi_dual_tests::ffi_dual_012_str_find_replace
        PASS [   0.197s] (1390/4972) auto-lang tests::may_tests::test_question_int_if_expression
        PASS [   0.216s] (1391/4972) auto-lang tests::may_tests::test_question_int_complex_arithmetic
        PASS [   0.216s] (1392/4972) auto-lang tests::may_tests::test_question_int_comparison
        PASS [   0.227s] (1393/4972) auto-lang tests::may_tests::test_question_int_nested_call
        PASS [   0.242s] (1394/4972) auto-lang tests::may_tests::test_question_int_negative
        PASS [   0.243s] (1395/4972) auto-lang tests::may_tests::test_question_int_function_call
        PASS [   0.233s] (1396/4972) auto-lang tests::may_tests::test_question_int_return_type
        PASS [   0.253s] (1397/4972) auto-lang tests::may_tests::test_question_int_variable_binding
        PASS [   0.253s] (1398/4972) auto-lang tests::may_tests::test_question_int_zero
        PASS [   0.252s] (1399/4972) auto-lang tests::may_tests::test_question_str_return_type
        PASS [   0.234s] (1400/4972) auto-lang tests::mem_tests::test_fixed_array_still_works
        PASS [   0.263s] (1401/4972) auto-lang tests::may_tests::test_question_uint_return_type
        PASS [   0.261s] (1402/4972) auto-lang tests::mem_tests::test_runtime_array_expression_index
        PASS [   0.261s] (1403/4972) auto-lang tests::mem_tests::test_runtime_array_large_size
        PASS [   0.263s] (1404/4972) auto-lang tests::mem_tests::test_runtime_array_mixed_types
        PASS [   0.220s] (1405/4972) auto-lang tests::mem_tests::test_runtime_array_multiple_elements
        PASS [   0.219s] (1406/4972) auto-lang tests::mem_tests::test_runtime_array_sum
        PASS [   0.219s] (1407/4972) auto-lang tests::mem_tests::test_runtime_array_nested_expressions
        PASS [   0.249s] (1408/4972) auto-lang tests::mem_tests::test_runtime_array_update_element
        PASS [   0.233s] (1409/4972) auto-lang tests::mem_tests::test_runtime_array_with_function_size
        PASS [   0.247s] (1410/4972) auto-lang tests::mem_tests::test_runtime_array_with_variable_size
        PASS [   0.282s] (1411/4972) auto-lang tests::memory_quick_test::test_alloc_array_exists
        PASS [   0.253s] (1412/4972) auto-lang tests::memory_tests::test_alloc_array_basic
        PASS [   0.238s] (1413/4972) auto-lang tests::memory_tests::test_alloc_array_empty
        PASS [   0.251s] (1414/4972) auto-lang tests::memory_tests::test_alloc_invalid_size
        PASS [   0.264s] (1415/4972) auto-lang tests::memory_tests::test_free_array_returns_nil
        PASS [   0.236s] (1416/4972) auto-lang tests::memory_tests::test_vm_functions_integration
        PASS [   0.236s] (1417/4972) auto-lang tests::monomorphize_tests::test_codegen_get_monomorphic_name_checked
        PASS [   0.227s] (1418/4972) auto-lang tests::monomorphize_tests::test_codegen_has_monomorphic_module
        PASS [   0.236s] (1419/4972) auto-lang tests::monomorphize_tests::test_codegen_monomorphize
        PASS [   0.242s] (1420/4972) auto-lang tests::monomorphize_tests::test_collect_monomorphizable_types
        PASS [   0.266s] (1421/4972) auto-lang tests::monomorphize_tests::test_is_monomorphizable
        PASS [   0.284s] (1422/4972) auto-lang tests::monomorphize_tests::test_monomorphizer_get_module_by_name
        PASS [   0.296s] (1423/4972) auto-lang tests::monomorphize_tests::test_monomorphizer_list_string
        PASS [   0.313s] (1424/4972) auto-lang tests::monomorphize_tests::test_monomorphizer_list_int
        PASS [   0.315s] (1425/4972) auto-lang tests::monomorphize_tests::test_monomorphizer_multiple_modules
        PASS [   0.343s] (1426/4972) auto-lang tests::musk_vm_track_tests::musk_vm_track_p053_1_computed_helper_chain::direct_dot_length_control
        PASS [   0.363s] (1427/4972) auto-lang tests::musk_vm_track_tests::musk_vm_track_p053_1_computed_helper_chain::helper_obj_param_dot_length
        PASS [   0.373s] (1428/4972) auto-lang tests::musk_vm_track_tests::musk_vm_track_p053_1_computed_helper_chain::helper_obj_param_index
        PASS [   0.417s] (1429/4972) auto-lang tests::musk_vm_track_tests::musk_vm_track_p053_1_computed_helper_chain::helper_value_list_for_iter
        PASS [   0.433s] (1430/4972) auto-lang tests::musk_vm_track_tests::musk_vm_track_p053_1_computed_helper_chain::helper_value_list_param_dot_length
        FAIL [   0.450s] (1431/4972) auto-lang tests::musk_vm_track_tests::musk_vm_track_p053_1_widget_computed::widget_computed_passthrough_survives_reeval
  stdout ───

    running 1 test
    test tests::musk_vm_track_tests::musk_vm_track_p053_1_widget_computed::widget_computed_passthrough_survives_reeval ... FAILED

    failures:

    failures:
        tests::musk_vm_track_tests::musk_vm_track_p053_1_widget_computed::widget_computed_passthrough_survives_reeval

    test result: FAILED. 0 passed; 1 failed; 0 ignored; 0 measured; 6501 filtered out; finished in 0.01s

  stderr ───

    thread 'tests::musk_vm_track_tests::musk_vm_track_p053_1_widget_computed::widget_computed_passthrough_survives_reeval' (6728) panicked at crates\auto-lang\src\tests\musk_vm_track_tests.rs:628:9:
    assertion `left == right` failed: computed 透传链 8 帧重估后仍须解出 2 行(悬垂引用回归)
      left: 0
     right: 2
    note: run with `RUST_BACKTRACE=1` environment variable to display a backtrace

        FAIL [   0.466s] (1432/4972) auto-lang tests::musk_vm_track_tests::musk_vm_track_p053_1_widget_computed::widget_computed_store_arg_helper_chain
  stdout ───

    running 1 test
    test tests::musk_vm_track_tests::musk_vm_track_p053_1_widget_computed::widget_computed_store_arg_helper_chain ... FAILED

    failures:

    failures:
        tests::musk_vm_track_tests::musk_vm_track_p053_1_widget_computed::widget_computed_store_arg_helper_chain

    test result: FAILED. 0 passed; 1 failed; 0 ignored; 0 measured; 6501 filtered out; finished in 0.01s

  stderr ───

    thread 'tests::musk_vm_track_tests::musk_vm_track_p053_1_widget_computed::widget_computed_store_arg_helper_chain' (40712) panicked at crates\auto-lang\src\tests\musk_vm_track_tests.rs:563:9:
    assertion `left == right` failed: computed 链式 helper(.length+索引+.id)必须解出 1 行(leaf=m3)
      left: 0
     right: 1
    note: run with `RUST_BACKTRACE=1` environment variable to display a backtrace

        PASS [   3.275s] (1433/4972) auto-lang tests::ffi_dep_parity_tests::dep_parity_016_dep_abi_matrix
        PASS [   0.530s] (1434/4972) auto-lang tests::musk_vm_track_tests::musk_vm_track_p053_2_null_equality::json_null_field_eq_none
        PASS [   3.299s] (1435/4972) auto-lang tests::ffi_dep_parity_tests::dep_parity_018_dep_fields
        PASS [   0.566s] (1436/4972) auto-lang tests::musk_vm_track_tests::musk_vm_track_p053_2_null_equality::none_eq_none_control
        PASS [   0.553s] (1437/4972) auto-lang tests::musk_vm_track_tests::musk_vm_track_p053_2_null_equality::null_literal_coalesces_to_default
        PASS [   0.535s] (1438/4972) auto-lang tests::musk_vm_track_tests::musk_vm_track_p053_2_null_equality::null_literal_eq_none_literal
        PASS [   0.544s] (1439/4972) auto-lang tests::musk_vm_track_tests::musk_vm_track_p053_2_null_equality::null_ne_int_control
        PASS [   0.505s] (1440/4972) auto-lang tests::musk_vm_track_tests::musk_vm_track_p053_2_null_equality::null_var_guard_ne_none_is_false
        FAIL [   0.487s] (1441/4972) auto-lang tests::musk_vm_track_tests::musk_vm_track_p053_4_merged_api_warning::merged_mode_api_call_emits_warn_opcode
  stdout ───

    running 1 test
    test tests::musk_vm_track_tests::musk_vm_track_p053_4_merged_api_warning::merged_mode_api_call_emits_warn_opcode ... FAILED

    failures:

    failures:
        tests::musk_vm_track_tests::musk_vm_track_p053_4_merged_api_warning::merged_mode_api_call_emits_warn_opcode

    test result: FAILED. 0 passed; 1 failed; 0 ignored; 0 measured; 6501 filtered out; finished in 0.01s

  stderr ───

    thread 'tests::musk_vm_track_tests::musk_vm_track_p053_4_merged_api_warning::merged_mode_api_call_emits_warn_opcode' (31880) panicked at crates\auto-lang\src\tests\musk_vm_track_tests.rs:675:9:
    merged mode #[api] call must emit CALL_NAT 3142
    note: run with `RUST_BACKTRACE=1` environment variable to display a backtrace

        PASS [   0.491s] (1442/4972) auto-lang tests::musk_vm_track_tests::musk_vm_track_p053_5_localstorage_rc_canary::localstorage_get_item_canary_safe
        PASS [   0.440s] (1443/4972) auto-lang tests::musk_vm_track_tests::musk_vm_track_p053_6_regex_static::probe_replace_local_roundtrip
        PASS [   0.388s] (1444/4972) auto-lang tests::musk_vm_track_tests::musk_vm_track_p053_6_regex_static::probe_trim_end_alone
        PASS [   0.362s] (1445/4972) auto-lang tests::musk_vm_track_tests::musk_vm_track_p053_6_regex_static::regex_replace_first
        PASS [   0.318s] (1446/4972) auto-lang tests::musk_vm_track_tests::musk_vm_track_p053_6_regex_static::regex_replace_global
        PASS [   0.459s] (1447/4972) auto-lang tests::musk_vm_track_tests::musk_vm_track_p053_6_regex_static::probe_static_native_receiver_leak_in_fn
        PASS [   0.256s] (1448/4972) auto-lang tests::musk_vm_track_tests::musk_vm_track_p053_6_regex_static::strip_questionnaire_chain_keeps_text
        PASS [   0.302s] (1449/4972) auto-lang tests::musk_vm_track_tests::musk_vm_track_p053_6_regex_static::regex_test_no_match
        PASS [   0.333s] (1450/4972) auto-lang tests::musk_vm_track_tests::musk_vm_track_p053_6_regex_static::regex_test_bool
        PASS [   0.220s] (1451/4972) auto-lang tests::musk_vm_track_tests::musk_vm_track_p053_6_widget_content::widget_child_computed_regex_helper_content
        PASS [   0.181s] (1452/4972) auto-lang tests::musk_vm_track_tests::musk_vm_track_p053_7_sibling_handler_calls::store_init_bare_and_dot_sibling_calls_rewritten
        FAIL [   0.187s] (1453/4972) auto-lang tests::musk_vm_track_tests::musk_vm_track_p053_6_widget_content::widget_obj_arg_field_read_in_helper
  stdout ───

    running 1 test
    test tests::musk_vm_track_tests::musk_vm_track_p053_6_widget_content::widget_obj_arg_field_read_in_helper ... FAILED

    failures:

    failures:
        tests::musk_vm_track_tests::musk_vm_track_p053_6_widget_content::widget_obj_arg_field_read_in_helper

    test result: FAILED. 0 passed; 1 failed; 0 ignored; 0 measured; 6501 filtered out; finished in 0.02s

  stderr ───

    thread 'tests::musk_vm_track_tests::musk_vm_track_p053_6_widget_content::widget_obj_arg_field_read_in_helper' (22896) panicked at crates\auto-lang\src\tests\musk_vm_track_tests.rs:397:9:
    assertion `left == right` failed: obj 实参经 helper 的字段读取必须成立
      left: 0
     right: 1
    note: run with `RUST_BACKTRACE=1` environment variable to display a backtrace

        PASS [   0.157s] (1454/4972) auto-lang tests::musk_vm_track_tests::musk_vm_track_p053_8_click_arg_drift::pick_arg_intact_small_pool
        PASS [   0.148s] (1455/4972) auto-lang tests::musk_vm_track_tests::musk_vm_track_p053_8_phantom_freelist::phantom_entry_dropped_live_slot_never_stolen
        PASS [   0.164s] (1456/4972) auto-lang tests::musk_vm_track_tests::musk_vm_track_p053_8_stale_key_selfheal::stale_dedup_key_reinterns_cleanly
        PASS [   0.197s] (1457/4972) auto-lang tests::musk_vm_track_tests::musk_vm_track_p053_8_corpus::click_arg_control_second_item
        PASS [   0.165s] (1458/4972) auto-lang tests::musk_vm_track_tests::musk_vm_track_p053_b4_title_tooltip::button_without_title_has_no_ee03
        PASS [   0.154s] (1459/4972) auto-lang tests::musk_vm_track_tests::musk_vm_track_p053_b4_title_tooltip::snapshot_exposes_title_prop_and_clean_label
        PASS [   0.197s] (1460/4972) auto-lang tests::musk_vm_track_tests::musk_vm_track_p053_8_corpus::click_arg_is_id_not_name
        PASS [   0.641s] (1461/4972) auto-lang tests::musk_vm_track_tests::musk_vm_track_p053_6_regex_static::message_chain_str_methods_matrix
        PASS [   0.159s] (1462/4972) auto-lang tests::musk_vm_track_tests::musk_vm_track_p053_b4_title_tooltip::title_prop_rides_ee03_marker_in_label
        PASS [   0.157s] (1463/4972) auto-lang tests::musk_vm_track_tests::musk_vm_track_p053_m1_guard_behavior::success_object_passes_session_guard
        PASS [   0.174s] (1464/4972) auto-lang tests::musk_vm_track_tests::musk_vm_track_p053_m1_guard_behavior::error_object_fails_session_guard
        PASS [   0.143s] (1465/4972) auto-lang tests::musk_vm_track_tests::musk_vm_track_p054_t1_title_content_subtree::title_ee03_stays_out_of_visible_text_stream
        PASS [   0.157s] (1466/4972) auto-lang tests::musk_vm_track_tests::musk_vm_track_p054_t3_if_fallback::computed_if_falls_back_when_then_body_unresolvable
        FAIL [   0.157s] (1467/4972) auto-lang tests::musk_vm_track_tests::musk_vm_track_p054_t1_title_content_subtree::icon_component_child_renders_in_button_content_subtree
  stdout ───

    running 1 test
    test tests::musk_vm_track_tests::musk_vm_track_p054_t1_title_content_subtree::icon_component_child_renders_in_button_content_subtree ... FAILED

    failures:

    failures:
        tests::musk_vm_track_tests::musk_vm_track_p054_t1_title_content_subtree::icon_component_child_renders_in_button_content_subtree

    test result: FAILED. 0 passed; 1 failed; 0 ignored; 0 measured; 6501 filtered out; finished in 0.02s

  stderr ───

    thread 'tests::musk_vm_track_tests::musk_vm_track_p054_t1_title_content_subtree::icon_component_child_renders_in_button_content_subtree' (38436) panicked at crates\auto-lang\src\tests\musk_vm_track_tests.rs:1119:13:
    assertion `left == right` failed: Plus 必须以 lucide:plus 渲染进 button 内容子树
      left: None
     right: Some("lucide:plus")
    note: run with `RUST_BACKTRACE=1` environment variable to display a backtrace

        PASS [   0.157s] (1468/4972) auto-lang tests::musk_vm_track_tests::musk_vm_track_p054_t3_interp_i18n::computed_if_text_resolves_in_child_widget
        PASS [   0.170s] (1469/4972) auto-lang tests::musk_vm_track_tests::musk_vm_track_p054_t3_none_initial::obj_model_none_initial_seeds_nil_in_vm_state
        PASS [   0.170s] (1470/4972) auto-lang tests::musk_vm_track_tests::musk_vm_track_p054_t3_interp_i18n::computed_if_text_resolves_in_root_widget
        PASS [   0.163s] (1471/4972) auto-lang tests::musk_vm_track_tests::musk_vm_track_p054_t4_styles::bg_card_matches_scaffold_dark_token
        PASS [   0.178s] (1472/4972) auto-lang tests::musk_vm_track_tests::musk_vm_track_p054_t3_none_return::vm_fn_bare_none_return_is_nil_not_int0
        PASS [   0.155s] (1473/4972) auto-lang tests::musk_vm_track_tests::musk_vm_track_p054_t4_styles::border_primary_25_parses_with_alpha
        PASS [   0.137s] (1474/4972) auto-lang tests::musk_vm_track_tests::musk_vm_track_p054_t4_styles::message_row_self_end_items_end_reach_iced_style
        FAIL [   0.169s] (1475/4972) auto-lang tests::musk_vm_track_tests::musk_vm_track_p054_t4_styles::icon_component_class_prop_carries_ml_auto_and_tint
  stdout ───

    running 1 test
    test tests::musk_vm_track_tests::musk_vm_track_p054_t4_styles::icon_component_class_prop_carries_ml_auto_and_tint ... FAILED

    failures:

    failures:
        tests::musk_vm_track_tests::musk_vm_track_p054_t4_styles::icon_component_class_prop_carries_ml_auto_and_tint

    test result: FAILED. 0 passed; 1 failed; 0 ignored; 0 measured; 6501 filtered out; finished in 0.02s

  stderr ───

    thread 'tests::musk_vm_track_tests::musk_vm_track_p054_t4_styles::icon_component_class_prop_carries_ml_auto_and_tint' (24776) panicked at crates\auto-lang\src\tests\musk_vm_track_tests.rs:1984:43:
    icon image
    note: run with `RUST_BACKTRACE=1` environment variable to display a backtrace

        PASS [   0.172s] (1476/4972) auto-lang tests::musk_vm_track_tests::musk_vm_track_p055_dump2::p055_est_v3
        PASS [   0.184s] (1477/4972) auto-lang tests::musk_vm_track_tests::musk_vm_track_p054_t5_date_format::date_format_bridge_yields_hhmmss_label
        PASS [   0.134s] (1478/4972) auto-lang tests::musk_vm_track_tests::musk_vm_track_p055_input_event_text::input_event_arg_replaced_with_typed_text
        PASS [   0.222s] (1479/4972) auto-lang tests::musk_vm_track_tests::musk_vm_track_p055_dump2::p055_str_micro
        PASS [   0.182s] (1480/4972) auto-lang tests::musk_vm_track_tests::musk_vm_track_p055_nav_active::nav_inactive_eq_expr_omits_item_active
        PASS [   0.221s] (1481/4972) auto-lang tests::musk_vm_track_tests::musk_vm_track_p055_dump3::p055_if_bisect
        PASS [   0.202s] (1482/4972) auto-lang tests::musk_vm_track_tests::musk_vm_track_p055_nav_active::nav_active_eq_expr_yields_item_active_classes
        PASS [   0.130s] (1483/4972) auto-lang tests::musk_vm_track_tests::musk_vm_track_p055_pre_code_arm::pre_class_string_parses_padding_border_and_max_h
        PASS [   0.163s] (1484/4972) auto-lang tests::musk_vm_track_tests::musk_vm_track_p057_arg_stack::unknown_list_method_keeps_sibling_label
        PASS [   0.166s] (1485/4972) auto-lang tests::musk_vm_track_tests::musk_vm_track_p057_compile_gate::non_web_namespace_stays_silent
        PASS [   0.200s] (1486/4972) auto-lang tests::musk_vm_track_tests::musk_vm_track_p057_arg_stack::unresolved_static_call_keeps_sibling_label
        PASS [   0.201s] (1487/4972) auto-lang tests::musk_vm_track_tests::musk_vm_track_p057_arg_stack::unresolved_call_value_is_none
        PASS [   0.210s] (1488/4972) auto-lang tests::musk_vm_track_tests::musk_vm_track_p057_char_receiver::single_char_string_receiver_still_works
        PASS [   0.227s] (1489/4972) auto-lang tests::musk_vm_track_tests::musk_vm_track_p057_compile_gate::implemented_builtins_unaffected
        PASS [   0.227s] (1490/4972) auto-lang tests::musk_vm_track_tests::musk_vm_track_p057_char_receiver::forin_char_receiver_char_code_at_sums
        PASS [   0.225s] (1491/4972) auto-lang tests::musk_vm_track_tests::musk_vm_track_p057_compile_gate::unresolved_web_builtin_is_compile_error
        PASS [   0.221s] (1492/4972) auto-lang tests::musk_vm_track_tests::musk_vm_track_p057_forin_call::forin_values_call_still_iterates
        PASS [   0.253s] (1493/4972) auto-lang tests::musk_vm_track_tests::musk_vm_track_p057_compile_gate::vm_safe_allow_exempts_compile_error
        PASS [   0.259s] (1494/4972) auto-lang tests::musk_vm_track_tests::musk_vm_track_p057_forin_call::forin_call_int_list_sums
        PASS [   0.218s] (1495/4972) auto-lang tests::musk_vm_track_tests::musk_vm_track_p057_nested_stringify::stringify_nested_list_elem_field
        PASS [   0.226s] (1496/4972) auto-lang tests::musk_vm_track_tests::musk_vm_track_p057_nested_stringify::stringify_nested_object_field
        PASS [   0.274s] (1497/4972) auto-lang tests::musk_vm_track_tests::musk_vm_track_p057_forin_call::forin_call_obj_return_iterates
        PASS [   0.233s] (1498/4972) auto-lang tests::musk_vm_track_tests::musk_vm_track_p057_nested_stringify::stringify_plain_int_untouched
        PASS [   0.240s] (1499/4972) auto-lang tests::musk_vm_track_tests::musk_vm_track_p057_setfield_newkey::setfield_empty_literal_newkey_inserts
        PASS [   0.196s] (1500/4972) auto-lang tests::musk_vm_track_tests::musk_vm_track_p057_setfield_newkey::setfield_forin_element_newkey_inserts
        PASS [   0.236s] (1501/4972) auto-lang tests::musk_vm_track_tests::musk_vm_track_p057_setfield_newkey::setfield_existing_key_updates
        PASS [   0.199s] (1502/4972) auto-lang tests::musk_vm_track_tests::musk_vm_track_p057_web_natives::json_parse_array_length
        PASS [   0.234s] (1503/4972) auto-lang tests::musk_vm_track_tests::musk_vm_track_p057_setfield_newkey::setfield_typed_instance_still_errs_on_readback
        PASS [   0.232s] (1504/4972) auto-lang tests::musk_vm_track_tests::musk_vm_track_p057_web_natives::is_array_js_semantics
        PASS [   0.222s] (1505/4972) auto-lang tests::musk_vm_track_tests::musk_vm_track_p057_web_natives::json_stringify_compact
        PASS [   0.724s] (1506/4972) auto-lang tests::musk_vm_track_tests::musk_vm_track_p053_b4_title_tooltip::vue_codegen_emits_title_attr_on_button
        PASS [   0.238s] (1507/4972) auto-lang tests::musk_vm_track_tests::musk_vm_track_p057_web_natives::math_imul_wrapping_semantics
        PASS [   0.238s] (1508/4972) auto-lang tests::musk_vm_track_tests::musk_vm_track_p057_web_natives::math_trunc_int_identity_and_float
        PASS [   0.238s] (1509/4972) auto-lang tests::musk_vm_track_tests::musk_vm_track_p057_web_natives::json_stringify_pretty
        PASS [   0.231s] (1510/4972) auto-lang tests::musk_vm_track_tests::musk_vm_track_p066_1_json_string_read::json_parse_string_field_reads_value
        PASS [   0.206s] (1511/4972) auto-lang tests::musk_vm_track_tests::musk_vm_track_p066_1_json_string_read::json_parse_type_key_reads_value
        PASS [   0.179s] (1512/4972) auto-lang tests::musk_vm_track_tests::musk_vm_track_p066_1_json_string_read::literal_type_key_reads_value
        PASS [   0.212s] (1513/4972) auto-lang tests::musk_vm_track_tests::musk_vm_track_p066_1_json_string_read::literal_kind_key_control
        PASS [   0.223s] (1514/4972) auto-lang tests::musk_vm_track_tests::musk_vm_track_p066_2_regex_fence::fence_match_count_and_element_content
        PASS [   0.231s] (1515/4972) auto-lang tests::musk_vm_track_tests::musk_vm_track_p066_2_regex_fence::fence_strip_leading_via_replace
        PASS [   0.210s] (1516/4972) auto-lang tests::musk_vm_track_tests::musk_vm_track_p066_2_regex_fence::two_arg_form_extracts_capture_groups
        PASS [   0.210s] (1517/4972) auto-lang tests::musk_vm_track_tests::musk_vm_track_p066_2_regex_fence::match_elements_survive_consumption
        PASS [   0.218s] (1518/4972) auto-lang tests::musk_vm_track_tests::musk_vm_track_p066_3_i18n_route::i18n_t_dot_call_not_poisoned_as_undefined_variable
        PASS [   0.218s] (1519/4972) auto-lang tests::musk_vm_track_tests::musk_vm_track_p080_http_web_family::http_delete_rewrites
        PASS [   0.359s] (1520/4972) auto-lang tests::musk_vm_track_tests::musk_vm_track_p062_heap_soak::musk_vm_track_heap_soak
        PASS [   0.207s] (1521/4972) auto-lang tests::musk_vm_track_tests::musk_vm_track_p080_http_web_family::http_get_rewrites_to_json_recipe
        PASS [   0.194s] (1522/4972) auto-lang tests::musk_vm_track_tests::musk_vm_track_p080_http_web_family::json_to_value_idempotent_on_parsed_object
        PASS [   0.259s] (1523/4972) auto-lang tests::musk_vm_track_tests::musk_vm_track_p080_http_web_family::http_get_json_alias_rewrites_same
        PASS [   0.209s] (1524/4972) auto-lang tests::musk_vm_track_tests::probe_rc_leak_soak::probe_disasm
        PASS [   0.243s] (1525/4972) auto-lang tests::musk_vm_track_tests::musk_vm_track_p080_http_web_family::http_post_two_args_rewrites
        PASS [   0.245s] (1526/4972) auto-lang tests::native_css_tests::native_css_tests::style_block_captured_verbatim
        PASS [   0.229s] (1527/4972) auto-lang tests::native_css_tests::native_css_tests::style_block_comment_and_string_with_braces
        PASS [   0.187s] (1528/4972) auto-lang tests::native_css_tests::native_css_tests::style_block_nested_braces_media_query_and_hover
        PASS [   0.263s] (1529/4972) auto-lang tests::musk_vm_track_tests::probe_rc_leak_soak::probe_readback
        PASS [   0.229s] (1530/4972) auto-lang tests::native_css_tests::native_css_tests::style_block_then_other_blocks_still_parse
        PASS [   0.255s] (1531/4972) auto-lang tests::native_css_tests::native_css_tests::style_block_unterminated_is_error
        PASS [   0.250s] (1532/4972) auto-lang tests::native_css_tests::native_css_tests::widget_without_style_block_has_none
        PASS [   0.203s] (1533/4972) auto-lang tests::ownership_tests::test_borrow_checker_cleanup
        PASS [   0.230s] (1534/4972) auto-lang tests::ownership_tests::test_borrow_array_element
        PASS [   0.210s] (1535/4972) auto-lang tests::ownership_tests::test_borrow_checker_integration
        PASS [   0.200s] (1536/4972) auto-lang tests::ownership_tests::test_borrow_different_targets
        PASS [   1.243s] (1537/4972) auto-lang tests::musk_vm_track_tests::musk_vm_track_p053_8_click_arg_drift::pick_arg_intact_after_pool_churn
        PASS [   0.221s] (1538/4972) auto-lang tests::ownership_tests::test_borrow_error_messages
        PASS [   0.163s] (1539/4972) auto-lang tests::ownership_tests::test_lifetime_region_overlap
        PASS [   0.163s] (1540/4972) auto-lang tests::ownership_tests::test_hold_span_extraction
        PASS [   0.236s] (1541/4972) auto-lang tests::ownership_tests::test_borrow_lifetime_end
        PASS [   0.266s] (1542/4972) auto-lang tests::ownership_tests::test_borrow_struct_field
        PASS [   0.204s] (1543/4972) auto-lang tests::ownership_tests::test_multiple_view_borrows
        PASS [   0.146s] (1544/4972) auto-lang tests::ownership_tests::test_take_conflicts_with_borrows
        PASS [   0.172s] (1545/4972) auto-lang tests::ownership_tests::test_static_lifetime
        PASS [   0.220s] (1546/4972) auto-lang tests::ownership_tests::test_mut_conflicts_with_view
        PASS [   0.165s] (1547/4972) auto-lang tests::ownership_tests::test_take_ownership
        PASS [   0.193s] (1548/4972) auto-lang tests::ownership_tests::test_view_borrow_basic
        PASS [   0.192s] (1549/4972) auto-lang tests::perf_benchmark_tests::benchmark_arithmetic_operations
        PASS [   0.198s] (1550/4972) auto-lang tests::perf_benchmark_tests::benchmark_list_operations
        PASS [   0.243s] (1551/4972) auto-lang tests::perf_benchmark_tests::benchmark_function_calls
        PASS [   0.216s] (1552/4972) auto-lang tests::perf_benchmark_tests::benchmark_nested_loops
        PASS [   0.284s] (1553/4972) auto-lang tests::perf_benchmark_tests::benchmark_comprehensive
        PASS [   0.191s] (1554/4972) auto-lang tests::phase3_tests::test_literal_value_bool
        PASS [   0.266s] (1555/4972) auto-lang tests::perf_benchmark_tests::benchmark_recursion
        PASS [   0.208s] (1556/4972) auto-lang tests::phase3_tests::test_literal_value_int
        PASS [   0.191s] (1557/4972) auto-lang tests::phase3_tests::test_literal_value_string
        PASS [   0.266s] (1558/4972) auto-lang tests::perf_benchmark_tests::benchmark_object_creation
        PASS [   0.245s] (1559/4972) auto-lang tests::perf_benchmark_tests::benchmark_string_operations
        PASS [   0.182s] (1560/4972) auto-lang tests::phase3_tests::test_parse_else_handler_with_context
        PASS [   0.211s] (1561/4972) auto-lang tests::phase3_tests::test_literal_value_uint
        PASS [   0.143s] (1562/4972) auto-lang tests::phase3_tests::test_parse_literal_pattern_bool
        PASS [   0.200s] (1563/4972) auto-lang tests::phase3_tests::test_parse_guard_expression
        PASS [   0.120s] (1564/4972) auto-lang tests::phase3_tests::test_parse_literal_pattern_string
        PASS [   0.124s] (1565/4972) auto-lang tests::phase3_tests::test_parse_literal_pattern_int
        PASS [   0.290s] (1566/4972) auto-lang tests::perf_benchmark_tests::benchmark_unified_registry_operations
        PASS [   0.808s] (1567/4972) auto-lang tests::musk_vm_track_tests::probe_rc_leak_soak::probe_litpush_readback
        PASS [   0.115s] (1568/4972) auto-lang tests::phase3_tests::test_task_msg_pattern_literal_int
        PASS [   0.136s] (1569/4972) auto-lang tests::phase3_tests::test_parse_on_with_context_param
        PASS [   0.760s] (1570/4972) auto-lang tests::native_css_tests::native_css_tests::style_block_emitted_into_scoped_style
        PASS [   0.135s] (1571/4972) auto-lang tests::phase3_tests::test_parse_type_binding_pattern
        PASS [   0.184s] (1572/4972) auto-lang tests::phase3_tests::test_parse_mixed_patterns
        PASS [   0.151s] (1573/4972) auto-lang tests::phase3_tests::test_parse_on_without_context_param
        PASS [   0.165s] (1574/4972) auto-lang tests::phase3_tests::test_task_msg_pattern_literal_string
        PASS [   0.147s] (1575/4972) auto-lang tests::phase3_tests::test_task_on_block_with_context
        PASS [   0.169s] (1576/4972) auto-lang tests::phase3_tests::test_task_msg_pattern_type_binding
        PASS [   0.167s] (1577/4972) auto-lang tests::phase3_tests::test_task_on_block_add_handler_with_guard
        PASS [   0.170s] (1578/4972) auto-lang tests::plan024_named_view_tests::plan024_named_view_tests::duplicate_named_view_errors
        PASS [   0.191s] (1579/4972) auto-lang tests::plan024_named_view_tests::dashboard_panel_classes_parse
        PASS [   0.214s] (1580/4972) auto-lang tests::plan019_vm_own_module_link_tests::plan019_vm_own_module_link_tests::own_module_bare_call_links_and_init_runs
        PASS [   0.188s] (1581/4972) auto-lang tests::plan024_named_view_tests::plan024_named_view_tests::fn_view_param_mode_still_works
        PASS [   0.190s] (1582/4972) auto-lang tests::plan024_named_view_tests::plan024_named_view_tests::main_view_root_consumes_brace_no_implicit_wrap
        PASS [   0.218s] (1583/4972) auto-lang tests::plan024_named_view_tests::plan024_named_view_tests::duplicate_main_view_errors
        PASS [   0.622s] (1584/4972) auto-lang tests::perf_benchmark_tests::benchmark_downcast_performance
        PASS [   2.677s] (1585/4972) auto-lang tests::memory_tests::test_realloc_array_growth
        PASS [   0.200s] (1586/4972) auto-lang tests::plan024_named_view_tests::plan024_named_view_tests::named_view_body_is_view_tree
        PASS [   0.204s] (1587/4972) auto-lang tests::plan024_named_view_tests::plan024_named_view_tests::multiple_named_views
        PASS [   0.223s] (1588/4972) auto-lang tests::plan024_named_view_tests::plan024_named_view_tests::named_view_parses_into_decl
        PASS [   0.230s] (1589/4972) auto-lang tests::plan024_named_view_tests::plan024_named_view_tests::view_fn_top_level_still_works
        PASS [   0.226s] (1590/4972) auto-lang tests::plan024_named_view_tests::plan024_named_view_tests::viewless_widget_keeps_empty_named_views
        PASS [   0.251s] (1591/4972) auto-lang tests::plan046_obj_natives_tests::plan046_obj_natives::length_property_on_untyped_receiver
        PASS [   0.262s] (1592/4972) auto-lang tests::plan046_obj_natives_tests::plan046_obj_natives::dynamic_find_with_predicate
        PASS [   0.266s] (1593/4972) auto-lang tests::plan046_obj_natives_tests::plan046_obj_natives::list_length_property_routes_to_len_native
        PASS [   0.233s] (1594/4972) auto-lang tests::plan046_obj_natives_tests::plan046_obj_natives::obj_family_registration_tables_complete
        PASS [   2.836s] (1595/4972) auto-lang tests::memory_tests::test_realloc_array_preserves_data
        PASS [   0.269s] (1596/4972) auto-lang tests::plan046_obj_natives_tests::plan046_obj_natives::str_length_property_routes_to_len_native
        PASS [   0.242s] (1597/4972) auto-lang tests::plan046_obj_natives_tests::plan046_window_height_kv::host_publish_roundtrip
        PASS [   0.284s] (1598/4972) auto-lang tests::plan046_obj_natives_tests::plan046_obj_natives::object_keys_on_dynamic_value_works
        PASS [   0.299s] (1599/4972) auto-lang tests::plan046_obj_natives_tests::plan046_obj_natives::object_values_returns_array
        PASS [   0.249s] (1600/4972) auto-lang tests::plan051_p2_tests::plan051_p2_tests::plan051_p2_container_min_height_survives
        PASS [   0.249s] (1601/4972) auto-lang tests::plan051_p2_tests::plan051_p2_tests::plan051_p2_i18n_params_substitute
        PASS [   0.280s] (1602/4972) auto-lang tests::plan051_ext_widget_tests::plan051_ext_widget_tests::plan051_useweb_dotted_kind_parses
        PASS [   0.278s] (1603/4972) auto-lang tests::plan051_ext_widget_tests::plan051_ext_widget_tests::plan051_useweb_explicit_fn_typo_fails
        PASS [   0.313s] (1604/4972) auto-lang tests::plan051_ext_widget_tests::plan051_ext_widget_tests::plan051_ext_widget_markdown_renders_from_vm_adapter
        PASS [   0.257s] (1605/4972) auto-lang tests::plan051_p2_tests::plan051_p2_tests::plan051_p2_module_level_useweb_component_registers_icons
        PASS [   0.254s] (1606/4972) auto-lang tests::plan051_timer_tests::plan051_timer_tests::plan051_timer_parses_store_block
        PASS [   0.270s] (1607/4972) auto-lang tests::plan051_timer_tests::plan051_timer_tests::plan051_timer_parses_widget_block
        PASS [   0.207s] (1608/4972) auto-lang tests::plan051_timer_tests::plan051_timer_tests::plan051_timer_rejects_undeclared_msg_variant
        PASS [   0.215s] (1609/4972) auto-lang tests::plan051_timer_tests::plan051_timer_tests::plan051_timer_vm_collects_entries
        PASS [   0.209s] (1610/4972) auto-lang tests::plan051_timer_tests::plan051_timer_tests::plan051_timer_vm_dispatch_fires_handlers
        PASS [   0.220s] (1611/4972) auto-lang tests::plan051_timer_tests::plan051_timer_tests::plan051_timer_vm_when_guard_blocks_and_passes
        PASS [   0.196s] (1612/4972) auto-lang tests::plan051_timer_tests::plan051_timer_tests::plan051_timer_vue_store_composable_emits_interval
        PASS [   1.467s] (1613/4972) auto-lang tests::musk_vm_track_tests::probe_rc_leak_soak::probe_attribution
        PASS [   0.240s] (1614/4972) auto-lang tests::plan058_engine_gap_tests::plan058_child_emit_computed::computed_resolves_in_used_child_handler
        PASS [   0.223s] (1615/4972) auto-lang tests::plan058_engine_gap_tests::plan058_nanbox_int_float::handler_int_float_arg_binding
        PASS [   0.219s] (1616/4972) auto-lang tests::plan058_engine_gap_tests::plan058_nanbox_int_float::handler_int_payload_widens_to_float_param
        PASS [   0.247s] (1617/4972) auto-lang tests::plan058_engine_gap_tests::plan058_child_emit_computed::quoted_emit_with_computed_arg_routes_to_parent
        PASS [   0.253s] (1618/4972) auto-lang tests::plan058_engine_gap_tests::plan058_nanbox_int_float::handler_int_float_composite_arithmetic
        PASS [   0.236s] (1619/4972) auto-lang tests::plan058_engine_gap_tests::plan058_nanbox_int_float::handler_three_float_params_first_arg_intact
        PASS [   0.233s] (1620/4972) auto-lang tests::plan058_engine_gap_tests::plan058_nanbox_int_float::write_state_int_float_roundtrip
        PASS [   0.238s] (1621/4972) auto-lang tests::plan059_child_emit_probe_tests::plan059_child_emit_probe_tests::p059_payload_route_still_passes_first_arg
        PASS [   0.251s] (1622/4972) auto-lang tests::plan059_child_emit_probe_tests::plan059_child_emit_probe_tests::p059_zero_param_parent_route_runs_without_frame_shift
        PASS [   0.257s] (1623/4972) auto-lang tests::plan063_handler_float_tests::plan063_handler_float_arith::child_move_emits_to_parent_scroll_top
        PASS [   0.267s] (1624/4972) auto-lang tests::plan063_handler_float_tests::plan063_handler_float_arith::handler_f64_spelling_full_cascade
        PASS [   0.250s] (1625/4972) auto-lang tests::plan063_handler_float_tests::plan063_handler_float_arith::handler_param_float_comparison
        PASS [   0.243s] (1626/4972) auto-lang tests::plan063_handler_float_tests::plan063_handler_float_arith::handler_param_minus_param_via_value_dispatch
        PASS [   0.272s] (1627/4972) auto-lang tests::plan066_filter_projection_tests::plan066_filter_projection_tests::plan066_pa_computed_filter_over_store_list
        PASS [   0.163s] (1628/4972) auto-lang tests::plan066_native_widget_tests::plan066_native_widget_tests::plan066_unknown_tag_bypasses_native_registry
        PASS [   0.224s] (1629/4972) auto-lang tests::plan066_filter_projection_tests::plan066_filter_projection_tests::plan066_pc_think_block_read_side
        PASS [   0.204s] (1630/4972) auto-lang tests::plan066_native_widget_tests::plan066_native_widget_tests::plan066_element_entry_produces_custom_view
        PASS [   0.280s] (1631/4972) auto-lang tests::plan066_filter_projection_tests::plan066_filter_projection_tests::plan066_pb_cross_module_setfield_reaches_root
        PASS [   0.231s] (1632/4972) auto-lang tests::plan066_filter_projection_tests::plan066_filter_projection_tests::plan066_pd_handler_as_value_arg_tolerated
        PASS [   0.872s] (1633/4972) auto-lang tests::plan024_named_view_tests::vue_named_view_codes_empty_without_mini
        PASS [   0.222s] (1634/4972) auto-lang tests::plan082_shell_query_tests::plan082_index_dot_and_len_on_captured_records
        PASS [   0.244s] (1635/4972) auto-lang tests::plan082_shell_query_tests::plan082_for_in_over_shell_query_records
        PASS [   0.217s] (1636/4972) auto-lang tests::plan082_shell_query_tests::plan082_query_without_host_defaults_to_empty_array
        PASS [   0.156s] (1637/4972) auto-lang tests::plan083_http_msg_bridge_tests::namespace_split_rules
        PASS [   0.218s] (1638/4972) auto-lang tests::plan082_shell_query_tests::plan082_to_uint_on_record_field
        PASS [   0.160s] (1639/4972) auto-lang tests::plan083_http_msg_bridge_tests::payload_encoding_roundtrips_through_decode_payload
        PASS [   0.245s] (1640/4972) auto-lang tests::plan082_shell_query_tests::plan082_shell_run_forwards_and_stack_neutral
        PASS [   0.174s] (1641/4972) auto-lang tests::plan083_http_msg_bridge_tests::spawn_completes_into_queue_with_json_payload
        PASS [   0.131s] (1642/4972) auto-lang tests::plan089_mouse_area_press_tests::probe_mouse_area_press_chain_aligned
        PASS [   0.151s] (1643/4972) auto-lang tests::plan320_tests::plan320_tests::test_basic_print
        PASS [   0.146s] (1644/4972) auto-lang tests::plan320_tests::plan320_tests::test_list_push_int_basic
        PASS [   0.244s] (1645/4972) auto-lang tests::plan083_http_msg_bridge_tests::two_phase_probe::two_phase_load_roundtrip_through_real_dispatch
        PASS [   0.155s] (1646/4972) auto-lang tests::plan320_tests::plan320_tests::test_list_struct_len_toplevel
        PASS [   0.996s] (1647/4972) auto-lang tests::plan024_named_view_tests::vue_named_view_codes_generated
        PASS [   0.200s] (1648/4972) auto-lang tests::plan320_tests::plan320_tests::test_basic_struct
        PASS [   0.169s] (1649/4972) auto-lang tests::plan320_tests::plan320_tests::test_list_struct_push
        PASS [   0.711s] (1650/4972) auto-lang tests::plan051_timer_tests::plan051_timer_tests::plan051_timer_vue_emits_interval_and_cleanup
        PASS [   0.179s] (1651/4972) auto-lang tests::plan320_tests::plan320_tests::test_list_struct_push_then_len
        PASS [   0.158s] (1652/4972) auto-lang tests::plan320_tests::plan320_tests::test_list_struct_push_toplevel
        PASS [   0.169s] (1653/4972) auto-lang tests::plan339_tests::plan339_tests::test_plan475_resolve_module_path_deps
        PASS [   0.169s] (1654/4972) auto-lang tests::plan339_tests::plan339_tests::test_import_aliases_map_bare_to_qualified
        PASS [   0.174s] (1655/4972) auto-lang tests::plan339_tests::plan339_tests::test_plan635_gate_blocks_undeclared_deps
        PASS [   0.217s] (1656/4972) auto-lang tests::plan339_tests::plan339_tests::test_collect_qualifies_all_functions
        PASS [   0.190s] (1657/4972) auto-lang tests::plan339_tests::plan339_tests::test_plan635_workspace_member_resolves
        PASS [   0.740s] (1658/4972) auto-lang tests::plan051_timer_tests::plan051_timer_tests::vue_imports_dedupe_onunmounted_when_timer_and_tick_coexist
        PASS [   0.232s] (1659/4972) auto-lang tests::plan339_tests::plan339_tests::test_016_calendar_app_compiles_with_namespace
        PASS [   0.185s] (1660/4972) auto-lang tests::plan340_tests::plan340_tests::test_api_http_call_scalar_return_uses_single_pop
        PASS [   0.165s] (1661/4972) auto-lang tests::plan340_tests::plan340_tests::test_codegen_brace_path_params_in_api_http_rewrite
        PASS [   0.156s] (1662/4972) auto-lang tests::plan340_tests::plan340_tests::test_codegen_get_query_params_in_api_http_rewrite
        PASS [   0.154s] (1663/4972) auto-lang tests::plan340_tests::plan340_tests::test_codegen_rewrites_api_call_to_http_when_split
        PASS [   0.170s] (1664/4972) auto-lang tests::plan340_tests::plan340_tests::test_codegen_wildcard_path_param_in_api_http_rewrite
        PASS [   0.185s] (1665/4972) auto-lang tests::plan340_tests::plan340_tests::test_codegen_rewrites_qualified_api_call_to_http_when_split
        PASS [   0.181s] (1666/4972) auto-lang tests::plan340_tests::plan340_tests::test_json_from_value_bool
        PASS [   0.182s] (1667/4972) auto-lang tests::plan340_tests::plan340_tests::test_json_from_value_int
        PASS [   2.046s] (1668/4972) auto-lang tests::musk_vm_track_tests::probe_rc_leak_soak::probe_trace_ids
        PASS [   0.173s] (1669/4972) auto-lang tests::plan340_tests::plan340_tests::test_json_to_value_object_field
        PASS [   0.188s] (1670/4972) auto-lang tests::plan340_tests::plan340_tests::test_json_from_value_string
        PASS [   0.158s] (1671/4972) auto-lang tests::plan340_tests::plan340_tests::test_url_encode_path_native
        PASS [   0.194s] (1672/4972) auto-lang tests::plan340_tests::plan340_tests::test_json_to_value_array_roundtrip
        PASS [   0.349s] (1673/4972) auto-lang tests::plan339_tests::plan339_tests::test_015_notes_app_compiles_with_namespace
        PASS [   0.154s] (1674/4972) auto-lang tests::plan348_concurrency_tests::plan348_concurrency_tests::test_g1_multiple_go_spawns_no_crash
        PASS [   0.156s] (1675/4972) auto-lang tests::plan348_concurrency_tests::plan348_concurrency_tests::test_g1_go_spawn_does_not_crash
        PASS [   0.156s] (1676/4972) auto-lang tests::plan348_concurrency_tests::plan348_concurrency_tests::test_g2_array_type_still_works
        PASS [   0.156s] (1677/4972) auto-lang tests::plan348_concurrency_tests::plan348_concurrency_tests::test_g2_generic_square_bracket
        PASS [   0.153s] (1678/4972) auto-lang tests::plan348_concurrency_tests::plan348_concurrency_tests::test_g2_handle_square_bracket
        PASS [   0.169s] (1679/4972) auto-lang tests::plan348_concurrency_tests::plan348_concurrency_tests::test_g2_generic_square_bracket_in_fn_param
        PASS [   0.152s] (1680/4972) auto-lang tests::plan348_concurrency_tests::plan348_concurrency_tests::test_g2_nested_generic_square_bracket
        PASS [   0.252s] (1681/4972) auto-lang tests::plan341_tests::plan341_tests::test_sse_get_stream_empty
        PASS [   0.140s] (1682/4972) auto-lang tests::plan348_concurrency_tests::plan348_concurrency_tests::test_task22_spawn_does_not_run_inline
        PASS [   0.155s] (1683/4972) auto-lang tests::plan348_concurrency_tests::plan348_concurrency_tests::test_task22_await_returns_body_value
        PASS [   0.142s] (1684/4972) auto-lang tests::plan348_concurrency_tests::plan348_concurrency_tests::test_task22_spawn_then_await_coexist
        PASS [   0.139s] (1685/4972) auto-lang tests::plan349_tests::plan349_tests::test_brotli_native_callable
        PASS [   0.234s] (1686/4972) auto-lang tests::plan341_tests::plan341_tests::test_sse_get_stream_single
        PASS [   0.124s] (1687/4972) auto-lang tests::plan349_tests::plan349_tests::test_cors_headers_content
        PASS [   0.266s] (1688/4972) auto-lang tests::plan341_tests::plan341_tests::test_sse_get_stream_for_in
        PASS [   0.126s] (1689/4972) auto-lang tests::plan349_tests::plan349_tests::test_cors_preflight_shape
        PASS [   0.121s] (1690/4972) auto-lang tests::plan349_tests::plan349_tests::test_cors_preflight_skips_non_options
        PASS [   0.172s] (1691/4972) auto-lang tests::plan349_tests::plan349_tests::test_cors_header_on_real_get
        PASS [   0.218s] (1692/4972) auto-lang tests::plan349_tests::plan349_tests::test_consolidated_table_drives_handle_reentry
        PASS [   0.145s] (1693/4972) auto-lang tests::plan349_tests::plan349_tests::test_native_ids_no_collision
        PASS [   0.213s] (1694/4972) auto-lang tests::plan349_tests::plan349_tests::test_http_download
        PASS [   0.159s] (1695/4972) auto-lang tests::plan349_tests::plan349_tests::test_multipart_text_native_exists
        PASS [   0.159s] (1696/4972) auto-lang tests::plan349_tests::plan349_tests::test_request_builder_chain
        PASS [   0.156s] (1697/4972) auto-lang tests::plan352_tests::plan352_tests::test_cookie_store_native_exists
        PASS [   0.219s] (1698/4972) auto-lang tests::plan349_tests::plan349_tests::test_http_download_resume
        PASS [   0.156s] (1699/4972) auto-lang tests::plan349_tests::plan349_tests::test_tls_ca_cert_native_exists
        PASS [   0.170s] (1700/4972) auto-lang tests::plan349_tests::plan349_tests::test_tls_skip_verify_native_exists
        PASS [   0.170s] (1701/4972) auto-lang tests::plan352_tests::plan352_tests::test_middleware_use_native_exists
        PASS [   0.249s] (1702/4972) auto-lang tests::plan349_tests::plan349_tests::test_http_get_sync
        PASS [   0.174s] (1703/4972) auto-lang tests::plan352_tests::plan352_tests::test_redirect_native_exists
        PASS [   0.249s] (1704/4972) auto-lang tests::plan349_tests::plan349_tests::test_http_upload
        PASS [   0.187s] (1705/4972) auto-lang tests::plan352_tests::plan352_tests::test_openapi_generate_empty
        PASS [   0.249s] (1706/4972) auto-lang tests::plan349_tests::plan349_tests::test_multipart_file_functional
        PASS [   0.187s] (1707/4972) auto-lang tests::plan352_tests::plan352_tests::test_session_create_and_get
        PASS [   0.203s] (1708/4972) auto-lang tests::plan352_tests::plan352_tests::test_gzip_native_exists
        PASS [   0.188s] (1709/4972) auto-lang tests::plan352_tests::plan352_tests::test_session_destroy
        PASS [   0.200s] (1710/4972) auto-lang tests::plan352_tests::plan352_tests::test_retry_native_exists
        PASS [   0.184s] (1711/4972) auto-lang tests::plan352_tests::plan352_tests::test_session_get_nonexistent
        PASS [   0.144s] (1712/4972) auto-lang tests::plan352_tests::plan352_tests::test_session_multiple
        PASS [   0.138s] (1713/4972) auto-lang tests::plan352_tests::plan352_tests::test_session_set_nonexistent
        PASS [   0.152s] (1714/4972) auto-lang tests::plan352_tests::plan352_tests::test_session_set
        PASS [   0.152s] (1715/4972) auto-lang tests::plan352_tests::plan352_tests::test_template_combined
        PASS [   0.140s] (1716/4972) auto-lang tests::plan352_tests::plan352_tests::test_template_if_false
        PASS [   0.156s] (1717/4972) auto-lang tests::plan352_tests::plan352_tests::test_template_each
        PASS [   0.140s] (1718/4972) auto-lang tests::plan352_tests::plan352_tests::test_template_if_true
        PASS [   0.157s] (1719/4972) auto-lang tests::plan352_tests::plan352_tests::test_template_nested_value
        PASS [   0.143s] (1720/4972) auto-lang tests::plan352_tests::plan352_tests::test_template_nonexistent
        PASS [   0.127s] (1721/4972) auto-lang tests::plan352_tests::plan352_tests::test_template_overwrite
        PASS [   0.157s] (1722/4972) auto-lang tests::plan353_tests::plan353_tests::test_eprintln
        PASS [   0.173s] (1723/4972) auto-lang tests::plan352_tests::plan352_tests::test_template_variable
        PASS [   0.170s] (1724/4972) auto-lang tests::plan352_tests::plan352_tests::test_tls_client_cert_native_exists
        PASS [   0.158s] (1725/4972) auto-lang tests::plan352_tests::plan352_tests::test_ws_connect_native_exists
        PASS [   0.172s] (1726/4972) auto-lang tests::plan353_tests::plan353_tests::test_eprint
        PASS [   0.171s] (1727/4972) auto-lang tests::plan353_tests::plan353_tests::test_io_lines_iterator_creation
        PASS [   0.160s] (1728/4972) auto-lang tests::plan367_viewfn_tests::plan367_viewfn_tests::view_fn_no_params_if
        PASS [   0.188s] (1729/4972) auto-lang tests::plan353_tests::plan353_tests::test_io_chunks_iterator_creation
        PASS [   0.162s] (1730/4972) auto-lang tests::plan367_viewfn_tests::plan367_viewfn_tests::view_fn_param_as_if_condition
        PASS [   0.176s] (1731/4972) auto-lang tests::plan367_viewfn_tests::plan367_viewfn_tests::view_fn_multi_param_if_condition
        PASS [   0.166s] (1732/4972) auto-lang tests::plan367_viewfn_tests::plan367_viewfn_tests::view_fns_then_widget
        PASS [   0.223s] (1733/4972) auto-lang tests::plan367_viewfn_tests::plan367_viewfn_tests::real_sidebar_at_parses_with_navtree
        PASS [   0.237s] (1734/4972) auto-lang tests::plan367_viewfn_tests::plan367_viewfn_tests::view_fn_verbatim_noterow
        PASS [   0.187s] (1735/4972) auto-lang tests::plan370_store_vm_tests::block_static_store_tests::store_list_field_in_root_state
        PASS [   0.214s] (1736/4972) auto-lang tests::plan370_store_vm_tests::block_static_store_tests::store_list_push_persists_after_init
        PASS [   0.289s] (1737/4972) auto-lang tests::plan370_store_vm_tests::plan370_store_vm_tests::snapshot_builder_evaluates_store_len_comparison
        PASS [   0.371s] (1738/4972) auto-lang tests::plan370_015_behavior_tests::plan370_015_behavior_tests::repro_b12_real_013_addtodo_keeps_seed_todos
        PASS [   0.430s] (1739/4972) auto-lang tests::plan370_015_behavior_tests::plan370_015_behavior_tests::repro_b12_real_013_addtodo_with_input_payload
        PASS [   0.776s] (1740/4972) auto-lang tests::plan370_015_behavior_tests::plan370_015_behavior_tests::d10_edit_fills_draft_fields
        PASS [   0.759s] (1741/4972) auto-lang tests::plan370_015_behavior_tests::plan370_015_behavior_tests::d2_new_note_appends
        PASS [   0.759s] (1742/4972) auto-lang tests::plan370_015_behavior_tests::plan370_015_behavior_tests::d3_select_note_sets_active_id
        PASS [   0.778s] (1743/4972) auto-lang tests::plan370_015_behavior_tests::plan370_015_behavior_tests::d1_init_loads_seed_notes
        PASS [   0.794s] (1744/4972) auto-lang tests::plan370_015_behavior_tests::plan370_015_behavior_tests::d7_toggle_pin_flips_flag
        PASS [   0.812s] (1745/4972) auto-lang tests::plan370_015_behavior_tests::plan370_015_behavior_tests::d4_view_tabs_switch_folder
        PASS [   0.847s] (1746/4972) auto-lang tests::plan370_015_behavior_tests::plan370_015_behavior_tests::d6_tag_filter_sets_and_clears
        PASS [   0.799s] (1747/4972) auto-lang tests::plan370_015_behavior_tests::plan370_015_behavior_tests::d9_set_accent_color
        PASS [   0.834s] (1748/4972) auto-lang tests::plan370_015_behavior_tests::plan370_015_behavior_tests::d8_toggle_dark_mode
        PASS [   0.893s] (1749/4972) auto-lang tests::plan370_015_behavior_tests::plan370_015_behavior_tests::z6_export_prolog_alignment
        PASS [   0.928s] (1750/4972) auto-lang tests::plan370_store_vm_tests::plan370_store_vm_tests::notes_resolves_to_seed_data
        PASS [   0.985s] (1751/4972) auto-lang tests::plan370_store_vm_tests::plan370_store_vm_tests::store_fields_merged_into_root_state
        PASS [   1.008s] (1752/4972) auto-lang tests::plan370_store_vm_tests::plan370_store_vm_tests::snapshot_does_not_show_empty_state
        PASS [   1.059s] (1753/4972) auto-lang tests::plan408_tests::plan408_tests::test_component_fn_literal_props
        PASS [   1.012s] (1754/4972) auto-lang tests::plan408_tests::plan408_tests::test_component_fn_prop_as_handler
        PASS [   2.257s] (1755/4972) auto-lang tests::plan083_http_msg_bridge_tests::failure_yields_ok_false_and_still_dispatches
        PASS [   1.237s] (1756/4972) auto-lang tests::plan408_tests::plan408_tests::test_component_fn_legacy_entry_writes_sfc
        PASS [   0.345s] (1757/4972) auto-lang tests::plan408_tests::plan408_tests::test_on_handler_host_global
        PASS [   1.048s] (1758/4972) auto-lang tests::plan408_tests::plan408_tests::test_component_fn_with_computed
        PASS [   0.323s] (1759/4972) auto-lang tests::plan408_tests::plan408_tests::test_view_fn_still_parses
        PASS [   1.152s] (1760/4972) auto-lang tests::plan408_tests::plan408_tests::test_component_fn_slot_injection
        PASS [   0.822s] (1761/4972) auto-lang tests::plan408_tests::plan408_tests::test_composable_facade_ref_unwrap
        PASS [   1.161s] (1762/4972) auto-lang tests::plan408_tests::plan408_tests::test_component_fn_with_emit
        PASS [   1.180s] (1763/4972) auto-lang tests::plan408_tests::plan408_tests::test_component_fn_with_use_fn
        PASS [   0.831s] (1764/4972) auto-lang tests::plan408_tests::plan408_tests::test_native_table_not_mapped_to_shadcn
        PASS [   0.932s] (1765/4972) auto-lang tests::plan408_tests::plan408_tests::test_computed_references_computed_unwraps_value
        PASS [   0.937s] (1766/4972) auto-lang tests::plan408_tests::plan408_tests::test_dynamic_index_dot_field
        PASS [   0.945s] (1767/4972) auto-lang tests::plan408_tests::plan408_tests::test_nested_if_computed_value_unwrap
        PASS [   0.274s] (1768/4972) auto-lang tests::plan412_tests::plan412_routes_registered
        PASS [   1.096s] (1769/4972) auto-lang tests::plan408_tests::plan408_tests::test_computed_if_emits_ternary
        PASS [   1.096s] (1770/4972) auto-lang tests::plan408_tests::plan408_tests::test_component_fn_with_watch
        PASS [   0.182s] (1771/4972) auto-lang tests::plan412_tests::plan412_toast_call_rewrites_to_state_assign
        PASS [   0.281s] (1772/4972) auto-lang tests::plan412_tests::plan412_square_builds_centered_container
        PASS [   1.059s] (1773/4972) auto-lang tests::plan408_tests::plan408_tests::test_fn_call_field_uses_optional_chain
        PASS [   1.119s] (1774/4972) auto-lang tests::plan408_tests::plan408_tests::test_dynamic_style_with_dynamic_class
        PASS [   0.249s] (1775/4972) auto-lang tests::plan437_child_init_tests::plan437_child_init::child_init_fires_during_render
        PASS [   1.027s] (1776/4972) auto-lang tests::plan408_tests::plan408_tests::test_on_handler_async_await_and_props
        PASS [   0.249s] (1777/4972) auto-lang tests::plan442_ext_link_tests::plan442_ext_link_tests::ext_link_builds_and_init_runs
        PASS [   0.249s] (1778/4972) auto-lang tests::plan442_ext_link_tests::plan442_ext_link_tests::ext_link_adapter_fns_exported
        PASS [   1.021s] (1779/4972) auto-lang tests::plan408_tests::plan408_tests::test_use_component_no_from_resolves_to_components
        PASS [   0.297s] (1780/4972) auto-lang tests::plan442_ext_link_tests::plan442_ext_link_tests::plan050_void_stub_reads_as_none_in_computed
        PASS [   0.267s] (1781/4972) auto-lang tests::plan442_parser_regress_tests::plan442_parser_regress::chained_call_on_rust_import_in_args_parses
        PASS [   0.744s] (1782/4972) auto-lang tests::plan412_tests::plan412_grid_page_style_classes_rederive_to_grid
        PASS [   0.206s] (1783/4972) auto-lang tests::plan442_parser_regress_tests::plan442_parser_regress::consecutive_hash_comment_lines_in_type_body_parse
        PASS [   0.349s] (1784/4972) auto-lang tests::plan442_ext_link_tests::plan442_ext_link_tests::ext_link_ts_symbols_stubbed
        PASS [   0.289s] (1785/4972) auto-lang tests::plan442_parser_regress_tests::plan442_parser_regress::chained_call_on_rust_import_in_stmt_parses
        PASS [   0.271s] (1786/4972) auto-lang tests::plan442_parser_regress_tests::plan442_parser_regress::hash_comment_run_in_ext_body_parses
        PASS [   0.844s] (1787/4972) auto-lang tests::plan412_tests::plan412_grid_span_page_carries_span_metadata
        PASS [   0.242s] (1788/4972) auto-lang tests::plan442_sched_tests::plan442_sched_tests::sched_clear_timeout_cancels
        PASS [   0.216s] (1789/4972) auto-lang tests::plan442_store_facade_tests::plan442_store_facade_tests::legacy_store_facade_cross_widget_calls_and_reads
        PASS [   0.262s] (1790/4972) auto-lang tests::plan442_sched_tests::plan442_sched_tests::sched_event_timer_fires_via_poll
        PASS [   0.236s] (1791/4972) auto-lang tests::plan442_webcompat_tests::plan442_webcompat_tests::localstorage_bridge_roundtrip
        PASS [   0.330s] (1792/4972) auto-lang tests::plan442_sched_tests::plan442_sched_tests::sched_closure_timer_fires
        PASS [   0.236s] (1793/4972) auto-lang tests::plan446_b1_tests::plan446_b1_store_loop::b1_pick_handler_receives_field_value
        PASS [   0.301s] (1794/4972) auto-lang tests::plan442_store_facade_tests::plan442_store_facade_tests::legacy_store_facade_loads_store_fields
        PASS [   0.301s] (1795/4972) auto-lang tests::plan442_store_facade_tests::plan442_store_facade_tests::legacy_store_facade_view_reads_store_state
        PASS [   0.226s] (1796/4972) auto-lang tests::plan446_b1_tests::plan446_b1_store_loop::b1_store_loop_field_arg_renders_and_materializes
        PASS [   0.301s] (1797/4972) auto-lang tests::plan442_webcompat_tests::plan442_webcompat_tests::encodeuricomponent_bridge
        PASS [   0.864s] (1798/4972) auto-lang tests::plan412_tests::plan412_square_generates_vue_div
        PASS [   0.832s] (1799/4972) auto-lang tests::plan412_tests::plan412_toast_page_builds_with_provider
        PASS [   0.185s] (1800/4972) auto-lang tests::plan446_batch3_tests::plan446_batch3_d2_ui::d2_handler_loop_var_field_read
        PASS [   1.219s] (1801/4972) auto-lang tests::plan412_tests::plan412_all_layout_pages_build
        PASS [   0.256s] (1802/4972) auto-lang tests::plan446_batch3_tests::plan446_batch3_probes::d1_json_parse_array_iteration
        PASS [   0.385s] (1803/4972) auto-lang tests::plan446_batch2_tests::plan446_batch2_http::e1_res_status_reports_wire_status_on_get_handle
        PASS [   0.267s] (1804/4972) auto-lang tests::plan446_batch3_tests::plan446_batch3_probes::d6_json_keys_insertion_order
        PASS [   0.249s] (1805/4972) auto-lang tests::plan446_batch4_tests::plan446_batch4_probes::d4_find_closure_fn_module_baseline
        PASS [   0.301s] (1806/4972) auto-lang tests::plan446_batch3_tests::plan446_batch3_probes::d1_json_parse_supports_dot_access
        PASS [   0.397s] (1807/4972) auto-lang tests::plan446_batch2_tests::plan446_batch2_http::e2_second_http_call_after_builder_chain_survives
        PASS [   0.313s] (1808/4972) auto-lang tests::plan446_batch3_tests::plan446_batch3_probes::d3_array_cross_fn_arg
        PASS [   0.269s] (1809/4972) auto-lang tests::plan446_batch4_tests::plan446_batch4_probes::f3_map_literal_with_empty_array
        PASS [   0.140s] (1810/4972) auto-lang tests::plan446_batch5_tests::plan446_batch5_u3_textarea_wedge::u3_oversized_preview_builds_on_pathological_input
        PASS [   0.240s] (1811/4972) auto-lang tests::plan446_batch5_tests::plan446_batch5_u1::u1_press_after_loop_build_updates_active_id
        PASS [   0.323s] (1812/4972) auto-lang tests::plan446_batch4_tests::plan446_batch4_probes::d5_json_get_at_on_vm_array
        PASS [   0.283s] (1813/4972) auto-lang tests::plan446_batch4_tests::plan446_batch4_ui::d4_find_closure_in_handler_context
        PASS [   0.285s] (1814/4972) auto-lang tests::plan446_batch4_tests::plan446_batch4_probes::f3_method_call_inside_map_literal
        PASS [   0.182s] (1815/4972) auto-lang tests::plan446_batch5_tests::plan446_batch5_u1::u4_select_renders_and_dispatches
        PASS [   0.251s] (1816/4972) auto-lang tests::plan446_batch5_tests::plan446_batch5_u1::u2_event_marker_arg_replaced_with_typed_text
        PASS [   0.173s] (1817/4972) auto-lang tests::plan446_batch5_tests::plan446_batch5_u3_textarea_wedge::u3_textarea_preview_gate_boundaries
        PASS [   0.455s] (1818/4972) auto-lang tests::plan446_batch4_tests::plan446_batch4_probes::e3_res_body_on_error_response
        PASS [   0.228s] (1819/4972) auto-lang tests::plan446_c1_popover_tests::c1_popover::popover_form_builds_and_renders
        PASS [   0.228s] (1820/4972) auto-lang tests::plan446_batch5_tests::plan446_batch5_u7::u7_consumer_chain_matrix
        PASS [   1.729s] (1821/4972) auto-lang tests::plan409_tests::link_children_render_as_button_content
        PASS [   0.241s] (1822/4972) auto-lang tests::plan449_style_parity_tests::plan449_style_parity_dump::style_parity_dump
        PASS [   1.650s] (1823/4972) auto-lang tests::plan409_tests::theme_accent_color_state_and_handlers
        PASS [   0.260s] (1824/4972) auto-lang tests::plan449_style_parity_tests::plan449_style_migration_probe::style_migration_probe
        PASS [   1.687s] (1825/4972) auto-lang tests::plan409_tests::theme_palette_ui_and_primary_rendering
        PASS [   0.251s] (1826/4972) auto-lang tests::plan492_m2_tests::m2_primary_shorthand_bracket::text_shorthand_index_expr_whole
        PASS [   0.275s] (1827/4972) auto-lang tests::plan492_m2_tests::m2_primary_shorthand_bracket::text_shorthand_existing_forms_still_parse
        PASS [   1.805s] (1828/4972) auto-lang tests::plan409_tests::plain_link_without_children_keeps_to_label
        PASS [   0.351s] (1829/4972) auto-lang tests::plan492_m4_tests::m4_pkg_compile_chain::m6_workaround_anchors_gone
        PASS [   0.440s] (1830/4972) auto-lang tests::plan492_m5_tests::m5_pkg_diagnostics::load_layer_parse_warnings_surface_bad_file
        PASS [   0.714s] (1831/4972) auto-lang tests::plan484_chart_component_tests::body_props_flow_to_component
        PASS [   0.413s] (1832/4972) auto-lang tests::plan492_tests::m1_fstr_bracket::child_fstr::child_init_fstr_dollar_bracket_lands
        PASS [   0.417s] (1833/4972) auto-lang tests::plan492_tests::m1_fstr_bracket::child_fstr::child_init_fstr_dollar_nobracket_control
        PASS [   0.491s] (1834/4972) auto-lang tests::plan492_tests::m1_fstr_bracket::child_fstr::child_init_fstr_brace_form_control
        PASS [   2.120s] (1835/4972) auto-lang tests::plan412_tests::plan412_layout_pages_generate_vue_sfc
        PASS [   0.791s] (1836/4972) auto-lang tests::plan492_m3_tests::m3_vue_text_content_arms::text_index_int_and_ident_unchanged
        FAIL [   0.828s] (1837/4972) auto-lang tests::plan484_chart_component_tests::plan484_smoke::plan484_charts_gallery_bare_names_render
  stdout ───

    running 1 test
    test tests::plan484_chart_component_tests::plan484_smoke::plan484_charts_gallery_bare_names_render ... FAILED

    failures:

    failures:
        tests::plan484_chart_component_tests::plan484_smoke::plan484_charts_gallery_bare_names_render

    test result: FAILED. 0 passed; 1 failed; 0 ignored; 0 measured; 6501 filtered out; finished in 0.64s

  stderr ───
    [AUTO-USE-DIAG] P-15 use 模块 `{ package` 解析失败（items: ["official from \"components\" }"]）——候选基目录均无对应 .at/mod.at（PLAN-664）。该导入静默跳过，引用其符号的面将落空。
    [VM-PARKED] handler_AreaChart_Init parked (event Init, wait CpuRunnable) — UI stays interactive

    thread 'tests::plan484_chart_component_tests::plan484_smoke::plan484_charts_gallery_bare_names_render' (34788) panicked at crates\auto-lang\src\tests\plan484_chart_component_tests.rs:72:9:
    donut arc must render
    note: run with `RUST_BACKTRACE=1` environment variable to display a backtrace

        PASS [   0.557s] (1838/4972) auto-lang tests::plan492_tests::m1_fstr_bracket::lexer_tokens_dollar_bracket
        PASS [   0.343s] (1839/4972) auto-lang tests::plan492_tests::m1_fstr_bracket::view_prop_vm_style_width_lands
        PASS [   0.859s] (1840/4972) auto-lang tests::plan492_m3_tests::m3_vue_text_content_arms::text_index_shorthand_keeps_quotes
        PASS [   0.804s] (1841/4972) auto-lang tests::plan492_m3_tests::m3_vue_text_content_arms::unsupported_text_form_warns_r046
        PASS [   0.836s] (1842/4972) auto-lang tests::plan492_m3_tests::m3_vue_text_content_arms::text_index_string_key_keeps_quotes
        PASS [   8.041s] (1843/4972) auto-lang tests::ffi_dual_tests::ffi_dual_013_dep_method
        FAIL [   1.244s] (1844/4972) auto-lang tests::plan484_chart_component_tests::plan484_smoke::plan484_024_charts_streaming_recompute
  stdout ───

    running 1 test
    test tests::plan484_chart_component_tests::plan484_smoke::plan484_024_charts_streaming_recompute ... FAILED

    failures:

    failures:
        tests::plan484_chart_component_tests::plan484_smoke::plan484_024_charts_streaming_recompute

    test result: FAILED. 0 passed; 1 failed; 0 ignored; 0 measured; 6501 filtered out; finished in 1.05s

  stderr ───
    [AUTO-USE-DIAG] P-15 use 模块 `{ package` 解析失败（items: ["official from \"components\" }"]）——候选基目录均无对应 .at/mod.at（PLAN-664）。该导入静默跳过，引用其符号的面将落空。
    [CALL_HANDLER] widget=App event_name=Init fn_name=handler_App_Init args=[]
    [CALL_HANDLER] widget=App event_name=Init fn_name=handler_App_Init args=[]
    [CALL_HANDLER] widget=App event_name=Play fn_name=handler_App_Play args=[]
    [CALL_HANDLER] widget=App event_name=Tick fn_name=handler_App_Tick args=[]
    [CALL_HANDLER] widget=App event_name=Tick fn_name=handler_App_Tick args=[]
    [CALL_HANDLER] widget=App event_name=Tick fn_name=handler_App_Tick args=[]
    [CALL_HANDLER] widget=App event_name=Tick fn_name=handler_App_Tick args=[]
    [CALL_HANDLER] widget=App event_name=Tick fn_name=handler_App_Tick args=[]
    [CALL_HANDLER] widget=App event_name=Tick fn_name=handler_App_Tick args=[]
    [CALL_HANDLER] widget=App event_name=Tick fn_name=handler_App_Tick args=[]
    [CALL_HANDLER] widget=App event_name=Tick fn_name=handler_App_Tick args=[]
    [CALL_HANDLER] widget=App event_name=Tick fn_name=handler_App_Tick args=[]
    [CALL_HANDLER] widget=App event_name=Tick fn_name=handler_App_Tick args=[]
    [CALL_HANDLER] widget=App event_name=Tick fn_name=handler_App_Tick args=[]
    [CALL_HANDLER] widget=App event_name=Tick fn_name=handler_App_Tick args=[]
    [CALL_HANDLER] widget=App event_name=Tick fn_name=handler_App_Tick args=[]
    [CALL_HANDLER] widget=App event_name=Tick fn_name=handler_App_Tick args=[]
    [CALL_HANDLER] widget=App event_name=Tick fn_name=handler_App_Tick args=[]
    [CALL_HANDLER] widget=App event_name=Tick fn_name=handler_App_Tick args=[]
    [CALL_HANDLER] widget=App event_name=Tick fn_name=handler_App_Tick args=[]
    [CALL_HANDLER] widget=App event_name=Tick fn_name=handler_App_Tick args=[]
    [CALL_HANDLER] widget=App event_name=Tick fn_name=handler_App_Tick args=[]
    [CALL_HANDLER] widget=App event_name=Tick fn_name=handler_App_Tick args=[]
    [CALL_HANDLER] widget=App event_name=Tick fn_name=handler_App_Tick args=[]
    [CALL_HANDLER] widget=App event_name=Tick fn_name=handler_App_Tick args=[]
    [CALL_HANDLER] widget=App event_name=Tick fn_name=handler_App_Tick args=[]
    [CALL_HANDLER] widget=App event_name=Tick fn_name=handler_App_Tick args=[]
    [CALL_HANDLER] widget=App event_name=Tick fn_name=handler_App_Tick args=[]
    [CALL_HANDLER] widget=App event_name=Tick fn_name=handler_App_Tick args=[]
    [CALL_HANDLER] widget=App event_name=Tick fn_name=handler_App_Tick args=[]
    [CALL_HANDLER] widget=App event_name=Tick fn_name=handler_App_Tick args=[]
    [CALL_HANDLER] widget=App event_name=Tick fn_name=handler_App_Tick args=[]
    [CALL_HANDLER] widget=App event_name=Tick fn_name=handler_App_Tick args=[]
    [VM-PARKED] handler_LineChart_Init parked (event Init, wait CpuRunnable) — UI stays interactive

    thread 'tests::plan484_chart_component_tests::plan484_smoke::plan484_024_charts_streaming_recompute' (34092) panicked at crates\auto-lang\src\tests\plan484_chart_component_tests.rs:51:9:
    streaming label t29 must reach the chart x-axis
    note: run with `RUST_BACKTRACE=1` environment variable to display a backtrace

        FAIL [   1.136s] (1845/4972) auto-lang tests::plan492_m4_tests::m4_pkg_compile_chain::c1_prop_compare_in_init_alive
  stdout ───

    running 1 test
    C1 anchor: alive=false line_C_segs=0
    test tests::plan492_m4_tests::m4_pkg_compile_chain::c1_prop_compare_in_init_alive ... FAILED

    failures:

    failures:
        tests::plan492_m4_tests::m4_pkg_compile_chain::c1_prop_compare_in_init_alive

    test result: FAILED. 0 passed; 1 failed; 0 ignored; 0 measured; 6501 filtered out; finished in 0.81s

  stderr ───
    [AUTO-USE-DIAG] P-15 use 模块 `{ package` 解析失败（items: ["official from \"components\" }"]）——候选基目录均无对应 .at/mod.at（PLAN-664）。该导入静默跳过，引用其符号的面将落空。
    [VM-PARKED] handler_AreaChart_Init parked (event Init, wait CpuRunnable) — UI stays interactive

    thread 'tests::plan492_m4_tests::m4_pkg_compile_chain::c1_prop_compare_in_init_alive' (29048) panicked at crates\auto-lang\src\tests\plan492_m4_tests.rs:73:9:
    geometry must survive prop compare in Init
    note: run with `RUST_BACKTRACE=1` environment variable to display a backtrace

        PASS [   0.443s] (1846/4972) auto-lang tests::plan498_chart_interaction_tests::plan498_m0::plan498_mouse_area_onclick_arm_lands
        FAIL [   1.314s] (1847/4972) auto-lang tests::plan484_chart_component_tests::plan484_smoke::plan484_024_charts_component_smoke
  stdout ───

    running 1 test
    test tests::plan484_chart_component_tests::plan484_smoke::plan484_024_charts_component_smoke ... FAILED

    failures:

    failures:
        tests::plan484_chart_component_tests::plan484_smoke::plan484_024_charts_component_smoke

    test result: FAILED. 0 passed; 1 failed; 0 ignored; 0 measured; 6501 filtered out; finished in 1.08s

  stderr ───
    [AUTO-USE-DIAG] P-15 use 模块 `{ package` 解析失败（items: ["official from \"components\" }"]）——候选基目录均无对应 .at/mod.at（PLAN-664）。该导入静默跳过，引用其符号的面将落空。
    [CALL_HANDLER] widget=App event_name=Init fn_name=handler_App_Init args=[]
    [CALL_HANDLER] widget=App event_name=Init fn_name=handler_App_Init args=[]
    [VM-PARKED] handler_LineChart_Init parked (event Init, wait CpuRunnable) — UI stays interactive

    thread 'tests::plan484_chart_component_tests::plan484_smoke::plan484_024_charts_component_smoke' (25324) panicked at crates\auto-lang\src\tests\plan484_chart_component_tests.rs:23:9:
    line chart svg must render
    note: run with `RUST_BACKTRACE=1` environment variable to display a backtrace

        PASS [   1.348s] (1848/4972) auto-lang tests::plan492_m3_tests::m3_vue_text_content_arms::probe_text_content_forms
        PASS [   0.445s] (1849/4972) auto-lang tests::plan499_engine_float_to_int_tests::plan499_float_receiver_to_int_via_call_spec
        PASS [   0.783s] (1850/4972) auto-lang tests::plan492_tests::m1_fstr_bracket::view_prop_vue_sfc_dollar_bracket
        PASS [   0.474s] (1851/4972) auto-lang tests::ffi_dual_tests::ffi_dual_014_std_generated_segment
        PASS [   1.289s] (1852/4972) auto-lang tests::plan492_m5_tests::m5_pkg_diagnostics::synth_and_link_layer_failures_are_loud_and_named
        PASS [   0.316s] (1853/4972) auto-lang tests::plan502_diagram_tests::plan502_link_positional_text_parses
        PASS [   0.373s] (1854/4972) auto-lang tests::plan499_pointer_stream_tests::plan499_pipe::plan499_pointer_stream_pipe_delivers_logical_coords
        PASS [   0.321s] (1855/4972) auto-lang tests::plan502_diagram_tests::plan502_m1_vm_svgdoc_text_and_overlay
        PASS [   1.084s] (1856/4972) auto-lang tests::plan492_tests::m1_vue_fstr::vue_sfc_dollar_bracket_fstr_in_init
        FAIL [   1.113s] (1857/4972) auto-lang tests::plan492_tests::m1_pkg_fstr::pkg_init_fstr_dollar_bracket_keeps_geometry
  stdout ───

    running 1 test
    test tests::plan492_tests::m1_pkg_fstr::pkg_init_fstr_dollar_bracket_keeps_geometry ... FAILED

    failures:

    failures:
        tests::plan492_tests::m1_pkg_fstr::pkg_init_fstr_dollar_bracket_keeps_geometry

    test result: FAILED. 0 passed; 1 failed; 0 ignored; 0 measured; 6501 filtered out; finished in 0.87s

  stderr ───
    [AUTO-USE-DIAG] P-15 use 模块 `{ package` 解析失败（items: ["official from \"components\" }"]）——候选基目录均无对应 .at/mod.at（PLAN-664）。该导入静默跳过，引用其符号的面将落空。
    [VM-PARKED] handler_AreaChart_Init parked (event Init, wait CpuRunnable) — UI stays interactive

    thread 'tests::plan492_tests::m1_pkg_fstr::pkg_init_fstr_dollar_bracket_keeps_geometry' (35580) panicked at crates\auto-lang\src\tests\plan492_tests.rs:368:9:
    bar geometry must survive dollar-brace f-string in Init (A2)
    note: run with `RUST_BACKTRACE=1` environment variable to display a backtrace

        PASS [   0.413s] (1858/4972) auto-lang tests::ffi_dual_tests::ffi_dual_015_musk_backend_wave1
        PASS [   1.203s] (1859/4972) auto-lang tests::plan498_chart_interaction_tests::plan498_charts::plan498_area_emphasis
        PASS [   0.381s] (1860/4972) auto-lang tests::plan502_diagram_tests::plan502_m4_glyph_variants
        PASS [   1.241s] (1861/4972) auto-lang tests::plan498_chart_interaction_tests::plan498_charts::plan498_donut_sector_emphasis
        FAIL [   1.230s] (1862/4972) auto-lang tests::plan498_chart_interaction_tests::plan498_charts::plan498_line_emphasis_and_turning_points
  stdout ───

    running 1 test
    test tests::plan498_chart_interaction_tests::plan498_charts::plan498_line_emphasis_and_turning_points ... FAILED

    failures:

    failures:
        tests::plan498_chart_interaction_tests::plan498_charts::plan498_line_emphasis_and_turning_points

    test result: FAILED. 0 passed; 1 failed; 0 ignored; 0 measured; 6501 filtered out; finished in 1.02s

  stderr ───
    [AUTO-USE-DIAG] P-15 use 模块 `{ package` 解析失败（items: ["official from \"components\" }"]）——候选基目录均无对应 .at/mod.at（PLAN-664）。该导入静默跳过，引用其符号的面将落空。
    [VM-PARKED] handler_AreaChart_Init parked (event Init, wait CpuRunnable) — UI stays interactive

    thread 'tests::plan498_chart_interaction_tests::plan498_charts::plan498_line_emphasis_and_turning_points' (33140) panicked at crates\auto-lang\src\tests\plan498_chart_interaction_tests.rs:120:9:
    常驻线宽 2 落图
    note: run with `RUST_BACKTRACE=1` environment variable to display a backtrace

        PASS [   1.923s] (1863/4972) auto-lang tests::plan492_m4_tests::m4_pkg_compile_chain::c2_param_msg_declaration_both_tracks_alive
        FAIL [   1.383s] (1864/4972) auto-lang tests::plan498_chart_interaction_tests::plan498_charts::plan498_bar_group_emphasis
  stdout ───

    running 1 test
    test tests::plan498_chart_interaction_tests::plan498_charts::plan498_bar_group_emphasis ... FAILED

    failures:

    failures:
        tests::plan498_chart_interaction_tests::plan498_charts::plan498_bar_group_emphasis

    test result: FAILED. 0 passed; 1 failed; 0 ignored; 0 measured; 6501 filtered out; finished in 1.16s

  stderr ───
    [AUTO-USE-DIAG] P-15 use 模块 `{ package` 解析失败（items: ["official from \"components\" }"]）——候选基目录均无对应 .at/mod.at（PLAN-664）。该导入静默跳过，引用其符号的面将落空。
    [VM-PARKED] handler_AreaChart_Init parked (event Init, wait CpuRunnable) — UI stays interactive

    thread 'tests::plan498_chart_interaction_tests::plan498_charts::plan498_bar_group_emphasis' (40852) panicked at crates\auto-lang\src\tests\plan498_chart_interaction_tests.rs:174:9:
    常驻柱几何落图
    note: run with `RUST_BACKTRACE=1` environment variable to display a backtrace

        PASS [   0.860s] (1865/4972) auto-lang tests::plan502_diagram_tests::plan502_m1_vue_svg_text_passthrough
        PASS [   0.263s] (1866/4972) auto-lang tests::plan503_tests::loop_member_style_interp::vm_loop_member_style_interpolates
        PASS [   0.546s] (1867/4972) auto-lang tests::plan503_tests::launcher_rewrite::launcher_compiles_and_renders_brand_chips
        FAIL [   1.380s] (1868/4972) auto-lang tests::plan499_pointer_stream_tests::plan499_anim::plan499_donut_tooltip_fade
  stdout ───

    running 1 test
    test tests::plan499_pointer_stream_tests::plan499_anim::plan499_donut_tooltip_fade ... FAILED

    failures:

    failures:
        tests::plan499_pointer_stream_tests::plan499_anim::plan499_donut_tooltip_fade

    test result: FAILED. 0 passed; 1 failed; 0 ignored; 0 measured; 6501 filtered out; finished in 0.97s

  stderr ───
    [AUTO-USE-DIAG] P-15 use 模块 `{ package` 解析失败（items: ["official from \"components\" }"]）——候选基目录均无对应 .at/mod.at（PLAN-664）。该导入静默跳过，引用其符号的面将落空。
    [VM-PARKED] handler_AreaChart_Init parked (event Init, wait CpuRunnable) — UI stays interactive

    thread 'tests::plan499_pointer_stream_tests::plan499_anim::plan499_donut_tooltip_fade' (40132) panicked at crates\auto-lang\src\tests\plan499_pointer_stream_tests.rs:409:9:
    入场边沿启动插值(animDn=true)
    note: run with `RUST_BACKTRACE=1` environment variable to display a backtrace

        PASS [   1.545s] (1869/4972) auto-lang tests::plan498_chart_interaction_tests::plan498_charts::plan498_legend_toggle_visibility
        PASS [   0.517s] (1870/4972) auto-lang tests::ffi_dual_tests::ffi_dual_015_rust_type_route_not_hijacked_by_native_registry
        PASS [   0.303s] (1871/4972) auto-lang tests::plan503_tests::vue_loop_member_class::vue_loop_member_class_parts_split
        PASS [   0.309s] (1872/4972) auto-lang tests::plan503_tests::vue_loop_member_class::vue_state_field_class_parts_no_regress
        PASS [   0.379s] (1873/4972) auto-lang tests::plan503_tests::loop_member_style_interp::vm_state_field_style_interpolation_no_regress
        FAIL [   0.783s] (1874/4972) auto-lang tests::plan502_diagram_tests::plan502_m3_layout_geometry_e2e
  stdout ───

    running 1 test
    test tests::plan502_diagram_tests::plan502_m3_layout_geometry_e2e ... FAILED

    failures:

    failures:
        tests::plan502_diagram_tests::plan502_m3_layout_geometry_e2e

    test result: FAILED. 0 passed; 1 failed; 0 ignored; 0 measured; 6501 filtered out; finished in 0.56s

  stderr ───
    [AUTO-USE-DIAG] P-15 use 模块 `{ package` 解析失败（items: ["official from \"./components\" }"]）——候选基目录均无对应 .at/mod.at（PLAN-664）。该导入静默跳过，引用其符号的面将落空。
    [VM-PARKED] handler_FlowDiagram_Init parked (event Init, wait CpuRunnable) — UI stays interactive

    thread 'tests::plan502_diagram_tests::plan502_m3_layout_geometry_e2e' (41912) panicked at crates\auto-lang\src\tests\plan502_diagram_tests.rs:284:5:
    td st/ck 中轴 x=108
    note: run with `RUST_BACKTRACE=1` environment variable to display a backtrace

        PASS [   0.318s] (1875/4972) auto-lang tests::plan536_t12_send_chain_probe_tests::plan536_t12_send_chain_probe_tests::p536_t12_send_route_survives_stream_open_arg_throw
        PASS [   0.225s] (1876/4972) auto-lang tests::plan536_t1_reactive_probe_tests::plan534_side_panel_probe_tests::plan534_hover_enter_leave_flips_minted_open
        FAIL [   1.819s] (1877/4972) auto-lang tests::plan492_tests::m1_pkg_fstr::pkg_canary_undefined_var_kills_bar_init
  stdout ───

    running 1 test
    test tests::plan492_tests::m1_pkg_fstr::pkg_canary_undefined_var_kills_bar_init ... FAILED

    failures:

    failures:
        tests::plan492_tests::m1_pkg_fstr::pkg_canary_undefined_var_kills_bar_init

    test result: FAILED. 0 passed; 1 failed; 0 ignored; 0 measured; 6501 filtered out; finished in 1.64s

  stderr ───
    [AUTO-USE-DIAG] P-15 use 模块 `{ package` 解析失败（items: ["official from \"components\" }"]）——候选基目录均无对应 .at/mod.at（PLAN-664）。该导入静默跳过，引用其符号的面将落空。
    [VM-PARKED] handler_AreaChart_Init parked (event Init, wait CpuRunnable) — UI stays interactive
    [VM-CPU] handler_AreaChart_Init slice-resumed to completion (parked 7.7323ms, 5246 total steps)
    [VM-PARKED] handler_BarChart_Init parked (event Init, wait CpuRunnable) — UI stays interactive
    [VM-CPU] handler_BarChart_Init slice-resumed to completion (parked 4.6079ms, 5886 total steps)
    [VM-PARKED] handler_LineChart_Init parked (event Init, wait CpuRunnable) — UI stays interactive
    [VM-CPU] handler_LineChart_Init slice-resumed to completion (parked 4.7547ms, 6270 total steps)
    [auto-lang/plan412] `inset-N` is not supported by the native (iced) renderer — degrading per Plan 412 §5 (see /position page degradation matrix).
    [AUTO-USE-DIAG] P-15 use 模块 `{ package` 解析失败（items: ["official from \"components\" }"]）——候选基目录均无对应 .at/mod.at（PLAN-664）。该导入静默跳过，引用其符号的面将落空。

    ════ module parse failed (fatal at boot, plan-446 C1) ════
      file: C:\Users\zhaop\AppData\Local\Temp\plan492-pkg-repro-m1-canary\components\bar_chart.at
      error at 335:72: undefined variable
      error at 336:1: Expected end of statement, got FStrPart<px] h-full flex-1>
      error at 336:22: unexpected token
      error at 355:21: Expected term, got RBrace
      error at 355:21: Expected term, got RBrace
      error at 355:21: Expected term, got RBrace
      error at 355:21: Expected term, got RBrace
      error at 355:21: Expected term, got RBrace
      error at 355:21: Expected term, got RBrace
      error at 355:21: Expected term, got RBrace
      error at 355:21: Expected term, got RBrace
      error at 355:21: Expected term, got RBrace
      error at 355:21: Expected term, got RBrace
      error at 355:21: Expected term, got RBrace
      error at 355:21: Expected term, got RBrace
      error at 355:21: Expected term, got RBrace
      error at 355:21: Expected term, got RBrace
      error at 355:21: Expected term, got RBrace
      error at 355:21: Expected term, got RBrace
      error at 355:21: Expected term, got RBrace
    ════════════════════════════════════════════════════════
    [VM-PARKED] handler_AreaChart_Init parked (event Init, wait CpuRunnable) — UI stays interactive

    thread 'tests::plan492_tests::m1_pkg_fstr::pkg_canary_undefined_var_kills_bar_init' (19220) panicked at crates\auto-lang\src\tests\plan492_tests.rs:399:9:
    canary floor: sibling charts' hit areas stay alive (got 0)
    note: run with `RUST_BACKTRACE=1` environment variable to display a backtrace

        PASS [   0.206s] (1878/4972) auto-lang tests::plan536_t1_reactive_probe_tests::plan534_side_panel_probe_tests::plan534_side_props_resolve_to_edge_placements
        FAIL [   0.601s] (1879/4972) auto-lang tests::plan503_tests::launcher_rewrite::launcher_pickcat_filters_results
  stdout ───

    running 1 test
    test tests::plan503_tests::launcher_rewrite::launcher_pickcat_filters_results ... FAILED

    failures:

    failures:
        tests::plan503_tests::launcher_rewrite::launcher_pickcat_filters_results

    test result: FAILED. 0 passed; 1 failed; 0 ignored; 0 measured; 6501 filtered out; finished in 0.45s

  stderr ───
    [CALL_HANDLER] widget=App event_name=Init fn_name=handler_App_Init args=[]
    [CALL_HANDLER] widget=App event_name=ApplyFilter fn_name=handler_App_ApplyFilter args=[]
    [CALL_HANDLER] widget=App event_name=PickCat fn_name=handler_App_PickCat args=[Str("editor")]

    thread 'tests::plan503_tests::launcher_rewrite::launcher_pickcat_filters_results' (29060) panicked at crates\auto-lang\src\tests\plan503_tests.rs:163:9:
    assertion `left == right` failed: editor 分类下 mock 清单仅 041-auto-edit 一枚
      left: 4
     right: 1
    note: run with `RUST_BACKTRACE=1` environment variable to display a backtrace

        PASS [   0.223s] (1880/4972) auto-lang tests::plan536_t1_reactive_probe_tests::plan536_t1_reactive_probe_tests::p536_t10_multiple_absolute_children_all_survive
        PASS [   0.837s] (1881/4972) auto-lang tests::plan502_diagram_tests::plan502_m5_hover_and_labels_e2e
        FAIL [   1.284s] (1882/4972) auto-lang tests::plan499_pointer_stream_tests::plan499_axispointer::plan499_line_single_pointer_hit_area
  stdout ───

    running 1 test
    test tests::plan499_pointer_stream_tests::plan499_axispointer::plan499_line_single_pointer_hit_area ... FAILED

    failures:

    failures:
        tests::plan499_pointer_stream_tests::plan499_axispointer::plan499_line_single_pointer_hit_area

    test result: FAILED. 0 passed; 1 failed; 0 ignored; 0 measured; 6501 filtered out; finished in 1.08s

  stderr ───
    [AUTO-USE-DIAG] P-15 use 模块 `{ package` 解析失败（items: ["official from \"components\" }"]）——候选基目录均无对应 .at/mod.at（PLAN-664）。该导入静默跳过，引用其符号的面将落空。
    [VM-PARKED] handler_AreaChart_Init parked (event Init, wait CpuRunnable) — UI stays interactive

    thread 'tests::plan499_pointer_stream_tests::plan499_axispointer::plan499_line_single_pointer_hit_area' (38564) panicked at crates\auto-lang\src\tests\plan499_pointer_stream_tests.rs:193:9:
    折线卡命中区必须是带 on_move 的 mouse-area
    note: run with `RUST_BACKTRACE=1` environment variable to display a backtrace

        PASS [   0.206s] (1883/4972) auto-lang tests::plan536_t1_reactive_probe_tests::plan536_t1_reactive_probe_tests::p536_t1_dirty_contract_under_repeated_ticks
        PASS [   0.253s] (1884/4972) auto-lang tests::plan536_t1_reactive_probe_tests::plan534_side_panel_probe_tests::plan534_open_bindings_and_minted_toggle_drive_panels
        PASS [   0.222s] (1885/4972) auto-lang tests::plan536_t1_reactive_probe_tests::plan536_t1_reactive_probe_tests::p536_t10_noz_offset_floater_positioned_by_dynamic_path
        PASS [   1.640s] (1886/4972) auto-lang tests::plan499_pointer_stream_tests::plan499_anim::plan499_tooltip_fade_interpolation
        PASS [   1.406s] (1887/4972) auto-lang tests::plan499_pointer_stream_tests::plan499_axispointer::plan499_line_axispointer_crosshair_and_follow_tooltip
        PASS [   0.250s] (1888/4972) auto-lang tests::plan536_t1_reactive_probe_tests::plan536_t1_reactive_probe_tests::p536_t1_root_timer_write_reaches_rebuilt_view
        PASS [   0.233s] (1889/4972) auto-lang tests::plan536_t1_reactive_probe_tests::plan536_t1_reactive_probe_tests::p536_t1_store_timer_updates_child_prop_and_direct_binding
        PASS [   0.220s] (1890/4972) auto-lang tests::plan536_t1_reactive_probe_tests::plan536_t1_reactive_probe_tests::p536_t1_store_timer_write_reaches_rebuilt_view
        PASS [   0.221s] (1891/4972) auto-lang tests::plan536_t1_reactive_probe_tests::plan536_t1_reactive_probe_tests::p536_t1_when_gate_is_pre_dispatch_filter
        PASS [   0.232s] (1892/4972) auto-lang tests::plan536_t1_reactive_probe_tests::plan536_t1_reactive_probe_tests::p536_t2_handler_error_after_side_effects_still_invalidates
        PASS [   0.197s] (1893/4972) auto-lang tests::plan536_t1_reactive_probe_tests::plan536_t1_reactive_probe_tests::p536_t6_absolute_without_z_stays_in_flow
        PASS [   0.246s] (1894/4972) auto-lang tests::plan536_t1_reactive_probe_tests::plan536_t1_reactive_probe_tests::p536_t3_child_init_fires_once_not_per_rebuild
        PASS [   1.277s] (1895/4972) auto-lang tests::plan502_diagram_tests::plan502_m3_layout_core_parity
        PASS [   0.202s] (1896/4972) auto-lang tests::plan536_t1_reactive_probe_tests::plan536_t1_reactive_probe_tests::p536_t6_button_carrier_hoists
        PASS [   0.178s] (1897/4972) auto-lang tests::plan569_py_dispatch_tests::auto_fn_return_len_unchanged
        PASS [   0.204s] (1898/4972) auto-lang tests::plan536_t1_reactive_probe_tests::plan536_t1_reactive_probe_tests::p536_t6_row_parent_hoists_absolute_child
        PASS [   0.211s] (1899/4972) auto-lang tests::plan536_t1_reactive_probe_tests::plan536_t1_reactive_probe_tests::p536_t6_button_inner_absolute_hoists_in_card
        PASS [   0.210s] (1900/4972) auto-lang tests::plan536_t1_reactive_probe_tests::plan536_t1_reactive_probe_tests::p536_t8_child_widget_root_alert_dialog_resolves_open
        PASS [   0.186s] (1901/4972) auto-lang tests::plan569_py_dispatch_tests::auto_str_len_unchanged
        PASS [   0.219s] (1902/4972) auto-lang tests::plan536_t1_reactive_probe_tests::plan536_t1_reactive_probe_tests::p536_t8_unknown_tag_fallback_resolves_open_binding
        PASS [   0.217s] (1903/4972) auto-lang tests::plan569_py_dispatch_tests::fn_return_py_propagates_to_obj_len
        PASS [   0.192s] (1904/4972) auto-lang tests::plan569_py_dispatch_tests::py_call_receiver_len_routes_obj_len
        PASS [   1.543s] (1905/4972) auto-lang tests::plan499_pointer_stream_tests::plan499_donut_sector::plan499_donut_sector_code_hit
        PASS [   0.175s] (1906/4972) auto-lang tests::plan569_py_dispatch_tests::py_var_method_routes_obj_call
        PASS [   0.198s] (1907/4972) auto-lang tests::plan569_py_dispatch_tests::py_var_len_routes_obj_len
        PASS [   1.087s] (1908/4972) auto-lang tests::plan502_diagram_tests::plan502_m5_vue_emission
        PASS [   0.169s] (1909/4972) auto-lang tests::plan593_theme_registry_tests::t_c_token_css_vars_unique
        PASS [   0.153s] (1910/4972) auto-lang tests::plan593_theme_registry_tests::zero_drift_accent_presets
        PASS [   0.153s] (1911/4972) auto-lang tests::plan593_theme_registry_tests::zero_drift_primary_indigo
        PASS [   0.189s] (1912/4972) auto-lang tests::plan593_theme_registry_tests::t_c_projection_complete_in_stella
        PASS [   0.205s] (1913/4972) auto-lang tests::plan593_theme_registry_tests::t_c_builtins_closed
        PASS [   0.154s] (1914/4972) auto-lang tests::plan593_theme_registry_tests::zero_drift_semantic_table_dark
        PASS [   0.155s] (1915/4972) auto-lang tests::plan593_theme_registry_tests::zero_drift_semantic_table_light
        PASS [   0.252s] (1916/4972) auto-lang tests::plan622_store_facade_gap_tests::plan622_store_facade_gap_tests::plan622_a3_store_msg_dispatch_with_map_arg
        PASS [   0.296s] (1917/4972) auto-lang tests::plan622_store_facade_gap_tests::plan622_store_facade_gap_tests::plan622_a2_handler_reads_store_nested_field_after_reference_write
        PASS [   0.264s] (1918/4972) auto-lang tests::plan622_store_facade_gap_tests::plan622_store_facade_gap_tests::plan622_c2_store_module_api_call_reaches_backend_runtime
        PASS [   0.234s] (1919/4972) auto-lang tests::plan622_store_facade_gap_tests::plan622_store_facade_gap_tests::plan622_e2_lambda_compares_self_field
        PASS [   0.244s] (1920/4972) auto-lang tests::plan622_store_facade_gap_tests::plan622_store_facade_gap_tests::plan622_e1_lambda_captures_handler_local_var
        PASS [   0.295s] (1921/4972) auto-lang tests::plan622_store_facade_gap_tests::plan622_store_facade_gap_tests::plan622_a_handler_reads_store_field_bare
        PASS [   0.335s] (1922/4972) auto-lang tests::plan622_store_facade_gap_tests::plan622_store_facade_gap_tests::plan622_b_view_follows_store_field_update
        PASS [   0.323s] (1923/4972) auto-lang tests::plan622_store_facade_gap_tests::plan622_store_facade_gap_tests::plan622_d_widget_model_array_splice_writes_back
        PASS [   0.296s] (1924/4972) auto-lang tests::plan624_cross_state_tests::plan624_cross_state_tests::plan624_p4_find_index_returns_first_match
        PASS [   0.299s] (1925/4972) auto-lang tests::plan624_cross_state_tests::plan624_cross_state_tests::plan624_p3_nonbool_chain_value_semantics
        PASS [   0.360s] (1926/4972) auto-lang tests::plan624_cross_state_tests::plan624_cross_state_tests::plan624_p2_opt_str_cross_state_read
        PASS [   0.167s] (1927/4972) auto-lang tests::plan627_qualified_api_tests::module_form_extraction_enumerates_contract
        PASS [   0.490s] (1928/4972) auto-lang tests::plan615_calc_prog_tests::calc_prog_div_zero_and_base_switch
        PASS [   0.376s] (1929/4972) auto-lang tests::plan624_cross_state_tests::plan624_cross_state_tests::plan624_p1_merged_mode_cross_state_read
        PASS [   0.376s] (1930/4972) auto-lang tests::plan624_cross_state_tests::plan624_cross_state_tests::plan624_p1_split_mode_cross_state_read
        PASS [   0.530s] (1931/4972) auto-lang tests::plan615_calc_prog_tests::calc_prog_and_not_invalid_digit
        PASS [   0.174s] (1932/4972) auto-lang tests::plan627_qualified_api_tests::rust_qualified_call_emits_bare_and_guards_unknown_heads
        PASS [   0.500s] (1933/4972) auto-lang tests::plan615_calc_prog_tests::calc_prog_shl31_boundary
        PASS [   4.250s] (1934/4972) auto-lang tests::plan442_musk_backend_probe_tests::plan442_musk_backend_probe::plan442_axum_get_post_chain_minimal
        PASS [   0.545s] (1935/4972) auto-lang tests::plan615_calc_prog_tests::calc_prog_hex_add
        PASS [   0.559s] (1936/4972) auto-lang tests::plan615_calc_prog_tests::calc_prog_key_routing_mode_aware
        PASS [   0.204s] (1937/4972) auto-lang tests::plan634_block_tail_semi_tests::assignment_and_let_tails_keep_semicolons
        PASS [   0.178s] (1938/4972) auto-lang tests::plan634_block_tail_semi_tests::expression_position_blocks_keep_tail_value
        PASS [   0.269s] (1939/4972) auto-lang tests::plan627_qualified_api_tests::rust_qualified_byte_matches_bare_init_and_handler
        PASS [   0.187s] (1940/4972) auto-lang tests::plan634_block_tail_semi_tests::handler_tail_value_call_emits_semicolon
        PASS [   0.202s] (1941/4972) auto-lang tests::plan634_block_tail_semi_tests::for_body_tail_statement_emits_semicolon
        PASS [   0.197s] (1942/4972) auto-lang tests::plan634_block_tail_semi_tests::if_block_tail_value_call_emits_semicolon
        PASS [   0.185s] (1943/4972) auto-lang tests::plan640_bp_tests::t01_tier0_catalog_scans_with_full_contracts
        PASS [   0.213s] (1944/4972) auto-lang tests::plan639_bp_tests::t04_vm_track_renders_imported_bp_structure
        PASS [   0.191s] (1945/4972) auto-lang tests::plan640_bp_tests::t02_vm_track_signup_reference
        PASS [   0.192s] (1946/4972) auto-lang tests::plan640_bp_tests::t03_vm_track_data_table_crud_reference
        PASS [   0.203s] (1947/4972) auto-lang tests::plan640_bp_tests::t04_vm_track_empty_state_reference
        PASS [   0.207s] (1948/4972) auto-lang tests::plan647_bp_version_tests::pac_dep_version_keys_are_flagged
        PASS [   0.161s] (1949/4972) auto-lang tests::plan647_bp_version_tests::pac_dep_word_boundary_keys_do_not_false_positive
        PASS [   0.217s] (1950/4972) auto-lang tests::plan647_bp_version_tests::pac_dep_clean_declaration_is_not_flagged
        FAIL [   4.645s] (1951/4972) auto-lang tests::plan437_child_init_tests::plan437_child_init::gallery_chart_components_render_geometry
  stdout ───

    running 1 test
    test tests::plan437_child_init_tests::plan437_child_init::gallery_chart_components_render_geometry ... FAILED

    failures:

    failures:
        tests::plan437_child_init_tests::plan437_child_init::gallery_chart_components_render_geometry

    test result: FAILED. 0 passed; 1 failed; 0 ignored; 0 measured; 6501 filtered out; finished in 4.48s

  stderr ───
    [AUTO-USE-DIAG] P-15 use 模块 `{ package` 解析失败（items: ["official from \"./components\" }"]）——候选基目录均无对应 .at/mod.at（PLAN-664）。该导入静默跳过，引用其符号的面将落空。
    [AUTO-USE-DIAG] P-15 传递 use 模块 `{ package` 解析失败（items: ["official from \"../components\" }"]）——基目录 D:/autostack/auto-os\widgets-gallery\src/front\pages 均无对应 .at/mod.at（PLAN-664）。该导入静默跳过。
    [AUTO-USE-DIAG] P-15 传递 use 模块 `{ package` 解析失败（items: ["official from \"../components\" }"]）——基目录 D:/autostack/auto-os\widgets-gallery\src/front\pages 均无对应 .at/mod.at（PLAN-664）。该导入静默跳过。
    [AUTO-USE-DIAG] P-15 传递 use 模块 `{ package` 解析失败（items: ["official from \"../components\" }"]）——基目录 D:/autostack/auto-os\widgets-gallery\src/front\pages 均无对应 .at/mod.at（PLAN-664）。该导入静默跳过。
    [AUTO-USE-DIAG] P-15 传递 use 模块 `{ package` 解析失败（items: ["official from \"../components\" }"]）——基目录 D:/autostack/auto-os\widgets-gallery\src/front\pages 均无对应 .at/mod.at（PLAN-664）。该导入静默跳过。
    [AUTO-USE-DIAG] P-15 传递 use 模块 `{ package` 解析失败（items: ["official from \"../components\" }"]）——基目录 D:/autostack/auto-os\widgets-gallery\src/front\pages 均无对应 .at/mod.at（PLAN-664）。该导入静默跳过。
    [AUTO-USE-DIAG] P-15 传递 use 模块 `{ package` 解析失败（items: ["official from \"../components\" }"]）——基目录 D:/autostack/auto-os\widgets-gallery\src/front\pages 均无对应 .at/mod.at（PLAN-664）。该导入静默跳过。
    [AUTO-USE-DIAG] P-15 传递 use 模块 `{ package` 解析失败（items: ["official from \"../components\" }"]）——基目录 D:/autostack/auto-os\widgets-gallery\src/front\pages 均无对应 .at/mod.at（PLAN-664）。该导入静默跳过。
    [auto-lang/plan412] `sticky` is not supported by the native (iced) renderer — degrading per Plan 412 §5 (see /position page degradation matrix).
    [VM-PARKED] handler_LineChart_Init parked (event Init, wait CpuRunnable) — UI stays interactive

    thread 'tests::plan437_child_init_tests::plan437_child_init::gallery_chart_components_render_geometry' (19148) panicked at crates\auto-lang\src\tests\plan437_child_init_tests.rs:180:13:
    /line-chart: geometry marker `M 40 ` missing from render (child Init not firing?); dump head: Column { children: [Container { child: Row { children: [Row { children: [Image { src: "lucide:layers", style: Some(Style { classes: [Height(Fixed(5)), Width(Fixed(5)), TextColor(Primary)], hover_classes: [], variant_classes: [] }) }, Text { content: "Auto UI", style: Some(Style { classes: [FontBold, TextLg, Hidden, Inline], hover_classes: [], variant_classes: [(Responsive(Sm), Inline)] }), selectable: false }], spacing: 0, padding: 0, style: Some(Style { classes: [ItemsCenter, Gap(Fixed(2)), MarginRight(Fixed(4)), Shrink0], hover_classes: [], variant_classes: [] }), onclick: None, on_right_click: None }, Row { children: [Button { label: "Docs", onclick: Typed { widget_name: "App", event_name: "__navigate", args: [Str("/")] }, style: Some(Style { classes: [TextColor(Primary)], hover_classes: [], variant_classes: [] }), on_right_click: None, content: Some(Text { content: "Docs", style: Some(Style { classes: [PaddingX(Fixed(3)), PaddingY(Pixels(6.0)), RoundedMd, TransitionColors], hover_c
    note: run with `RUST_BACKTRACE=1` environment variable to display a backtrace

        PASS [   0.216s] (1952/4972) auto-lang tests::plan647_bp_version_tests::resolve_module_path_rejects_dep_with_version_key
        PASS [   0.207s] (1953/4972) auto-lang tests::plan647_bp_version_tests::spec_frontmatter_datasource_version_slot_is_not_a_version_key
        PASS [   0.214s] (1954/4972) auto-lang tests::plan647_bp_version_tests::resolve_module_path_still_resolves_clean_path_dep
        PASS [   0.203s] (1955/4972) auto-lang tests::plan647_bp_version_tests::spec_frontmatter_version_key_is_rejected
        PASS [   0.157s] (1956/4972) auto-lang tests::plan649_bp_tests::t01_hyphen_variant_resolves_kebab_dir
        PASS [   0.141s] (1957/4972) auto-lang tests::plan649_bp_tests::t03_no_underscore_path_literal_only
        PASS [   0.205s] (1958/4972) auto-lang tests::plan649_bp_tests::t02_literal_form_wins_over_variant
        PASS [   0.215s] (1959/4972) auto-lang tests::plan647_bp_version_tests::spec_frontmatter_version_key_rejects_pinline_forms
        PASS [   0.146s] (1960/4972) auto-lang tests::plan649_bp_tests::t05_dep_probe_pkg_reaches_kebab_dir
        PASS [   0.171s] (1961/4972) auto-lang tests::plan649_bp_tests::t04_variant_reaches_mod_at_form
        PASS [   0.734s] (1962/4972) auto-lang tests::plan627_qualified_api_tests::vue_qualified_call_emits_bare
        PASS [   0.185s] (1963/4972) auto-lang tests::plan649_bp_tests::t08_e2e_vm_track_empty_state_direct_import
        PASS [   0.659s] (1964/4972) auto-lang tests::plan643_chart_tag_tests::t03_dashboard_overview_palette_with_charts_has_no_drift
        PASS [   1.001s] (1965/4972) auto-lang tests::plan627_qualified_api_tests::vue_qualified_module_form_byte_matches_bare
        PASS [   0.405s] (1966/4972) auto-lang tests::plan649_bp_tests::t09_e2e_vm_track_more_kebab_packages_and_no_regression
        PASS [   0.922s] (1967/4972) auto-lang tests::plan643_chart_tag_tests::t01_with_charts_vm_track_renders_charts
        PASS [   0.577s] (1968/4972) auto-lang tests::plan649_bp_tests::t07_data_table_vocabulary_face_locked
        PASS [   1.016s] (1969/4972) auto-lang tests::plan639_bp_tests::t05_vue_track_synth_menubar_from_ui_config
        PASS [   0.267s] (1970/4972) auto-lang tests::plan667_memory_safety_tests::plan667_a2r_tests::plan667_a2r_closure_write_capture_flagged
        PASS [   0.326s] (1971/4972) auto-lang tests::plan667_memory_safety_tests::plan667_a2r_tests::plan667_a2r_closure_read_capture_escalates
        PASS [   0.199s] (1972/4972) auto-lang tests::plan667_memory_safety_tests::plan667_a2r_tests::plan667_a2r_go_capture_rejected
        PASS [   0.957s] (1973/4972) auto-lang tests::plan645_bp_tests::t03_compose_fixture_consumer_imports_bp_component
        PASS [   0.171s] (1974/4972) auto-lang tests::plan667_memory_safety_tests::plan667_a2r_tests::plan667_a2r_mut_on_escaped_binding_rejected
        PASS [   1.133s] (1975/4972) auto-lang tests::plan639_bp_tests::t05_component_level_ui_config_selective_inheritance
        PASS [   1.142s] (1976/4972) auto-lang tests::plan639_bp_tests::t04_vue_track_emits_imported_bp
        PASS [   0.162s] (1977/4972) auto-lang tests::plan667_memory_safety_tests::plan667_a2r_tests::plan667_a2r_nested_scope_merges_to_root_identity
        PASS [   0.715s] (1978/4972) auto-lang tests::plan649_bp_tests::t06_filetree_palette_restored_zero_drift
        PASS [   1.061s] (1979/4972) auto-lang tests::plan645_bp_tests::t02_bp_reference_cross_file_fns_inlined_into_sfc
        PASS [   0.607s] (1980/4972) auto-lang tests::plan657_bp_admin_tests::t01_vm_track_full_assembly_renders_four_regions
        PASS [   0.198s] (1981/4972) auto-lang tests::plan667_memory_safety_tests::plan667_a2r_tests::plan667_a2r_reply_escapes
        PASS [   1.140s] (1982/4972) auto-lang tests::plan643_chart_tag_tests::t02_with_charts_vue_track_generates_sfc
        PASS [   0.198s] (1983/4972) auto-lang tests::plan667_memory_safety_tests::plan667_a2r_tests::plan667_a2r_unknown_stmt_fail_closed
        PASS [   0.210s] (1984/4972) auto-lang tests::plan667_memory_safety_tests::plan667_capture_tests::plan667_capture_after_return_read_rejected
        PASS [   1.119s] (1985/4972) auto-lang tests::plan645_bp_tests::t02_unimported_helpers_not_pulled
        PASS [   0.178s] (1986/4972) auto-lang tests::plan667_memory_safety_tests::plan667_capture_tests::plan667_capture_after_return_write_rejected
        PASS [   0.228s] (1987/4972) auto-lang tests::plan667_memory_safety_tests::plan667_capture_tests::plan667_capture_alive_creator_read
        PASS [   0.182s] (1988/4972) auto-lang tests::plan667_memory_safety_tests::plan667_capture_tests::plan667_capture_cross_task_or_after_return_rejected
        PASS [   0.194s] (1989/4972) auto-lang tests::plan667_memory_safety_tests::plan667_capture_tests::plan667_capture_alive_creator_write
        PASS [   0.177s] (1990/4972) auto-lang tests::plan667_memory_safety_tests::plan667_capture_tests::plan667_capture_same_bp_reuse_read_rejected
        PASS [   0.186s] (1991/4972) auto-lang tests::plan667_memory_safety_tests::plan667_capture_tests::plan667_capture_nested_alive
        PASS [   0.217s] (1992/4972) auto-lang tests::plan667_memory_safety_tests::plan667_rc_tests::plan667_rc_capture_write_loop_no_growth
        PASS [   0.235s] (1993/4972) auto-lang tests::plan667_memory_safety_tests::plan667_rc_tests::plan667_rc_integer_no_net_claim_on_live_id
        PASS [   0.187s] (1994/4972) auto-lang tests::plan667_memory_safety_tests::plan667_rc_tests::plan667_rc_stats_pure_and_explicit_drain
        PASS [   0.216s] (1995/4972) auto-lang tests::plan667_memory_safety_tests::plan667_rc_tests::plan667_rc_teardown_returns_to_baseline
        PASS [   0.204s] (1996/4972) auto-lang tests::plan670_code_editor_event_tests::code_editor_no_param_event_still_bakes
        PASS [   0.226s] (1997/4972) auto-lang tests::plan670_code_editor_event_tests::code_editor_loop_var_event_args_resolve
        PASS [   1.407s] (1998/4972) auto-lang tests::plan640_bp_tests::t05_vue_track_representative_references
        PASS [   0.233s] (1999/4972) auto-lang tests::plan670_code_editor_event_tests::code_editor_readonly_prop_bakes
        PASS [   0.181s] (2000/4972) auto-lang tests::plan701_supply_probes::plan701_shell_recent_supply::shell_add_recent_empty_path_is_false
        PASS [   0.193s] (2001/4972) auto-lang tests::plan701_supply_probes::plan701_time_supply::a2r_std_time_agrees_with_vm_shim_clock
        PASS [   0.202s] (2002/4972) auto-lang tests::plan701_supply_probes::plan701_time_supply::vm_time_now_ms_full_width_matches_a2r_std
        PASS [   0.208s] (2003/4972) auto-lang tests::plan701_supply_probes::plan701_time_supply::vm_time_now_is_epoch_seconds_string
        PASS [   0.202s] (2004/4972) auto-lang tests::plan701_supply_probes::plan701_vue_strict_supply::print_emits_globalthis_console_log
        PASS [   0.205s] (2005/4972) auto-lang tests::plan702_segment_tests::engine_segment_parity_with_sync_driver_on_nonyielding_handler
        PASS [   1.066s] (2006/4972) auto-lang tests::plan649_bp_tests::t10_e2e_vue_track_direct_import
        PASS [   0.236s] (2007/4972) auto-lang tests::plan701_supply_probes::plan701_vue_strict_supply::schema_resolves_dash_form_menubar_sub_family
        PASS [   0.203s] (2008/4972) auto-lang tests::plan702_segment_tests::engine_segment_resume_error_caught_by_at_try
        PASS [   0.223s] (2009/4972) auto-lang tests::plan703_supply_probes::plan703_diff_supply::diff_dirs_envelope_states_and_counts
        PASS [   0.213s] (2010/4972) auto-lang tests::plan703_supply_probes::plan703_diff_supply::diff_dirs_missing_root_err_not_silent
        PASS [   0.201s] (2011/4972) auto-lang tests::plan703_supply_probes::plan703_diff_supply::diff_files_cr_tolerance
        PASS [   0.575s] (2012/4972) auto-lang tests::plan667_memory_safety_tests::plan667_rc_tests::plan667_rc_alias_survives_churn
        PASS [   0.222s] (2013/4972) auto-lang tests::plan703_supply_probes::plan703_diff_supply::diff_files_missing_file_is_err_form_not_raise
        PASS [   0.235s] (2014/4972) auto-lang tests::plan703_supply_probes::plan703_diff_supply::diff_files_envelope_fields_and_three_segment_marks
        PASS [   0.216s] (2015/4972) auto-lang tests::plan703_supply_probes::plan703_diff_supply::diff_snapshots_missing_key_err_form
        PASS [   0.197s] (2016/4972) auto-lang tests::plan705_spike_tests::plan705_client_body_budget_enforced
        PASS [   1.244s] (2017/4972) auto-lang tests::plan657_bp_admin_tests::t02_vue_track_imports_and_zero_copy
        PASS [   0.398s] (2018/4972) auto-lang tests::plan702_segment_tests::plan702_ui_path_busy_wait_retired_gate
        PASS [   0.216s] (2019/4972) auto-lang tests::plan705_spike_tests::plan705_e2e_invalid_scope_skips_handler_dispatch
        PASS [   0.599s] (2020/4972) auto-lang tests::plan702_segment_tests::engine_segment_parks_on_async_http_then_resumes_with_result
        PASS [   0.110s] (2021/4972) auto-lang tests::plan705_spike_tests::plan705_gate_default_callgraph_no_busy_wait
        PASS [   0.491s] (2022/4972) auto-lang tests::plan705_spike_tests::plan705_client_queue_full_terminal_error_no_thread_fallback
        PASS [   0.184s] (2023/4972) auto-lang tests::plan705_spike_tests::plan705_engine_deep_frame_try_recovery
        PASS [   0.679s] (2024/4972) auto-lang tests::plan705_spike_tests::plan705_builder_send_parks_in_segment_mode
        PASS [   0.125s] (2025/4972) auto-lang tests::plan705_spike_tests::plan705_spike_cancel_and_late_completion_single_finalization
        PASS [   0.123s] (2026/4972) auto-lang tests::plan707_cancel_tests::plan707_cancel_detached_msg_bridge_unaffected
        PASS [   0.528s] (2027/4972) auto-lang tests::plan705_spike_tests::plan705_engine_closure_segment_parks_and_resumes
        PASS [   0.682s] (2028/4972) auto-lang tests::plan705_spike_tests::plan705_e2e_half_close_still_responds
        PASS [   0.342s] (2029/4972) auto-lang tests::plan705_spike_tests::plan705_spike_notify_owner_loop_parks_resumes_without_polling
        PASS [   0.125s] (2030/4972) auto-lang tests::plan707_client_tests::plan707_client_close_reclaims_entry
        PASS [   0.406s] (2031/4972) auto-lang tests::plan707_cancel_tests::plan707_cancel_active_job_aborts_and_frees_permit
        PASS [   0.882s] (2032/4972) auto-lang tests::plan705_spike_tests::plan705_e2e_async_return_final_value_and_int_counterexample
        PASS [   2.063s] (2033/4972) auto-lang tests::plan657_bp_admin_tests::t03_corpus_references_generate_and_palette_zero_drift
        PASS [   0.140s] (2034/4972) auto-lang tests::plan707_client_tests::plan707_client_sse_poll_close_error_surface
        PASS [   1.069s] (2035/4972) auto-lang tests::plan705_spike_tests::plan705_e2e_chained_await_and_error_recovery
        PASS [   0.215s] (2036/4972) auto-lang tests::plan707_client_tests::plan707_client_manual_next_is_done_close
        PASS [   0.513s] (2037/4972) auto-lang tests::plan707_cancel_tests::plan707_cancel_during_retry_backoff_stops_attempts
        PASS [   1.024s] (2038/4972) auto-lang tests::plan705_spike_tests::plan705_e2e_middleware_park_then_chain
        PASS [   0.423s] (2039/4972) auto-lang tests::plan707_cancel_tests::plan707_cancel_races_close_without_leak
        PASS [   0.111s] (2040/4972) auto-lang tests::plan707_client_tests::plan707_client_stream_queue_full_is_terminal
        PASS [   0.377s] (2041/4972) auto-lang tests::plan707_client_tests::plan707_client_for_in_inline_raw_stream
        PASS [   1.030s] (2042/4972) auto-lang tests::plan705_spike_tests::plan705_e2e_upstream_gate_health_two_parked
        PASS [   0.525s] (2043/4972) auto-lang tests::plan707_cancel_tests::plan707_cancel_queued_job_never_starts
        PASS [   0.155s] (2044/4972) auto-lang tests::plan707_spike_tests::plan707_spike_stream_open_blocks_owner_until_headers
        PASS [   0.388s] (2045/4972) auto-lang tests::plan707_client_tests::plan707_client_for_in_variable_stream
        PASS [   0.280s] (2046/4972) auto-lang tests::plan707_client_tests::plan707_client_stream_permits_independent_of_client
        PASS [   0.155s] (2047/4972) auto-lang tests::plan707_stream_tests::plan707_stream_item_budget_terminal_failed
        PASS [   0.137s] (2048/4972) auto-lang tests::plan710_supply_probes::plan710_supply::emitted_char_at_substr_to_int_semantics
        PASS [   0.134s] (2049/4972) auto-lang tests::plan710_supply_probes::plan710_supply::emitted_coalesce_projection_families
        PASS [   0.136s] (2050/4972) auto-lang tests::plan710_supply_probes::plan710_supply::emitted_delta_direct_call_with_shim_error_message
        PASS [   0.133s] (2051/4972) auto-lang tests::plan710_supply_probes::plan710_supply::emitted_scroll_to_and_scroll_pane_controller
        PASS [   0.355s] (2052/4972) auto-lang tests::plan707_spike_tests::plan707_spike_sse_utf8_split_across_chunks_survives
        PASS [   0.109s] (2053/4972) auto-lang tests::plan710_supply_probes::plan710_supply::envelope_projection_a2r_helpers_same_fixture
        PASS [   0.137s] (2054/4972) auto-lang tests::plan710_supply_probes::plan710_supply::emitted_try_form_catch_unwind_and_escape
        PASS [   0.123s] (2055/4972) auto-lang tests::plan710_supply_probes::plan710_supply::envelope_projection_vm_track
        PASS [   0.124s] (2056/4972) auto-lang tests::plan710_supply_probes::plan710_supply::plan714_r4_codegen_dynamic_key_threaded_to_view
        PASS [   0.123s] (2057/4972) auto-lang tests::plan710_supply_probes::plan710_supply::plan714_r4_codegen_missing_key_fallback_unchanged
        PASS [   0.110s] (2058/4972) auto-lang tests::plan710_supply_probes::plan710_supply::truthy_matches_vm_is_true
        PASS [   0.141s] (2059/4972) auto-lang tests::plan710_supply_probes::plan710_supply::plan714_r4_codegen_static_key_literal_unchanged
        PASS [   0.538s] (2060/4972) auto-lang tests::plan707_stream_tests::plan707_stream_cancel_storm_two_rounds_baseline
        PASS [   0.129s] (2061/4972) auto-lang tests::plan710_supply_probes::plan710_supply::try_native_error_routes_to_catch_with_binding_vm
        PASS [   0.112s] (2062/4972) auto-lang tests::plan710_supply_probes::plan710_supply::try_success_path_zero_disturbance_vm
        PASS [   0.616s] (2063/4972) auto-lang tests::plan707_stream_tests::plan707_stream_job_abort_table_reclaims
        PASS [   2.993s] (2064/4972) auto-lang tests::plan667_memory_safety_tests::plan667_a2r_tests::plan667_a2r_captured_binding_view_not_borrowed
        PASS [   0.948s] (2065/4972) auto-lang tests::plan707_stream_tests::plan707_stream_backpressure_bounds_queue_and_stops_pull
        PASS [   2.200s] (2066/4972) auto-lang tests::plan703_supply_probes::plan703_diff_supply::diff_snapshots_reads_buffer_registry
        PASS [   2.592s] (2067/4972) auto-lang tests::plan670_code_editor_event_tests::corpus_041_code_editor_events_reach_handler
        PASS [   0.122s] (2068/4972) auto-lang tests::plan710_supply_probes::plan714_r3_fsys_at_full_transpile_qualified
        PASS [   2.830s] (2069/4972) auto-lang tests::plan667_memory_safety_tests::plan667_a2r_tests::plan667_a2r_plain_view_still_borrows
        PASS [   0.140s] (2070/4972) auto-lang tests::plan711_cpu_slice_tests::plan711_cpu_pump_drives_continuation_and_queued_write_same_round
        PASS [   2.232s] (2071/4972) auto-lang tests::plan705_spike_tests::plan705_client_total_deadline_terminal_error
        PASS [   2.316s] (2072/4972) auto-lang tests::plan705_spike_tests::plan705_client_thread_count_stable_under_load
        PASS [   0.170s] (2073/4972) auto-lang tests::plan711_cpu_slice_tests::plan711_cumulative_guardrail_halts_runaway_across_slices
        PASS [   0.189s] (2074/4972) auto-lang tests::plan711_cpu_slice_tests::plan711_write_queue_merges_overwritable_and_rejects_when_full
        PASS [   0.400s] (2075/4972) auto-lang tests::plan711_cpu_slice_tests::plan711_slice_exhaustion_returns_runnable_and_resumes_to_sync_parity
        PASS [   0.173s] (2076/4972) auto-lang tests::plan711_init_demand_tests::plan711_f1_outlet_illegal_head_param_parse_error
        PASS [   0.697s] (2077/4972) auto-lang tests::plan711_cpu_slice_tests::plan711_cpu_runnable_invisible_to_tick_pump_progresses_via_cpu_pump
        PASS [   1.686s] (2078/4972) auto-lang tests::plan707_stream_tests::plan707_stream_thread_count_stable_across_streams
        PASS [   0.229s] (2079/4972) auto-lang tests::plan711_init_demand_tests::plan711_init_demand_registers_once_per_generation
        PASS [   3.050s] (2080/4972) auto-lang tests::plan705_spike_tests::plan705_e2e_deadline_cancels_parked_and_reclaims
        PASS [   0.909s] (2081/4972) auto-lang tests::plan711_cpu_slice_tests::plan711_queued_write_drains_between_slices
        PASS [   0.215s] (2082/4972) auto-lang tests::plan711_init_demand_tests::plan711_init_missing_handler_silently_done
        PASS [   0.967s] (2083/4972) auto-lang tests::plan711_cpu_slice_tests::plan711_io_gate_ignores_cpu_runnable_registry
        PASS [   0.298s] (2084/4972) auto-lang tests::plan711_init_demand_tests::plan711_init_dispatch_failure_records_without_retry
        PASS [   3.187s] (2085/4972) auto-lang tests::plan705_spike_tests::plan705_e2e_cancel_storm_reclaims_deterministically
        PASS [   2.161s] (2086/4972) auto-lang tests::plan707_spike_tests::plan707_spike_cancel_gap_active_job_future_not_stopped
        PASS [   0.222s] (2087/4972) auto-lang tests::plan712_route_param_tests::loop_item_field_event_args_bake_per_instance
        PASS [   0.185s] (2088/4972) auto-lang tests::plan716_supply_probes::plan716_supply::diff_files_window_faces_registered
        PASS [   0.297s] (2089/4972) auto-lang tests::plan712_http_error_semantics_tests::http_error_status_still_returns_value_not_throw
        PASS [   0.239s] (2090/4972) auto-lang tests::plan712_route_param_tests::route_param_survives_push_and_reaches_page_init
        PASS [   0.258s] (2091/4972) auto-lang tests::plan712_route_param_tests::page_init_reruns_when_route_param_changes
        PASS [   0.181s] (2092/4972) auto-lang tests::plan716_supply_probes::plan716_supply::diff_files_window_vm_bare_name
        PASS [   3.421s] (2093/4972) auto-lang tests::plan705_spike_tests::plan705_e2e_shutdown_cancels_parked_side_effect_kept
        PASS [   0.168s] (2094/4972) auto-lang tests::plan716_supply_probes::plan716_supply::frame_capture_gate_on_ordering
        PASS [   0.204s] (2095/4972) auto-lang tests::plan716_supply_probes::plan716_supply::frame_begin_ms_str_fidelity
        PASS [   0.193s] (2096/4972) auto-lang tests::plan716_supply_probes::plan716_supply::frame_program_track_gate_on
        PASS [   0.961s] (2097/4972) auto-lang tests::plan711_init_demand_tests::plan711_init_demand_identity_change_supersedes_and_cancels
        PASS [   0.822s] (2098/4972) auto-lang tests::plan711_init_demand_tests::plan711_init_dependency_order_child_waits_for_parent
        PASS [   0.280s] (2099/4972) auto-lang tests::plan716_supply_probes::plan716_supply::frame_timestamps_a2r_arm
        PASS [   0.161s] (2100/4972) auto-lang tests::plan716_supply_probes::plan716_supply::frame_timestamps_a2r_std_parity
        PASS [   2.254s] (2101/4972) auto-lang tests::plan710_supply_probes::plan710_supply::plan714_r4_registry_gate_accepts_runtime_tab_key
        PASS [   0.191s] (2102/4972) auto-lang tests::plan716_supply_probes::plan716_supply::frame_two_segment_handler_arm
        PASS [   0.204s] (2103/4972) auto-lang tests::plan716_supply_probes::plan716_supply::frame_timestamps_vm_readback
        PASS [   0.217s] (2104/4972) auto-lang tests::plan716_supply_probes::plan716_supply::frame_value_flow_gate_on
        PASS [   0.442s] (2105/4972) auto-lang tests::plan716_supply_probes::plan716_supply::frame_capture_overhead_two_state
        PASS [   0.214s] (2106/4972) auto-lang tests::plan716_supply_probes::plan716_supply::time_family_vm_readback_recheck
        PASS [   2.442s] (2107/4972) auto-lang tests::plan710_supply_probes::plan710_supply::vm_delta_registered_envelope_and_unregistered_error
        PASS [   0.305s] (2108/4972) auto-lang tests::plan_088_parser_tests::plan_088_parser_tests::test_complex_function_signature
        PASS [   0.311s] (2109/4972) auto-lang tests::plan_088_parser_tests::plan_088_parser_tests::test_comma_separator
        PASS [   0.369s] (2110/4972) auto-lang tests::plan_088_parser_tests::plan_088_parser_tests::test_default_param_mode
        PASS [   0.268s] (2111/4972) auto-lang tests::plan_088_parser_tests::plan_088_parser_tests::test_empty_params
        PASS [   0.300s] (2112/4972) auto-lang tests::plan_088_parser_tests::plan_088_parser_tests::test_explicit_mut_mode
        PASS [   0.300s] (2113/4972) auto-lang tests::plan_088_parser_tests::plan_088_parser_tests::test_explicit_move_mode
        PASS [   0.190s] (2114/4972) auto-lang tests::plan_088_parser_tests::plan_088_parser_tests::test_explicit_take_mode
        PASS [   2.930s] (2115/4972) auto-lang tests::plan710_supply_probes::plan714_back_try_arm_catch_binding_panic_message
        PASS [   0.284s] (2116/4972) auto-lang tests::plan_088_parser_tests::plan_088_parser_tests::test_explicit_view_mode
        PASS [   0.192s] (2117/4972) auto-lang tests::plan_088_parser_tests::plan_088_parser_tests::test_newline_separator
        PASS [   0.233s] (2118/4972) auto-lang tests::plan_088_parser_tests::plan_088_parser_tests::test_param_mode_with_default_value
        PASS [   0.237s] (2119/4972) auto-lang tests::plan_088_parser_tests::plan_088_parser_tests::test_mixed_param_modes
        PASS [   3.026s] (2120/4972) auto-lang tests::plan710_supply_probes::plan714_back_try_arm_finally_follows_match
        PASS [   3.026s] (2121/4972) auto-lang tests::plan710_supply_probes::plan714_back_try_arm_return_propagation
        PASS [   0.176s] (2122/4972) auto-lang tests::plan_088_parser_tests::plan_088_parser_tests::test_param_mode_with_type_annotation
        PASS [   0.172s] (2123/4972) auto-lang tests::plan_088_parser_tests::plan_088_parser_tests::test_param_with_default_value
        PASS [   0.173s] (2124/4972) auto-lang tests::plan_088_parser_tests::plan_088_parser_tests::test_param_with_type_annotation
        PASS [   0.172s] (2125/4972) auto-lang tests::plan_088_tests::plan_088_tests::test_is_optimized_by_value_complex_types
        PASS [   0.200s] (2126/4972) auto-lang tests::plan_088_parser_tests::plan_088_parser_tests::test_single_param
        PASS [   0.215s] (2127/4972) auto-lang tests::plan_088_tests::plan_088_tests::test_is_optimized_by_value_large_types
        PASS [   0.233s] (2128/4972) auto-lang tests::plan_088_tests::plan_088_tests::test_is_optimized_by_value_pointer_types
        PASS [   0.189s] (2129/4972) auto-lang tests::plan_088_tests::plan_088_tests::test_is_optimized_by_value_small_types
        PASS [   0.142s] (2130/4972) auto-lang tests::plan_088_tests::plan_088_tests::test_is_optimized_by_value_user_types
        PASS [   0.148s] (2131/4972) auto-lang tests::plan_088_tests::plan_088_tests::test_large_type_reference
        PASS [   0.140s] (2132/4972) auto-lang tests::plan_088_tests::plan_088_tests::test_param_default_mode
        PASS [   3.356s] (2133/4972) auto-lang tests::plan710_supply_probes::plan714_back_try_arm_catch_unwind_fsys_shape
        PASS [   0.147s] (2134/4972) auto-lang tests::plan_088_tests::plan_088_tests::test_param_mode_default
        PASS [   0.165s] (2135/4972) auto-lang tests::plan_088_tests::plan_088_tests::test_param_display_includes_mode
        PASS [   0.181s] (2136/4972) auto-lang tests::plan_088_tests::plan_088_tests::test_param_mode_display
        PASS [   0.168s] (2137/4972) auto-lang tests::plan_088_tests::plan_088_tests::test_small_type_performance
        PASS [   0.193s] (2138/4972) auto-lang tests::plan_088_tests::plan_088_tests::test_param_with_mode
        PASS [   0.172s] (2139/4972) auto-lang tests::pointer_tests::test_nil_pointer
        PASS [   0.187s] (2140/4972) auto-lang tests::pointer_tests::test_pointer_dereference
        PASS [   0.244s] (2141/4972) auto-lang tests::pointer_tests::test_address_of_operator
        PASS [   0.197s] (2142/4972) auto-lang tests::pointer_tests::test_pointer_to_different_types
        PASS [   0.196s] (2143/4972) auto-lang tests::pointer_tests::test_pointer_type_declaration
        PASS [   0.160s] (2144/4972) auto-lang tests::read_text_range_parity::read_text_range_dual_track_byte_parity
        PASS [   0.173s] (2145/4972) auto-lang tests::storage_integration_tests::test_dynamic_storage_type
        PASS [   3.372s] (2146/4972) auto-lang tests::plan710_supply_probes::plan714_back_try_unit_fn_unchanged
        PASS [   3.529s] (2147/4972) auto-lang tests::plan710_supply_probes::plan714_back_try_borrow_iter_clone
        PASS [   0.122s] (2148/4972) auto-lang tests::storage_strategy_tests::test_heap_storage_basic
        PASS [   0.130s] (2149/4972) auto-lang tests::storage_strategy_tests::test_heap_storage_capacity
        PASS [   0.189s] (2150/4972) auto-lang tests::storage_integration_tests::test_storage_environment_injection
        PASS [   0.118s] (2151/4972) auto-lang tests::storage_strategy_tests::test_inline_storage_capacity_limit
        PASS [   0.262s] (2152/4972) auto-lang tests::storage_integration_tests::test_fixed_storage_type
        PASS [   0.118s] (2153/4972) auto-lang tests::storage_strategy_tests::test_inline_storage_clear
        PASS [   0.139s] (2154/4972) auto-lang tests::storage_strategy_tests::test_inline_storage_pop
        PASS [   2.321s] (2155/4972) auto-lang tests::plan712_http_error_semantics_tests::transport_error_is_caught_by_at_try_not_swallowed
        PASS [   0.142s] (2156/4972) auto-lang tests::storage_strategy_tests::test_inline_storage_insert_remove
        PASS [   0.170s] (2157/4972) auto-lang tests::storage_strategy_tests::test_inline_storage_basic
        PASS [   0.142s] (2158/4972) auto-lang tests::storage_strategy_tests::test_inline_storage_set_get
        PASS [   0.182s] (2159/4972) auto-lang tests::storage_strategy_tests::test_list_data_clear
        PASS [   0.145s] (2160/4972) auto-lang tests::storage_strategy_tests::test_list_data_heap_push
        PASS [   0.169s] (2161/4972) auto-lang tests::storage_strategy_tests::test_list_data_heap_default
        PASS [   0.181s] (2162/4972) auto-lang tests::storage_strategy_tests::test_list_data_inline
        PASS [   0.170s] (2163/4972) auto-lang tests::storage_strategy_tests::test_list_data_inline_insert
        PASS [   0.178s] (2164/4972) auto-lang tests::storage_strategy_tests::test_list_data_inline_push
        PASS [   0.148s] (2165/4972) auto-lang tests::storage_strategy_tests::test_list_data_inline_set_get
        PASS [   0.148s] (2166/4972) auto-lang tests::storage_strategy_tests::test_list_data_pop
        PASS [   0.159s] (2167/4972) auto-lang tests::storage_strategy_tests::test_list_data_reserve_inline
        PASS [   0.159s] (2168/4972) auto-lang tests::storage_strategy_tests::test_list_data_try_grow_heap
        PASS [   0.154s] (2169/4972) auto-lang tests::storage_strategy_tests::test_list_storage_enum
        PASS [   0.209s] (2170/4972) auto-lang tests::storage_strategy_tests::test_list_data_try_grow_inline
        PASS [   0.173s] (2171/4972) auto-lang tests::storage_tests::test_heap_storage_capacity
        PASS [   0.180s] (2172/4972) auto-lang tests::storage_tests::test_heap_storage_new
        PASS [   0.151s] (2173/4972) auto-lang tests::storage_tests::test_heap_storage_try_grow
        PASS [   0.206s] (2174/4972) auto-lang tests::storage_tests::test_list_capacity
        PASS [   0.187s] (2175/4972) auto-lang tests::storage_tests::test_list_get
        PASS [   0.197s] (2176/4972) auto-lang tests::storage_tests::test_list_clear
        PASS [   0.231s] (2177/4972) auto-lang tests::storage_tests::test_list_insert
        PASS [   0.219s] (2178/4972) auto-lang tests::storage_tests::test_list_is_empty
        PASS [   0.246s] (2179/4972) auto-lang tests::storage_tests::test_list_new_and_push
        PASS [   0.196s] (2180/4972) auto-lang tests::storage_tests::test_list_set
        PASS [   0.189s] (2181/4972) auto-lang tests::storage_tests::test_parse_dynamic_storage
        PASS [   0.236s] (2182/4972) auto-lang tests::storage_tests::test_list_pop
        PASS [   0.248s] (2183/4972) auto-lang tests::storage_tests::test_list_remove
        PASS [   0.250s] (2184/4972) auto-lang tests::storage_tests::test_parse_fixed_storage
        PASS [   0.198s] (2185/4972) auto-lang tests::storage_tests::test_storage_type_display
        PASS [   3.790s] (2186/4972) auto-lang tests::plan711_cpu_slice_tests::plan711_legacy_budget_exhaustion_returns_real_error_not_fake_success
        PASS [   0.224s] (2187/4972) auto-lang tests::string_tests::test_cstr_len
        PASS [   0.232s] (2188/4972) auto-lang tests::string_tests::test_cstr_new
        PASS [   0.201s] (2189/4972) auto-lang tests::string_tests::test_cstr_null_terminated
        PASS [   0.212s] (2190/4972) auto-lang tests::string_tests::test_cstr_to_str
        PASS [   0.195s] (2191/4972) auto-lang tests::string_tests::test_empty_string
        PASS [   0.152s] (2192/4972) auto-lang tests::string_tests::test_str_char_at_out_of_bounds
        PASS [   0.186s] (2193/4972) auto-lang tests::string_tests::test_str_compare_equal
        PASS [   0.192s] (2194/4972) auto-lang tests::string_tests::test_str_char_at
        PASS [   0.205s] (2195/4972) auto-lang tests::string_tests::test_str_compare_greater
        PASS [   0.157s] (2196/4972) auto-lang tests::string_tests::test_str_compare_less
        PASS [   0.170s] (2197/4972) auto-lang tests::string_tests::test_str_contains_found
        PASS [   0.175s] (2198/4972) auto-lang tests::string_tests::test_str_ends_with_false
        PASS [   0.188s] (2199/4972) auto-lang tests::string_tests::test_str_contains_not_found
        PASS [   0.202s] (2200/4972) auto-lang tests::string_tests::test_str_ends_with_true
        PASS [   0.193s] (2201/4972) auto-lang tests::string_tests::test_str_eq_ignore_case_false
        PASS [   0.189s] (2202/4972) auto-lang tests::string_tests::test_str_eq_ignore_case_true
        PASS [   0.186s] (2203/4972) auto-lang tests::string_tests::test_str_find_not_found
        PASS [   0.210s] (2204/4972) auto-lang tests::string_tests::test_str_find_found
        PASS [   0.166s] (2205/4972) auto-lang tests::string_tests::test_str_join
        PASS [   0.186s] (2206/4972) auto-lang tests::string_tests::test_str_len
        PASS [   0.173s] (2207/4972) auto-lang tests::string_tests::test_str_lower
        PASS [   0.187s] (2208/4972) auto-lang tests::string_tests::test_str_new
        PASS [   0.203s] (2209/4972) auto-lang tests::string_tests::test_str_new_with_value
        PASS [   0.184s] (2210/4972) auto-lang tests::string_tests::test_str_repeat
        FAIL [   5.174s] (2211/4972) auto-lang tests::plan707_wait_tests::plan707_wait_generator_park_drive_count_static
  stdout ───

    running 1 test
    test tests::plan707_wait_tests::plan707_wait_generator_park_drive_count_static ... FAILED

    failures:

    failures:
        tests::plan707_wait_tests::plan707_wait_generator_park_drive_count_static

    test result: FAILED. 0 passed; 1 failed; 0 ignored; 0 measured; 6501 filtered out; finished in 5.03s

  stderr ───

    thread 'tests::plan707_wait_tests::plan707_wait_generator_park_drive_count_static' (38936) panicked at crates\auto-lang\src\tests\plan707_wait_tests.rs:80:6:
    首值 5s 内应产出: Elapsed(())
    note: run with `RUST_BACKTRACE=1` environment variable to display a backtrace

        PASS [   0.205s] (2212/4972) auto-lang tests::string_tests::test_str_repeat_zero
        PASS [   0.180s] (2213/4972) auto-lang tests::string_tests::test_str_replace
        PASS [   0.195s] (2214/4972) auto-lang tests::string_tests::test_str_replace_multiple
        PASS [   0.189s] (2215/4972) auto-lang tests::string_tests::test_str_starts_with_false
        PASS [   0.225s] (2216/4972) auto-lang tests::string_tests::test_str_split
        PASS [   0.208s] (2217/4972) auto-lang tests::string_tests::test_str_starts_with_true
        PASS [   0.204s] (2218/4972) auto-lang tests::string_tests::test_str_sub
        PASS [   0.196s] (2219/4972) auto-lang tests::string_tests::test_str_trim
        PASS [   0.184s] (2220/4972) auto-lang tests::string_tests::test_str_trim_left
        PASS [   0.183s] (2221/4972) auto-lang tests::string_tests::test_str_trim_right
        PASS [   0.167s] (2222/4972) auto-lang tests::string_tests::test_str_upper
        PASS [   0.168s] (2223/4972) auto-lang tests::string_tests::test_to_cstr
        PASS [   0.213s] (2224/4972) auto-lang tests::string_tests::test_unicode
        PASS [   0.214s] (2225/4972) auto-lang tests::test_double_lexer::tests::test_lexer_double_no_dot
        PASS [   0.246s] (2226/4972) auto-lang tests::test_double_lexer::tests::test_lexer_double_suffix
        PASS [   0.259s] (2227/4972) auto-lang tests::test_double_lexer::tests::test_lexer_float_no_suffix
        PASS [   0.242s] (2228/4972) auto-lang tests::test_float_full::tests::test_double_arithmetic_codegen
        PASS [   0.280s] (2229/4972) auto-lang tests::test_double_lexer::tests::test_lexer_float_suffix
        PASS [   0.258s] (2230/4972) auto-lang tests::test_float_full::tests::test_end_to_end_float_support
        PASS [   0.292s] (2231/4972) auto-lang tests::test_float_full::tests::test_float_literals_codegen
        PASS [   0.315s] (2232/4972) auto-lang tests::test_float_full::tests::test_double_literals_codegen
        PASS [   0.306s] (2233/4972) auto-lang tests::test_float_full::tests::test_float_arithmetic_codegen
        PASS [   0.298s] (2234/4972) auto-lang tests::test_float_full::tests::test_float_negation_codegen
        PASS [   0.316s] (2235/4972) auto-lang tests::test_generic_full::test_full_generic_usage
        PASS [   0.274s] (2236/4972) auto-lang tests::test_generic_simple::test_simple_generic_tag
        PASS [   0.332s] (2237/4972) auto-lang tests::test_generic_parse::test_show_parse_error
        PASS [   0.270s] (2238/4972) auto-lang tests::test_let_generic::test_let_with_just_type
        PASS [   0.257s] (2239/4972) auto-lang tests::test_parser_arrow::tests::test_arrow_return_type_double
        PASS [   0.235s] (2240/4972) auto-lang tests::test_parser_arrow::tests::test_arrow_return_type_float
        PASS [   0.240s] (2241/4972) auto-lang tests::test_parser_arrow::tests::test_multiple_return_types
        PASS [   0.267s] (2242/4972) auto-lang tests::test_parser_arrow::tests::test_arrow_return_type_int
        PASS [   0.247s] (2243/4972) auto-lang tests::test_parser_arrow::tests::test_old_style_return_type_still_works
        PASS [   0.189s] (2244/4972) auto-lang tests::test_util::program_generator::gen_tests::test_generator_seed_reproducibility
        PASS [   0.201s] (2245/4972) auto-lang tests::test_util::program_generator::gen_tests::test_generator_produces_valid_syntax
        PASS [   0.209s] (2246/4972) auto-lang tests::test_util::program_generator::gen_tests::test_minimize_removes_lines
        PASS [   0.201s] (2247/4972) auto-lang tests::trait_vm_tests::test_abstract_spec_method_still_enforced
        PASS [   0.206s] (2248/4972) auto-lang tests::trait_vm_tests::test_bounded_generic_fn_dispatches_on_runtime_type
        PASS [   0.189s] (2249/4972) auto-lang tests::trait_vm_tests::test_bounded_generic_fn_multiple_implementers
        PASS [   0.187s] (2250/4972) auto-lang tests::trait_vm_tests::test_call_site_bound_satisfied_passes
        PASS [   0.176s] (2251/4972) auto-lang tests::trait_vm_tests::test_call_site_bound_violation_rejected
        PASS [   0.186s] (2252/4972) auto-lang tests::trait_vm_tests::test_spec_default_method_inherited_and_overridden
        PASS [   0.133s] (2253/4972) auto-lang tests::unified_api_tests::test_config_mode_with_expressions
        PASS [   0.143s] (2254/4972) auto-lang tests::unified_api_tests::test_detect_mode_from_extension_config
        PASS [   0.258s] (2255/4972) auto-lang tests::trait_vm_tests::test_call_site_bound_pass_through_generic_allowed
        PASS [   0.155s] (2256/4972) auto-lang tests::unified_api_tests::test_config_mode_with_nested_fields
        PASS [   0.178s] (2257/4972) auto-lang tests::trait_vm_tests::test_unbounded_generic_fn_dispatches_dynamically
        PASS [   0.159s] (2258/4972) auto-lang tests::unified_api_tests::test_detect_mode_from_extension_default
        PASS [   0.175s] (2259/4972) auto-lang tests::unified_api_tests::test_detect_mode_from_extension_nested_path
        PASS [   0.142s] (2260/4972) auto-lang tests::unified_api_tests::test_empty_config
        PASS [   0.154s] (2261/4972) auto-lang tests::unified_api_tests::test_detect_mode_from_extension_template
        PASS [   0.205s] (2262/4972) auto-lang tests::unified_api_tests::test_detect_mode_from_extension_script
        PASS [   0.201s] (2263/4972) auto-lang tests::unified_api_tests::test_run_with_mode_config
        PASS [   0.218s] (2264/4972) auto-lang tests::unified_api_tests::test_empty_template
        PASS [   0.219s] (2265/4972) auto-lang tests::unified_api_tests::test_run_with_mode_script
        PASS [   0.237s] (2266/4972) auto-lang tests::unified_api_tests::test_run_with_mode_template
        PASS [   0.218s] (2267/4972) auto-lang tests::unified_api_tests::test_script_mode_with_function
        PASS [   3.737s] (2268/4972) auto-lang tests::plan716_supply_probes::plan716_supply::frame_two_segment_module_trans_arm
        PASS [   0.228s] (2269/4972) auto-lang tests::unified_api_tests::test_template_mode_with_multiple_strings
        PASS [   3.589s] (2270/4972) auto-lang tests::plan724_http_client_tests::plan724_probe_builder_send_context_dispatch
        PASS [   0.244s] (2271/4972) auto-lang tests::unified_registry_tests::test_engine_concurrent_read_write
        PASS [   3.597s] (2272/4972) auto-lang tests::plan724_http_client_tests::plan724_probe_post_arity_dispatch_shapes
        PASS [   0.260s] (2273/4972) auto-lang tests::unified_registry_tests::test_engine_empty_list_operations
        PASS [   0.275s] (2274/4972) auto-lang tests::unified_registry_tests::test_engine_clear_heap_objects
        PASS [   0.250s] (2275/4972) auto-lang tests::unified_registry_tests::test_engine_get_nonexistent_object
        PASS [   0.239s] (2276/4972) auto-lang tests::unified_registry_tests::test_engine_heap_object_clone
        PASS [   0.227s] (2277/4972) auto-lang tests::unified_registry_tests::test_engine_heap_object_with_storage
        PASS [   0.239s] (2278/4972) auto-lang tests::unified_registry_tests::test_engine_heap_object_id_generation
        PASS [   0.137s] (2279/4972) auto-lang tests::unified_registry_tests::test_engine_large_list
        PASS [   0.178s] (2280/4972) auto-lang tests::unified_registry_tests::test_engine_insert_multiple_heap_objects
        PASS [   0.147s] (2281/4972) auto-lang tests::unified_registry_tests::test_engine_many_objects
        PASS [   0.127s] (2282/4972) auto-lang tests::unified_registry_tests::test_engine_multiple_lists_coexist
        PASS [   0.206s] (2283/4972) auto-lang tests::unified_registry_tests::test_engine_insert_and_get_heap_object
        PASS [   0.172s] (2284/4972) auto-lang tests::unified_registry_tests::test_engine_mixed_type_operations
        PASS [   0.158s] (2285/4972) auto-lang tests::unified_registry_tests::test_engine_mutate_heap_object
        PASS [   0.158s] (2286/4972) auto-lang tests::unified_registry_tests::test_engine_remove_heap_object
        PASS [   0.151s] (2287/4972) auto-lang tests::unified_registry_tests::test_engine_remove_nonexistent_object
        PASS [   0.149s] (2288/4972) auto-lang tests::unified_registry_tests::test_engine_type_tag_verification
        PASS [   0.199s] (2289/4972) auto-lang tests::unified_registry_tests::test_engine_registry_performance
        PASS [   0.175s] (2290/4972) auto-lang tests::use_semantics_tests::a_bare_use_qualified_call
        PASS [   0.157s] (2291/4972) auto-lang tests::use_semantics_tests::b_bare_use_flat_call_is_error_with_hint
        PASS [   3.796s] (2292/4972) auto-lang tests::plan724_http_client_tests::plan724_probe_stream_free_fn_typed_dispatch
        PASS [   0.200s] (2293/4972) auto-lang tests::use_semantics_tests::e_wildcard_conflict_same_name_different_def_is_error
        PASS [   0.214s] (2294/4972) auto-lang tests::use_semantics_tests::c_named_import
        PASS [   0.214s] (2295/4972) auto-lang tests::use_semantics_tests::d_wildcard_import
        PASS [   0.202s] (2296/4972) auto-lang tests::vm_json_float_read_tests::vm_json_float_read_tests::bool_literal_print_form
        PASS [   0.223s] (2297/4972) auto-lang tests::vm_json_float_read_tests::vm_json_float_read_tests::int_min_prints_numerically
        PASS [   0.233s] (2298/4972) auto-lang tests::use_semantics_tests::g_bare_use_does_not_leak_transitive_bare_symbols
        PASS [   3.972s] (2299/4972) auto-lang tests::plan724_http_client_tests::plan724_golden_http_client_sync
        PASS [   0.267s] (2300/4972) auto-lang tests::use_semantics_tests::f_wildcard_same_def_reexport_is_not_error
        PASS [   0.232s] (2301/4972) auto-lang tests::vm_json_float_read_tests::vm_json_float_read_tests::json_bool_field_compare
        PASS [   0.220s] (2302/4972) auto-lang tests::vm_json_float_read_tests::vm_json_float_read_tests::json_float_field_arith
        PASS [   0.226s] (2303/4972) auto-lang tests::vm_json_float_read_tests::vm_json_float_read_tests::json_bool_field_dot_read
        PASS [   0.214s] (2304/4972) auto-lang tests::vm_json_float_read_tests::vm_json_float_read_tests::json_float_field_floor
        PASS [   0.206s] (2305/4972) auto-lang tests::vm_json_float_read_tests::vm_json_float_read_tests::json_float_field_local_then_print
        PASS [   0.225s] (2306/4972) auto-lang tests::vm_json_float_read_tests::vm_json_float_read_tests::json_float_field_get_field_bitexact
        PASS [   0.245s] (2307/4972) auto-lang tests::vm_json_float_read_tests::vm_json_float_read_tests::json_float_field_dot_read_print
        PASS [   0.229s] (2308/4972) auto-lang tests::vm_json_float_read_tests::vm_json_float_read_tests::json_float_floor_arith_consumer
        PASS [   0.245s] (2309/4972) auto-lang tests::vm_json_float_read_tests::vm_json_float_read_tests::json_float_floor_into_object_field
        PASS [   4.108s] (2310/4972) auto-lang tests::plan724_http_client_tests::plan724_golden_http_client_async
        PASS [   0.248s] (2311/4972) auto-lang tests::vm_json_float_read_tests::vm_json_float_read_tests::json_float_floor_stored_local
        PASS [   0.204s] (2312/4972) auto-lang tests::vm_json_float_read_tests::vm_json_float_read_tests::json_float_fstring_interpolation
        PASS [   0.199s] (2313/4972) auto-lang tests::vm_json_float_read_tests::vm_json_float_read_tests::json_missing_key_reads_null
        PASS [   0.200s] (2314/4972) auto-lang tests::vm_json_float_read_tests::vm_json_float_read_tests::json_int_field_dot_read
        PASS [   0.185s] (2315/4972) auto-lang tests::vm_json_float_read_tests::vm_json_float_read_tests::json_null_field_set_preserves_nil
        PASS [   0.180s] (2316/4972) auto-lang tests::vm_json_float_read_tests::vm_json_float_read_tests::json_str_field_dot_read
        PASS [   0.179s] (2317/4972) auto-lang tests::vm_json_float_read_tests::vm_json_float_widget_tests::json_float_callspec_math_family_in_init_handler
        PASS [   0.181s] (2318/4972) auto-lang tests::vm_tests::test_for_loop_outer_var_assignment_no_overflow
        PASS [   0.193s] (2319/4972) auto-lang tests::vm_tests::test_add_u8
        PASS [   0.199s] (2320/4972) auto-lang tests::vm_tests::test_function_body_parsing
        PASS [   0.210s] (2321/4972) auto-lang tests::vm_tests::test_for_loop_outer_var_on_small_stack
        PASS [   0.248s] (2322/4972) auto-lang tests::vm_tests::test_node_arg_ident
        PASS [   0.246s] (2323/4972) auto-lang tests::vm_tests::test_node_newline
        PASS [   0.219s] (2324/4972) auto-lang tests::vm_tests::test_plan348_d1_recursive_enum_is_pattern_binding
        PASS [   0.228s] (2325/4972) auto-lang tests::vm_tests::test_nodes
        PASS [   0.214s] (2326/4972) auto-lang tests::vm_tests::test_plan659_fs_canonical_failure_returns_empty_sentinel
        PASS [   0.266s] (2327/4972) auto-lang tests::vm_tests::test_plan348_d1_recursive_enum_collection_payload
        PASS [   0.204s] (2328/4972) auto-lang tests::vm_tests::test_vm_annotation_in_ext
        PASS [   0.243s] (2329/4972) auto-lang tests::vm_tests::test_str_bytes_iterator
        PASS [   0.251s] (2330/4972) auto-lang tests::vm_tests::test_relet
        PASS [   0.220s] (2331/4972) auto-lang tests::vm_types_tests::test_all_small_int_types_compiled
        PASS [   0.205s] (2332/4972) auto-lang tests::vm_types_tests::test_array_index_assignment_compiles
        PASS [   0.190s] (2333/4972) auto-lang tests::vm_types_tests::test_array_index_read_and_write_compiles
        PASS [   0.233s] (2334/4972) auto-lang tests::vm_tests::test_vm_const_i32_add
        PASS [   0.223s] (2335/4972) auto-lang tests::vm_tests::test_vm_ret_constant
        PASS [   0.181s] (2336/4972) auto-lang tests::vm_types_tests::test_break_in_conditional_loop_compiles
        PASS [   0.205s] (2337/4972) auto-lang tests::vm_types_tests::test_array_indexing_compiles
        PASS [   0.198s] (2338/4972) auto-lang tests::vm_types_tests::test_break_in_infinite_loop_compiles
        PASS [   0.119s] (2339/4972) auto-lang tests::vm_types_tests::test_char_literal_compiles
        FAIL [  10.266s] (2340/4972) auto-lang tests::plan606_gallery_tests::plan606_gallery_tests::test_029_photo_gallery_thumbnails_render_with_resolved_src_and_cover_fit
  stdout ───

    running 1 test
    test tests::plan606_gallery_tests::plan606_gallery_tests::test_029_photo_gallery_thumbnails_render_with_resolved_src_and_cover_fit ... FAILED

    failures:

    failures:
        tests::plan606_gallery_tests::plan606_gallery_tests::test_029_photo_gallery_thumbnails_render_with_resolved_src_and_cover_fit

    test result: FAILED. 0 passed; 1 failed; 0 ignored; 0 measured; 6501 filtered out; finished in 10.10s

  stderr ───
    [CALL_HANDLER] widget=App event_name=Init fn_name=handler_App_Init args=[]
    [VM-PARKED] handler_App_Init parked (event Init, wait HttpRequest(1)) — UI stays interactive
    [VM-PARKED] handler_App_Init resumed to completion (waited 5.8562ms)

    thread 'tests::plan606_gallery_tests::plan606_gallery_tests::test_029_photo_gallery_thumbnails_render_with_resolved_src_and_cover_fit' (15720) panicked at crates\auto-lang\src\plan370_test_support.rs:451:9:
    PLAN-702: parked 段 10s 内未落账（029 thumbnails）——api worker 未回？
    note: run with `RUST_BACKTRACE=1` environment variable to display a backtrace

        PASS [   0.148s] (2341/4972) auto-lang tests::vm_types_tests::test_byte_literal_compiles
        PASS [   0.197s] (2342/4972) auto-lang tests::vm_types_tests::test_break_with_array_compiles
        PASS [   0.152s] (2343/4972) auto-lang tests::vm_types_tests::test_chained_field_access_compiles
        PASS [   0.231s] (2344/4972) auto-lang tests::vm_types_tests::test_break_in_range_loop_compiles
        PASS [   0.157s] (2345/4972) auto-lang tests::vm_types_tests::test_char_unicode_compiles
        PASS [   0.154s] (2346/4972) auto-lang tests::vm_types_tests::test_combined_type_enum_spec_compiles
        PASS [   0.118s] (2347/4972) auto-lang tests::vm_types_tests::test_cstr_literal_compiles
        PASS [   0.119s] (2348/4972) auto-lang tests::vm_types_tests::test_dot_expression_simple_assignment
        PASS [   0.150s] (2349/4972) auto-lang tests::vm_types_tests::test_complex_double_expression_compiles
        PASS [   0.163s] (2350/4972) auto-lang tests::vm_types_tests::test_complex_float_expression_compiles
        PASS [   0.176s] (2351/4972) auto-lang tests::vm_types_tests::test_dot_expression_with_expressions
        PASS [   0.176s] (2352/4972) auto-lang tests::vm_types_tests::test_dot_expression_assignment_and_access
        PASS [   0.190s] (2353/4972) auto-lang tests::vm_types_tests::test_deeply_nested_objects_compiles
        PASS [   0.192s] (2354/4972) auto-lang tests::vm_types_tests::test_dot_expression_multiple_fields
        PASS [   0.201s] (2355/4972) auto-lang tests::vm_types_tests::test_double_addition_compiles
        PASS [   0.206s] (2356/4972) auto-lang tests::vm_types_tests::test_dot_expression_nested_assignment
        PASS [   0.198s] (2357/4972) auto-lang tests::vm_types_tests::test_double_function_return_compiles
        PASS [   0.211s] (2358/4972) auto-lang tests::vm_types_tests::test_double_division_compiles
        PASS [   0.197s] (2359/4972) auto-lang tests::vm_types_tests::test_double_multiplication_compiles
        PASS [   0.198s] (2360/4972) auto-lang tests::vm_types_tests::test_double_literal_compiles
        PASS [   0.205s] (2361/4972) auto-lang tests::vm_types_tests::test_double_subtraction_compiles
        PASS [   0.209s] (2362/4972) auto-lang tests::vm_types_tests::test_double_negation_compiles
        PASS [   0.209s] (2363/4972) auto-lang tests::vm_types_tests::test_empty_object_compiles
        PASS [   0.190s] (2364/4972) auto-lang tests::vm_types_tests::test_error_propagate_compiles
        PASS [   0.203s] (2365/4972) auto-lang tests::vm_types_tests::test_enum_decl_compiles
        PASS [   0.202s] (2366/4972) auto-lang tests::vm_types_tests::test_error_propagate_with_function_call
        PASS [   0.199s] (2367/4972) auto-lang tests::vm_types_tests::test_float_addition_compiles
        PASS [   0.200s] (2368/4972) auto-lang tests::vm_types_tests::test_float_division_compiles
        PASS [   0.215s] (2369/4972) auto-lang tests::vm_types_tests::test_float_literal_compiles
        PASS [   0.168s] (2370/4972) auto-lang tests::vm_types_tests::test_float_multiplication_compiles
        PASS [   0.184s] (2371/4972) auto-lang tests::vm_types_tests::test_float_negation_compiles
        PASS [   0.245s] (2372/4972) auto-lang tests::vm_types_tests::test_float_function_return_compiles
        PASS [   0.171s] (2373/4972) auto-lang tests::vm_types_tests::test_float_subtraction_compiles
        PASS [   0.170s] (2374/4972) auto-lang tests::vm_types_tests::test_for_loop_inclusive_range_compiles
        PASS [   0.185s] (2375/4972) auto-lang tests::vm_types_tests::test_for_loop_conditional_compiles
        PASS [   0.171s] (2376/4972) auto-lang tests::vm_types_tests::test_for_loop_range_compiles
        PASS [   0.174s] (2377/4972) auto-lang tests::vm_types_tests::test_fstr_multiple_parts_compiles
        PASS [   0.174s] (2378/4972) auto-lang tests::vm_types_tests::test_for_loop_with_array_compiles
        PASS [   0.173s] (2379/4972) auto-lang tests::vm_types_tests::test_fstr_nested_compiles
        PASS [   0.138s] (2380/4972) auto-lang tests::vm_types_tests::test_indexed_iteration_nested_compiles
        PASS [   0.201s] (2381/4972) auto-lang tests::vm_types_tests::test_fstr_with_expression_compiles
        PASS [   0.193s] (2382/4972) auto-lang tests::vm_types_tests::test_i64_literal_compiles
        PASS [   0.217s] (2383/4972) auto-lang tests::vm_types_tests::test_fstr_with_variable_compiles
        PASS [   0.216s] (2384/4972) auto-lang tests::vm_types_tests::test_i8_literal_compiles
        PASS [   0.213s] (2385/4972) auto-lang tests::vm_types_tests::test_indexed_iteration_inclusive_range_compiles
        PASS [   0.192s] (2386/4972) auto-lang tests::vm_types_tests::test_indexed_iteration_range_compiles
        PASS [   0.200s] (2387/4972) auto-lang tests::vm_types_tests::test_indexed_iteration_with_break_compiles
        PASS [   0.281s] (2388/4972) auto-lang tests::vm_types_tests::test_fstr_simple_compiles
        PASS [   0.188s] (2389/4972) auto-lang tests::vm_types_tests::test_is_if_branch_compiles
        PASS [   0.123s] (2390/4972) auto-lang tests::vm_types_tests::test_iterator_for_loop_basic_compiles
        PASS [   0.187s] (2391/4972) auto-lang tests::vm_types_tests::test_is_if_branch_complex_condition
        PASS [   0.198s] (2392/4972) auto-lang tests::vm_types_tests::test_is_if_branch_with_block_body
        PASS [   0.216s] (2393/4972) auto-lang tests::vm_types_tests::test_is_if_branch_with_comparison
        PASS [   0.201s] (2394/4972) auto-lang tests::vm_types_tests::test_is_mixed_branches
        PASS [   0.212s] (2395/4972) auto-lang tests::vm_types_tests::test_is_multiple_branches_compiles
        PASS [   0.212s] (2396/4972) auto-lang tests::vm_types_tests::test_is_single_match_compiles
        PASS [   0.212s] (2397/4972) auto-lang tests::vm_types_tests::test_is_simple_compiles
        PASS [   0.230s] (2398/4972) auto-lang tests::vm_types_tests::test_is_nested_compiles
        PASS [   0.280s] (2399/4972) auto-lang tests::vm_types_tests::test_indexed_iteration_with_operations_compiles
        PASS [   0.186s] (2400/4972) auto-lang tests::vm_types_tests::test_iterator_for_loop_nested_compiles
        PASS [   0.214s] (2401/4972) auto-lang tests::vm_types_tests::test_iterator_for_loop_collect_compiles
        PASS [   0.182s] (2402/4972) auto-lang tests::vm_types_tests::test_iterator_for_loop_with_break_compiles
        PASS [   0.191s] (2403/4972) auto-lang tests::vm_types_tests::test_iterator_for_loop_with_body_compiles
        PASS [   0.209s] (2404/4972) auto-lang tests::vm_types_tests::test_mixed_float_double_uses_double_compiles
        PASS [   0.216s] (2405/4972) auto-lang tests::vm_types_tests::test_mixed_types_compiles
        PASS [   0.225s] (2406/4972) auto-lang tests::vm_types_tests::test_nested_loops_with_break_compiles
        PASS [   0.215s] (2407/4972) auto-lang tests::vm_types_tests::test_nested_object_compiles
        PASS [   0.215s] (2408/4972) auto-lang tests::vm_types_tests::test_null_coalesce_nested
        PASS [   0.231s] (2409/4972) auto-lang tests::vm_types_tests::test_null_coalesce_compiles
        PASS [   0.231s] (2410/4972) auto-lang tests::vm_types_tests::test_null_coalesce_with_variable
        PASS [   0.217s] (2411/4972) auto-lang tests::vm_types_tests::test_object_field_access_compiles
        PASS [   0.218s] (2412/4972) auto-lang tests::vm_types_tests::test_object_with_array_field_compiles
        PASS [   0.200s] (2413/4972) auto-lang tests::vm_types_tests::test_object_with_bool_field_compiles
        PASS [   0.215s] (2414/4972) auto-lang tests::vm_types_tests::test_object_with_char_field_compiles
        PASS [   0.223s] (2415/4972) auto-lang tests::vm_types_tests::test_object_with_double_field_compiles
        PASS [   0.205s] (2416/4972) auto-lang tests::vm_types_tests::test_object_with_float_field_compiles
        PASS [   0.216s] (2417/4972) auto-lang tests::vm_types_tests::test_object_with_mixed_types_compiles
        PASS [   0.217s] (2418/4972) auto-lang tests::vm_types_tests::test_object_with_nested_object_compiles
        PASS [   0.193s] (2419/4972) auto-lang tests::vm_types_tests::test_range_exclusive_compiles
        PASS [   0.213s] (2420/4972) auto-lang tests::vm_types_tests::test_object_with_string_field_compiles
        PASS [   0.203s] (2421/4972) auto-lang tests::vm_types_tests::test_range_in_for_loop_compiles
        PASS [   0.211s] (2422/4972) auto-lang tests::vm_types_tests::test_range_nested_compiles
        PASS [   0.211s] (2423/4972) auto-lang tests::vm_types_tests::test_range_inclusive_compiles
        PASS [   0.170s] (2424/4972) auto-lang tests::vm_types_tests::test_simple_array_compiles
        PASS [   0.186s] (2425/4972) auto-lang tests::vm_types_tests::test_range_with_variables_compiles
        PASS [   0.171s] (2426/4972) auto-lang tests::vm_types_tests::test_simple_object_compiles
        PASS [   0.201s] (2427/4972) auto-lang tests::vm_types_tests::test_spec_decl_compiles
        PASS [   0.185s] (2428/4972) auto-lang tests::vm_types_tests::test_spec_decl_with_default_methods_compiles
        PASS [   0.186s] (2429/4972) auto-lang tests::vm_types_tests::test_u8_literal_compiles
        PASS [   0.186s] (2430/4972) auto-lang tests::vm_types_tests::test_u64_literal_compiles
        PASS [   0.202s] (2431/4972) auto-lang tests::vm_types_tests::test_type_decl_compiles
        PASS [   0.187s] (2432/4972) auto-lang tests::vm_types_tests::test_uint_literal_compiles
        PASS [   0.187s] (2433/4972) auto-lang token::all_keywords_tests::test_all_keywords_round_trip
        PASS [   0.167s] (2434/4972) auto-lang token::tests::test_loop_keyword
        PASS [   0.191s] (2435/4972) auto-lang token::tests::test_go_keyword
        PASS [   0.173s] (2436/4972) auto-lang trait_checker::tests::test_associated_type_bound_signature_matches
        PASS [   0.185s] (2437/4972) auto-lang token::tests::test_spec_display
        PASS [   0.186s] (2438/4972) auto-lang token::tests::test_spec_keyword
        PASS [   0.174s] (2439/4972) auto-lang trait_checker::tests::test_associated_type_return_mismatch_after_substitution
        PASS [   0.193s] (2440/4972) auto-lang trait_checker::tests::test_associated_type_unbound_reports_error
        PASS [   0.204s] (2441/4972) auto-lang trait_checker::tests::test_associated_type_unknown_binding_name_reports_error
        PASS [   0.187s] (2442/4972) auto-lang trait_checker::tests::test_conformance_param_count_mismatch
        PASS [   0.188s] (2443/4972) auto-lang trait_checker::tests::test_conformance_missing_method
        PASS [   0.157s] (2444/4972) auto-lang trait_checker::tests::test_generic_spec_impl_missing_method
        PASS [   0.187s] (2445/4972) auto-lang trait_checker::tests::test_generic_spec_impl_correct_type_args
        PASS [   0.204s] (2446/4972) auto-lang trait_checker::tests::test_conformance_return_type_mismatch
        PASS [   0.204s] (2447/4972) auto-lang trait_checker::tests::test_conformance_success
        PASS [   0.187s] (2448/4972) auto-lang trait_checker::tests::test_generic_spec_impl_undefined_spec
        PASS [   0.188s] (2449/4972) auto-lang trans::auto_s2s::tests_s2s::test_s2s_identity_roundtrip_stable
        PASS [   0.188s] (2450/4972) auto-lang trait_checker::tests::test_generic_spec_impl_wrong_type_arg_count
        PASS [   0.200s] (2451/4972) auto-lang trans::auto_s2s::tests_s2s::test_s2s_err_propagate_no_py_noop
        PASS [   0.204s] (2452/4972) auto-lang trans::auto_s2s::tests_s2s::test_s2s_rejects_invalid_source
        PASS [   0.202s] (2453/4972) auto-lang trans::auto_s2s::tests_s2s::test_s2s_rule_ab_family
        PASS [   0.212s] (2454/4972) auto-lang trans::auto_s2s::tests_s2s::test_s2s_rule_b5_b6_a5_d7
        PASS [   0.198s] (2455/4972) auto-lang trans::auto_s2s::tests_s2s::test_s2s_rule_err_propagate
        PASS [   0.217s] (2456/4972) auto-lang trans::auto_s2s::tests_s2s::test_s2s_test_rule_injection_takes_effect
        PASS [   0.204s] (2457/4972) auto-lang trans::escape::analyzer::tests::test_async_block_capture_is_clone_not_arc
        PASS [   0.221s] (2458/4972) auto-lang trans::escape::analyzer::tests::test_binding_in_nested_scope_is_distinct
        PASS [   0.201s] (2459/4972) auto-lang trans::escape::analyzer::tests::test_empty_fn_body
        PASS [   0.187s] (2460/4972) auto-lang trans::escape::analyzer::tests::test_go_capture_escalates_to_arc_mutex
        PASS [   0.187s] (2461/4972) auto-lang trans::escape::analyzer::tests::test_local_binding_is_owned
        PASS [   0.170s] (2462/4972) auto-lang trans::escape::analyzer::tests::test_lowering_owned_to_borrow_view
        PASS [   0.200s] (2463/4972) auto-lang trans::escape::analyzer::tests::test_end_to_end_real_source
        PASS [   0.217s] (2464/4972) auto-lang trans::escape::analyzer::tests::test_lowering_owned_to_borrow_mut
        PASS [   0.217s] (2465/4972) auto-lang trans::escape::analyzer::tests::test_no_lowering_without_borrow_use
        PASS [   0.361s] (2466/4972) auto-lang trans::auto_s2s::tests_s2s::test_s2s_py_suite_corpus_roundtrip
        PASS [   0.205s] (2467/4972) auto-lang trans::escape::analyzer::tests::test_returned_binding_escapes
        PASS [   0.235s] (2468/4972) auto-lang trans::escape::analyzer::tests::test_lowering_skipped_when_escaping
        PASS [   0.204s] (2469/4972) auto-lang trans::escape::escape_map::tests::test_conservative_merge_keeps_higher_tier
        PASS [   0.206s] (2470/4972) auto-lang trans::escape::escape_map::tests::test_record_and_lookup
        PASS [   0.184s] (2471/4972) auto-lang trans::escape::report::tests::test_build_warning_clone
        PASS [   0.205s] (2472/4972) auto-lang trans::escape::escape_map::tests::test_shadowing_lookup
        PASS [   0.176s] (2473/4972) auto-lang trans::escape::report::tests::test_build_warning_rc
        PASS [   0.175s] (2474/4972) auto-lang trans::gdscript::tests::test_000_hello
        PASS [   0.187s] (2475/4972) auto-lang trans::gdscript::tests::test_001_var
        PASS [   0.186s] (2476/4972) auto-lang trans::gdscript::tests::test_010_if
        PASS [   0.186s] (2477/4972) auto-lang trans::gdscript::tests::test_002_func
        PASS [   0.184s] (2478/4972) auto-lang trans::gdscript::tests::test_012_match
        PASS [   0.187s] (2479/4972) auto-lang trans::gdscript::tests::test_013_struct
        PASS [   0.186s] (2480/4972) auto-lang trans::gdscript::tests::test_014_enum
        PASS [   0.200s] (2481/4972) auto-lang trans::gdscript::tests::test_011_for
        PASS [   0.190s] (2482/4972) auto-lang trans::gdscript::tests::test_arithmetic
        PASS [   0.190s] (2483/4972) auto-lang trans::gdscript::tests::test_015_string
        PASS [   0.187s] (2484/4972) auto-lang trans::gdscript::tests::test_array_methods
        PASS [   0.186s] (2485/4972) auto-lang trans::gdscript::tests::test_async_func
        PASS [   0.183s] (2486/4972) auto-lang trans::gdscript::tests::test_boolean_ops
        PASS [   0.185s] (2487/4972) auto-lang trans::gdscript::tests::test_basic_spec
        PASS [   0.182s] (2488/4972) auto-lang trans::gdscript::tests::test_cb_angular_speed
        PASS [   0.199s] (2489/4972) auto-lang trans::gdscript::tests::test_builtin_map
        PASS [   0.197s] (2490/4972) auto-lang trans::gdscript::tests::test_cb_append_pop
        PASS [   0.188s] (2491/4972) auto-lang trans::gdscript::tests::test_cb_array_create
        PASS [   0.197s] (2492/4972) auto-lang trans::gdscript::tests::test_cb_damage_reduction
        PASS [   0.200s] (2493/4972) auto-lang trans::gdscript::tests::test_cb_comparisons
        PASS [   0.183s] (2494/4972) auto-lang trans::gdscript::tests::test_cb_dict_loop
        PASS [   0.197s] (2495/4972) auto-lang trans::gdscript::tests::test_cb_dict_create
        PASS [   0.186s] (2496/4972) auto-lang trans::gdscript::tests::test_cb_for_each
        PASS [   0.186s] (2497/4972) auto-lang trans::gdscript::tests::test_cb_for_range
        PASS [   0.171s] (2498/4972) auto-lang trans::gdscript::tests::test_cb_health_var
        PASS [   0.188s] (2499/4972) auto-lang trans::gdscript::tests::test_cb_heal
        PASS [   0.187s] (2500/4972) auto-lang trans::gdscript::tests::test_cb_index_access
        PASS [   0.187s] (2501/4972) auto-lang trans::gdscript::tests::test_cb_level_up
        PASS [   0.198s] (2502/4972) auto-lang trans::gdscript::tests::test_cb_limit_health
        PASS [   0.216s] (2503/4972) auto-lang trans::gdscript::tests::test_cb_prevent_zero
        PASS [   0.171s] (2504/4972) auto-lang trans::gdscript::tests::test_cb_return_value
        PASS [   0.184s] (2505/4972) auto-lang trans::gdscript::tests::test_cb_string_array
        PASS [   0.182s] (2506/4972) auto-lang trans::gdscript::tests::test_cb_take_damage
        PASS [   0.183s] (2507/4972) auto-lang trans::gdscript::tests::test_cb_string_concat
        PASS [   0.184s] (2508/4972) auto-lang trans::gdscript::tests::test_cb_type_conversion
        PASS [   0.184s] (2509/4972) auto-lang trans::gdscript::tests::test_cb_while_move
        PASS [   6.400s] (2510/4972) auto-lang tests::plan716_supply_probes::plan716_supply::diff_window_census
        PASS [   0.168s] (2511/4972) auto-lang trans::gdscript::tests::test_chained_method
        PASS [   0.181s] (2512/4972) auto-lang trans::gdscript::tests::test_comments
        PASS [   0.184s] (2513/4972) auto-lang trans::gdscript::tests::test_dict_methods
        PASS [   0.184s] (2514/4972) auto-lang trans::gdscript::tests::test_const_decl
        PASS [   0.189s] (2515/4972) auto-lang trans::gdscript::tests::test_generic_func
        PASS [   0.187s] (2516/4972) auto-lang trans::gdscript::tests::test_generic_struct
        PASS [   0.199s] (2517/4972) auto-lang trans::gdscript::tests::test_godot_annotations
        PASS [   0.198s] (2518/4972) auto-lang trans::gdscript::tests::test_godot_demo_dodge_player
        PASS [   0.216s] (2519/4972) auto-lang trans::gdscript::tests::test_godot_demo_dodge_mob
        PASS [   0.213s] (2520/4972) auto-lang trans::gdscript::tests::test_godot_demo_hexagonal_troll
        PASS [   0.198s] (2521/4972) auto-lang trans::gdscript::tests::test_godot_demo_kinematic_player
        PASS [   0.214s] (2522/4972) auto-lang trans::gdscript::tests::test_godot_demo_instancing_ball_factory
        PASS [   0.186s] (2523/4972) auto-lang trans::gdscript::tests::test_godot_enum_values
        PASS [   0.180s] (2524/4972) auto-lang trans::gdscript::tests::test_godot_export
        PASS [   0.180s] (2525/4972) auto-lang trans::gdscript::tests::test_godot_script_annotations
        PASS [   0.181s] (2526/4972) auto-lang trans::gdscript::tests::test_godot_signals
        PASS [   0.167s] (2527/4972) auto-lang trans::gdscript::tests::test_godot_vector2_sig
        PASS [   0.185s] (2528/4972) auto-lang trans::gdscript::tests::test_godot_typed_collections
        PASS [   0.169s] (2529/4972) auto-lang trans::gdscript::tests::test_object
        PASS [   0.185s] (2530/4972) auto-lang trans::gdscript::tests::test_lambda
        PASS [   0.185s] (2531/4972) auto-lang trans::gdscript::tests::test_import
        PASS [   0.186s] (2532/4972) auto-lang trans::gdscript::tests::test_result_ok
        PASS [   0.200s] (2533/4972) auto-lang trans::gdscript::tests::test_option
        PASS [   0.199s] (2534/4972) auto-lang trans::gdscript::tests::test_typed_vars
        PASS [   0.216s] (2535/4972) auto-lang trans::gdscript::tests::test_string_methods
        PASS [   0.200s] (2536/4972) auto-lang trans::gdscript::tests::test_unary_neg
        PASS [   0.185s] (2537/4972) auto-lang trans::javascript::tests::test_000_hello
        PASS [   0.215s] (2538/4972) auto-lang trans::gdscript::tests::test_unary_not
        PASS [   0.184s] (2539/4972) auto-lang trans::javascript::tests::test_002_array
        PASS [   0.184s] (2540/4972) auto-lang trans::javascript::tests::test_003_func
        PASS [   0.185s] (2541/4972) auto-lang trans::javascript::tests::test_006_struct
        PASS [   0.169s] (2542/4972) auto-lang trans::javascript::tests::test_008_method
        PASS [   0.185s] (2543/4972) auto-lang trans::javascript::tests::test_007_enum
        PASS [   0.170s] (2544/4972) auto-lang trans::javascript::tests::test_012_is
        PASS [   0.183s] (2545/4972) auto-lang trans::javascript::tests::test_010_if
        PASS [   0.188s] (2546/4972) auto-lang trans::javascript::tests::test_011_for
        PASS [   0.175s] (2547/4972) auto-lang trans::python::tests::test_002_array
        PASS [   0.173s] (2548/4972) auto-lang trans::python::tests::test_003_func
        PASS [   0.190s] (2549/4972) auto-lang trans::python::tests::test_000_hello
        PASS [   0.172s] (2550/4972) auto-lang trans::python::tests::test_008_method
        PASS [   0.188s] (2551/4972) auto-lang trans::python::tests::test_006_struct
        PASS [   0.172s] (2552/4972) auto-lang trans::python::tests::test_007_enum
        PASS [   0.201s] (2553/4972) auto-lang trans::python::tests::test_011_for
        PASS [   0.202s] (2554/4972) auto-lang trans::python::tests::test_010_if
        PASS [   0.171s] (2555/4972) auto-lang trans::python::tests::test_01_030_typed_func
        PASS [   0.188s] (2556/4972) auto-lang trans::python::tests::test_012_is
        PASS [   0.172s] (2557/4972) auto-lang trans::python::tests::test_01_040_comments
        PASS [   0.188s] (2558/4972) auto-lang trans::python::tests::test_015_str
        PASS [   0.171s] (2559/4972) auto-lang trans::python::tests::test_01_042_unary_not
        PASS [   0.171s] (2560/4972) auto-lang trans::python::tests::test_01_041_unary_neg
        PASS [   0.187s] (2561/4972) auto-lang trans::python::tests::test_01_031_typed_vars
        PASS [   0.169s] (2562/4972) auto-lang trans::python::tests::test_01_043_multi_expr
        PASS [   0.183s] (2563/4972) auto-lang trans::python::tests::test_01_045_nested_call
        PASS [   0.183s] (2564/4972) auto-lang trans::python::tests::test_01_044_const_decl
        PASS [   0.184s] (2565/4972) auto-lang trans::python::tests::test_01_047_arithmetic
        PASS [   0.185s] (2566/4972) auto-lang trans::python::tests::test_01_046_boolean_ops
        PASS [   0.185s] (2567/4972) auto-lang trans::python::tests::test_01_051_var_mutable
        PASS [   0.186s] (2568/4972) auto-lang trans::python::tests::test_01_050_range_expr
        PASS [   0.184s] (2569/4972) auto-lang trans::python::tests::test_01_053_print_var
        PASS [   0.184s] (2570/4972) auto-lang trans::python::tests::test_01_052_multi_assign
        PASS [   0.184s] (2571/4972) auto-lang trans::python::tests::test_02_004_union_match
        PASS [   0.184s] (2572/4972) auto-lang trans::python::tests::test_02_005_tag
        PASS [   0.213s] (2573/4972) auto-lang trans::python::tests::test_02_003_union
        PASS [   0.186s] (2574/4972) auto-lang trans::python::tests::test_02_007_type_with_methods
        PASS [   0.186s] (2575/4972) auto-lang trans::python::tests::test_02_006_nested_struct
        PASS [   0.185s] (2576/4972) auto-lang trans::python::tests::test_02_008_enum_simple
        PASS [   0.185s] (2577/4972) auto-lang trans::python::tests::test_02_009_struct_empty
        PASS [   0.184s] (2578/4972) auto-lang trans::python::tests::test_02_010_struct_many_fields
        PASS [   0.184s] (2579/4972) auto-lang trans::python::tests::test_03_040_async_func
        PASS [   0.185s] (2580/4972) auto-lang trans::python::tests::test_03_041_await_call
        PASS [   0.186s] (2581/4972) auto-lang trans::python::tests::test_03_042_for_cond
        PASS [   0.187s] (2582/4972) auto-lang trans::python::tests::test_03_044_if_elif
        PASS [   0.201s] (2583/4972) auto-lang trans::python::tests::test_03_043_nested_loop
        PASS [   0.186s] (2584/4972) auto-lang trans::python::tests::test_03_045_for_inclusive
        PASS [   0.186s] (2585/4972) auto-lang trans::python::tests::test_03_046_loop_break
        PASS [   0.186s] (2586/4972) auto-lang trans::python::tests::test_04_002_fstring_expr
        PASS [   0.186s] (2587/4972) auto-lang trans::python::tests::test_04_001_string_basic
        PASS [   0.172s] (2588/4972) auto-lang trans::python::tests::test_05_011_lambda_map
        PASS [   0.187s] (2589/4972) auto-lang trans::python::tests::test_05_010_lambda
        PASS [   0.187s] (2590/4972) auto-lang trans::python::tests::test_04_003_string_concat
        PASS [   0.185s] (2591/4972) auto-lang trans::python::tests::test_05_012_closure_var
        PASS [   0.187s] (2592/4972) auto-lang trans::python::tests::test_05_020_tuple
        PASS [   0.187s] (2593/4972) auto-lang trans::python::tests::test_05_013_lambda_block
        PASS [   0.188s] (2594/4972) auto-lang trans::python::tests::test_05_021_object
        PASS [   0.171s] (2595/4972) auto-lang trans::python::tests::test_05_022_continue
        PASS [   0.172s] (2596/4972) auto-lang trans::python::tests::test_05_030_null_coalesce
        PASS [   0.188s] (2597/4972) auto-lang trans::python::tests::test_05_023_return
        PASS [   0.174s] (2598/4972) auto-lang trans::python::tests::test_05_032_chained_method
        PASS [   0.190s] (2599/4972) auto-lang trans::python::tests::test_05_031_nested_call
        PASS [   0.187s] (2600/4972) auto-lang trans::python::tests::test_05_033_binary_expr
        PASS [   0.172s] (2601/4972) auto-lang trans::python::tests::test_05_035_cast_expr
        PASS [   0.170s] (2602/4972) auto-lang trans::python::tests::test_05_036_to_expr
        PASS [   0.185s] (2603/4972) auto-lang trans::python::tests::test_05_034_index_expr
        PASS [   0.171s] (2604/4972) auto-lang trans::python::tests::test_06_003_is_else
        PASS [   0.185s] (2605/4972) auto-lang trans::python::tests::test_06_001_is_wildcard
        PASS [   0.174s] (2606/4972) auto-lang trans::python::tests::test_06_004_struct_destructure
        PASS [   0.189s] (2607/4972) auto-lang trans::python::tests::test_06_002_is_multi_pattern
        PASS [   0.190s] (2608/4972) auto-lang trans::python::tests::test_08_001_generic_func
        PASS [   0.171s] (2609/4972) auto-lang trans::python::tests::test_08_003_generic_method
        PASS [   0.186s] (2610/4972) auto-lang trans::python::tests::test_08_004_generic_multi_param
        PASS [   0.186s] (2611/4972) auto-lang trans::python::tests::test_08_002_generic_struct
        PASS [   0.187s] (2612/4972) auto-lang trans::python::tests::test_09_002_option_default
        PASS [   0.204s] (2613/4972) auto-lang trans::python::tests::test_09_001_option
        PASS [   0.172s] (2614/4972) auto-lang trans::python::tests::test_09_005_result_pattern
        PASS [   0.202s] (2615/4972) auto-lang trans::python::tests::test_09_003_result_ok
        PASS [   0.172s] (2616/4972) auto-lang trans::python::tests::test_09_006_propagate
        PASS [   0.188s] (2617/4972) auto-lang trans::python::tests::test_09_004_option_pattern
        PASS [   0.185s] (2618/4972) auto-lang trans::python::tests::test_09_007_propagate_chain
        PASS [   0.168s] (2619/4972) auto-lang trans::python::tests::test_09_008_propagate_result
        PASS [   0.183s] (2620/4972) auto-lang trans::python::tests::test_09_009_propagate_in_call
        PASS [   0.170s] (2621/4972) auto-lang trans::python::tests::test_09_011_some_expr
        PASS [   0.187s] (2622/4972) auto-lang trans::python::tests::test_09_010_option_chain
        PASS [   0.174s] (2623/4972) auto-lang trans::python::tests::test_09_013_ok_value
        PASS [   0.176s] (2624/4972) auto-lang trans::python::tests::test_09_015_option_if
        PASS [   0.176s] (2625/4972) auto-lang trans::python::tests::test_09_014_err_value
        PASS [   0.191s] (2626/4972) auto-lang trans::python::tests::test_09_012_none_value
        PASS [   0.173s] (2627/4972) auto-lang trans::python::tests::test_09_016_result_func
        PASS [   0.204s] (2628/4972) auto-lang trans::python::tests::test_09_017_option_return
        PASS [   0.188s] (2629/4972) auto-lang trans::python::tests::test_10_002_array_index
        PASS [   0.201s] (2630/4972) auto-lang trans::python::tests::test_10_001_array_basic
        PASS [   0.170s] (2631/4972) auto-lang trans::python::tests::test_11_002_method_call
        PASS [   0.201s] (2632/4972) auto-lang trans::python::tests::test_11_001_static_method
        PASS [   0.201s] (2633/4972) auto-lang trans::python::tests::test_10_003_object_literal
        PASS [   0.190s] (2634/4972) auto-lang trans::python::tests::test_11_003_method_params
        PASS [   0.174s] (2635/4972) auto-lang trans::python::tests::test_11_004_static_decorator
        PASS [   0.172s] (2636/4972) auto-lang trans::python::tests::test_12_002_spec_impl
        PASS [   0.188s] (2637/4972) auto-lang trans::python::tests::test_12_001_basic_spec
        PASS [   0.189s] (2638/4972) auto-lang trans::python::tests::test_14_001_import
        PASS [   0.175s] (2639/4972) auto-lang trans::python::tests::test_14_002_from_import
        PASS [   0.188s] (2640/4972) auto-lang trans::python::tests::test_14_003_use_py
        PASS [   0.203s] (2641/4972) auto-lang trans::python::tests::test_14_004_import_with_dataclass
        PASS [   0.222s] (2642/4972) auto-lang trans::python::tests::test_16_001_builtin_map
        PASS [   0.217s] (2643/4972) auto-lang trans::python::tests::test_16_002_method_map
        PASS [   0.217s] (2644/4972) auto-lang trans::python::tests::test_16_003_py_call_compound
        PASS [   0.199s] (2645/4972) auto-lang trans::r2a::tests::rt_01_basics_hello
        PASS [   0.215s] (2646/4972) auto-lang trans::r2a::tests::rt_01_basics_func
        PASS [   0.215s] (2647/4972) auto-lang trans::python::tests::test_lambda_statement_body_diagnostic
        PASS [   0.185s] (2648/4972) auto-lang trans::r2a::tests::rt_03_control_for_range
        PASS [   0.216s] (2649/4972) auto-lang trans::r2a::tests::rt_02_types_enum
        PASS [   0.186s] (2650/4972) auto-lang trans::r2a::tests::rt_02_types_struct
        PASS [   0.201s] (2651/4972) auto-lang trans::r2a::tests::rt_03_control_while
        PASS [   0.216s] (2652/4972) auto-lang trans::r2a::tests::rt_03_control_if_basic
        PASS [   0.217s] (2653/4972) auto-lang trans::r2a::tests::rt_03_control_match
        PASS [   0.218s] (2654/4972) auto-lang trans::r2a::tests::rt_03_control_if_nested
        PASS [   0.216s] (2655/4972) auto-lang trans::r2a::tests::rt_05_expr_arithmetic
        PASS [   0.217s] (2656/4972) auto-lang trans::r2a::tests::rt_06_empty_variant_match
        PASS [   0.218s] (2657/4972) auto-lang trans::r2a::tests::rt_06_enum_pattern
        PASS [   0.202s] (2658/4972) auto-lang trans::r2a::tests::rt_06_hetero_enum
        PASS [   0.219s] (2659/4972) auto-lang trans::r2a::tests::rt_06_enum_fn_param
        PASS [   0.235s] (2660/4972) auto-lang trans::r2a::tests::rt_06_generic_hetero_enum
        PASS [   0.232s] (2661/4972) auto-lang trans::r2a::tests::rt_06_is_in_ext
        PASS [   0.217s] (2662/4972) auto-lang trans::r2a::tests::rt_06_struct_destructure
        PASS [   0.201s] (2663/4972) auto-lang trans::r2a::tests::rt_08_generic_ptr_field
        PASS [   0.201s] (2664/4972) auto-lang trans::r2a::tests::rt_08_no_tuple_generic
        PASS [   0.214s] (2665/4972) auto-lang trans::r2a::tests::rt_08_const_generics
        PASS [   0.203s] (2666/4972) auto-lang trans::r2a::tests::rt_08_with_constraint
        PASS [   0.203s] (2667/4972) auto-lang trans::r2a::tests::rt_08_type_alias
        PASS [   0.219s] (2668/4972) auto-lang trans::r2a::tests::rt_08_generic_field
        PASS [   0.203s] (2669/4972) auto-lang trans::r2a::tests::rt_09_error_propagate
        PASS [   0.203s] (2670/4972) auto-lang trans::r2a::tests::rt_09_null_coalesce
        PASS [  13.789s] (2671/4972) auto-lang tests::ffi_dual_tests::ffi_dual_016_dep_abi_matrix
        PASS [   0.217s] (2672/4972) auto-lang trans::r2a::tests::rt_09_option
        PASS [   0.205s] (2673/4972) auto-lang trans::r2a::tests::rt_09_question_return_int
        PASS [   0.205s] (2674/4972) auto-lang trans::r2a::tests::rt_09_question_uint
        PASS [   0.204s] (2675/4972) auto-lang trans::r2a::tests::rt_10_array
        PASS [   0.203s] (2676/4972) auto-lang trans::r2a::tests::rt_10_method_chain
        PASS [   0.199s] (2677/4972) auto-lang trans::r2a::tests::rt_11_methods
        PASS [   0.200s] (2678/4972) auto-lang trans::r2a::tests::rt_11_ext_for
        PASS [   0.200s] (2679/4972) auto-lang trans::r2a::tests::rt_12_spec
        PASS [   0.200s] (2680/4972) auto-lang trans::r2a::tests::rt_12_spec_delegation
        PASS [   0.201s] (2681/4972) auto-lang trans::r2a::tests::rt_11_struct_methods
        PASS [   0.183s] (2682/4972) auto-lang trans::r2a::tests::rt_12_specs
        PASS [   0.172s] (2683/4972) auto-lang trans::r2a::tests::rt_13_multi_delegation
        PASS [   0.172s] (2684/4972) auto-lang trans::r2a::tests::rt_13_multi_spec
        PASS [   0.186s] (2685/4972) auto-lang trans::r2a::tests::rt_14_derive_attr
        PASS [   0.186s] (2686/4972) auto-lang trans::r2a::tests::rt_13_single
        PASS [   0.201s] (2687/4972) auto-lang trans::r2a::tests::rt_14_const_decl
        PASS [   0.184s] (2688/4972) auto-lang trans::r2a::tests::rt_14_pub_visibility
        PASS [   0.203s] (2689/4972) auto-lang trans::r2a::tests::rt_14_rust_use
        PASS [   0.203s] (2690/4972) auto-lang trans::r2a::tests::rt_15_box_arc
        PASS [   0.201s] (2691/4972) auto-lang trans::r2a::tests::rt_16_async_fn
        PASS [   0.201s] (2692/4972) auto-lang trans::r2a::tests::rt_15_type_cast
        PASS [   0.187s] (2693/4972) auto-lang trans::r2a::tests::test_async_fn
        PASS [   0.169s] (2694/4972) auto-lang trans::r2a::tests::test_box_arc_rc_new
        PASS [   0.199s] (2695/4972) auto-lang trans::r2a::tests::test_dyn_trait
        PASS [   0.215s] (2696/4972) auto-lang trans::r2a::tests::test_const
        PASS [   0.200s] (2697/4972) auto-lang trans::r2a::tests::test_enum_discriminant
        PASS [   0.214s] (2698/4972) auto-lang trans::r2a::tests::test_derive_attr
        PASS [   0.219s] (2699/4972) auto-lang trans::r2a::tests::test_enum
        PASS [   0.202s] (2700/4972) auto-lang trans::r2a::tests::test_fn_with_params
        PASS [   0.203s] (2701/4972) auto-lang trans::r2a::tests::test_field_attr
        PASS [   0.216s] (2702/4972) auto-lang trans::r2a::tests::test_for_loop
        PASS [   0.202s] (2703/4972) auto-lang trans::r2a::tests::test_generic_enum
        PASS [   0.206s] (2704/4972) auto-lang trans::r2a::tests::test_generic_struct
        PASS [   0.249s] (2705/4972) auto-lang trans::r2a::tests::test_generic_fn_with_bounds
        PASS [   0.206s] (2706/4972) auto-lang trans::r2a::tests::test_impl
        PASS [   0.222s] (2707/4972) auto-lang trans::r2a::tests::test_hello_world
        PASS [   0.200s] (2708/4972) auto-lang trans::r2a::tests::test_impl_for
        PASS [   0.235s] (2709/4972) auto-lang trans::r2a::tests::test_hashmap_type
        PASS [   0.222s] (2710/4972) auto-lang trans::r2a::tests::test_if_else
        PASS [   0.232s] (2711/4972) auto-lang trans::r2a::tests::test_let_var
        PASS [   0.233s] (2712/4972) auto-lang trans::r2a::tests::test_match
        PASS [   0.233s] (2713/4972) auto-lang trans::r2a::tests::test_mut_self
        PASS [   0.263s] (2714/4972) auto-lang trans::r2a::tests::test_loop
        PASS [   0.233s] (2715/4972) auto-lang trans::r2a::tests::test_println_format
        PASS [   0.280s] (2716/4972) auto-lang trans::r2a::tests::test_operators
        PASS [   0.107s] (2717/4972) auto-lang trans::r2a::tests::test_r2a_013_dyn_trait
        PASS [   0.237s] (2718/4972) auto-lang trans::r2a::tests::test_r2a_001_hello
        PASS [   0.253s] (2719/4972) auto-lang trans::r2a::tests::test_r2a_002_func
        PASS [   0.234s] (2720/4972) auto-lang trans::r2a::tests::test_r2a_003_struct
        PASS [   0.250s] (2721/4972) auto-lang trans::r2a::tests::test_r2a_005_if_basic
        PASS [   0.250s] (2722/4972) auto-lang trans::r2a::tests::test_r2a_004_enum
        PASS [   0.235s] (2723/4972) auto-lang trans::r2a::tests::test_r2a_006_for_range
        PASS [   0.260s] (2724/4972) auto-lang trans::r2a::tests::test_r2a_008_while
        PASS [   0.279s] (2725/4972) auto-lang trans::r2a::tests::test_r2a_007_match
        PASS [   0.249s] (2726/4972) auto-lang trans::r2a::tests::test_r2a_009_loop
        PASS [   0.246s] (2727/4972) auto-lang trans::r2a::tests::test_r2a_011_impl_for
        PASS [   0.246s] (2728/4972) auto-lang trans::r2a::tests::test_r2a_010_mut_self
        PASS [   0.233s] (2729/4972) auto-lang trans::r2a::tests::test_r2a_012_struct_methods
        PASS [   0.378s] (2730/4972) auto-lang trans::r2a::tests::test_ownership_simplifications
        PASS [   0.249s] (2731/4972) auto-lang trans::r2a::tests::test_r2a_014_union
        PASS [   0.246s] (2732/4972) auto-lang trans::r2a::tests::test_r2a_016_hetero_enum
        PASS [   0.261s] (2733/4972) auto-lang trans::r2a::tests::test_r2a_015_raw_pointer
        PASS [   0.235s] (2734/4972) auto-lang trans::r2a::tests::test_r2a_018_discriminant
        PASS [   0.264s] (2735/4972) auto-lang trans::r2a::tests::test_r2a_017_struct_destructure
        PASS [   0.220s] (2736/4972) auto-lang trans::r2a::tests::test_r2a_020_type_alias
        PASS [   0.221s] (2737/4972) auto-lang trans::r2a::tests::test_r2a_019_generic_enum
        PASS [   0.222s] (2738/4972) auto-lang trans::r2a::tests::test_r2a_022_generic_fn
        PASS [   0.240s] (2739/4972) auto-lang trans::r2a::tests::test_r2a_021_generic_struct
        PASS [   0.233s] (2740/4972) auto-lang trans::r2a::tests::test_r2a_023_map_type
        PASS [   0.231s] (2741/4972) auto-lang trans::r2a::tests::test_r2a_025_try_operator
        PASS [   0.247s] (2742/4972) auto-lang trans::r2a::tests::test_r2a_024_option_construct
        PASS [   0.248s] (2743/4972) auto-lang trans::r2a::tests::test_r2a_026_unwrap_or
        PASS [   0.248s] (2744/4972) auto-lang trans::r2a::tests::test_r2a_027_array
        PASS [   0.219s] (2745/4972) auto-lang trans::r2a::tests::test_r2a_028_method_chain
        PASS [   0.234s] (2746/4972) auto-lang trans::r2a::tests::test_r2a_029_use
        PASS [   0.231s] (2747/4972) auto-lang trans::r2a::tests::test_r2a_030_pub_visibility
        PASS [   0.235s] (2748/4972) auto-lang trans::r2a::tests::test_r2a_033_type_cast
        PASS [   0.235s] (2749/4972) auto-lang trans::r2a::tests::test_r2a_032_derive_attr
        PASS [   0.249s] (2750/4972) auto-lang trans::r2a::tests::test_r2a_031_const_decl
        PASS [   0.108s] (2751/4972) auto-lang trans::rust::test_struct_pair_field_to_string
        PASS [   0.245s] (2752/4972) auto-lang trans::r2a::tests::test_r2a_034_box_arc
        PASS [   0.219s] (2753/4972) auto-lang trans::r2a::tests::test_r2a_037_field_attrs
        PASS [   0.236s] (2754/4972) auto-lang trans::r2a::tests::test_result_type
        PASS [   0.255s] (2755/4972) auto-lang trans::r2a::tests::test_r2a_036_async_fn
        PASS [   0.236s] (2756/4972) auto-lang trans::r2a::tests::test_struct
        PASS [   0.236s] (2757/4972) auto-lang trans::r2a::tests::test_type_alias_generic
        PASS [   0.236s] (2758/4972) auto-lang trans::r2a::tests::test_trait
        PASS [   0.230s] (2759/4972) auto-lang trans::r2a::tests::test_type_cast
        PASS [   0.229s] (2760/4972) auto-lang trans::r2a::tests::test_type_mapping
        PASS [   0.215s] (2761/4972) auto-lang trans::r2a::tests::test_vec_macro
        PASS [   0.219s] (2762/4972) auto-lang trans::r2a::tests::test_while_loop
        PASS [   0.372s] (2763/4972) auto-lang trans::r2a::tests::test_r2a_035_string_methods
        PASS [   0.234s] (2764/4972) auto-lang trans::tscn::tests::test_godot_demo_dodge_mob_scene
        PASS [   0.234s] (2765/4972) auto-lang trans::rust::test_transpile_fn_single_function
        PASS [   0.234s] (2766/4972) auto-lang trans::tscn::tests::test_godot_demo_dodge_player_scene
        PASS [   0.232s] (2767/4972) auto-lang trans::tscn::tests::test_godot_demo_hexagonal_troll_scene
        PASS [   0.236s] (2768/4972) auto-lang trans::tscn::tests::test_godot_demo_instancing_ball_scene
        PASS [   0.218s] (2769/4972) auto-lang trans::tscn::tests::test_tscn_001_hello
        PASS [   0.205s] (2770/4972) auto-lang trans::tscn::tests::test_tscn_003_timers
        PASS [   0.234s] (2771/4972) auto-lang trans::tscn::tests::test_godot_demo_kinematic_player_scene
        PASS [   0.220s] (2772/4972) auto-lang trans::tscn::tests::test_tscn_002_player
        PASS [   0.219s] (2773/4972) auto-lang trans::tscn::tests::test_tscn_004_nested
        PASS [   0.204s] (2774/4972) auto-lang trans::tscn::tests::test_tscn_005_subresource
        PASS [   0.201s] (2775/4972) auto-lang trans::tscn::tests::test_tscn_006_combined_with_gd
        PASS [   0.201s] (2776/4972) auto-lang trans::tscn::tests::test_tscn_uid_deterministic
        PASS [   0.217s] (2777/4972) auto-lang type_registry::tests::test_type_registry
        PASS [   0.202s] (2778/4972) auto-lang types::tests::test_generic_template
        PASS [   0.215s] (2779/4972) auto-lang types::tests::test_list_operations
        PASS [   0.203s] (2780/4972) auto-lang types::tests::test_type_store_basic
        PASS [   0.234s] (2781/4972) auto-lang types::tests::test_type_parameter_substitution
        PASS [   0.220s] (2782/4972) auto-lang ui::action_config::plan423_tests::os_keymap_overrides_apply_by_action_id
        PASS [   0.239s] (2783/4972) auto-lang ui::action_config::plan423_tests::hot_reload_bad_doc_fails_parse
        PASS [   0.220s] (2784/4972) auto-lang ui::action_config::tests::extract_actions_prefers_widget_block_then_top_level
        PASS [   0.204s] (2785/4972) auto-lang ui::action_config::tests::parse_sample_actions_menus_toolbar
        PASS [   0.231s] (2786/4972) auto-lang ui::action_config::tests::handler_lookup_and_warnings
        PASS [   0.236s] (2787/4972) auto-lang ui::action_config::tests::shortcut_normalization_matches_keyboard_lookup
        PASS [   0.237s] (2788/4972) auto-lang ui::app_registry::tests::aggregate_scan_merges_and_dedups
        PASS [   0.218s] (2789/4972) auto-lang ui::app_registry::tests::desktop_field_parse_matrix
        PASS [   0.233s] (2790/4972) auto-lang ui::app_registry::tests::entry_fit_from_pac_window_field
        PASS [   0.216s] (2791/4972) auto-lang ui::app_registry::tests::extra_roots_apps_container_expansion
        PASS [   0.250s] (2792/4972) auto-lang ui::app_registry::tests::extra_roots_decision_matrix
        PASS [   0.250s] (2793/4972) auto-lang ui::app_registry::tests::gallery_extra_roots_probes_repo_galleries
        PASS [   0.251s] (2794/4972) auto-lang ui::app_registry::tests::gallery_render_filter_matrix
        PASS [   0.251s] (2795/4972) auto-lang ui::app_registry::tests::gallery_extra_roots_scan_galleries_off
        PASS [   0.249s] (2796/4972) auto-lang ui::app_registry::tests::manifest_daemon_defs_filters_non_daemon_entries
        PASS [   0.266s] (2797/4972) auto-lang ui::app_registry::tests::manifest_daemon_defs_bad_json_returns_empty
        PASS [   0.263s] (2798/4972) auto-lang ui::app_registry::tests::manifest_daemon_lookup_via_sibling_probe
        PASS [   0.266s] (2799/4972) auto-lang ui::app_registry::tests::manifest_repo_roots_aggregation
        PASS [   0.282s] (2800/4972) auto-lang ui::app_registry::tests::parse_extra_dirs_syntax
        PASS [   0.267s] (2801/4972) auto-lang ui::app_registry::tests::parse_pac_back_project_single_line_nested
        PASS [   0.266s] (2802/4972) auto-lang ui::app_registry::tests::parse_pac_fields_extracts_quotes_and_comments
        PASS [   0.268s] (2803/4972) auto-lang ui::app_registry::tests::scan_gallery_roots_entries_visible
        PASS [   0.267s] (2804/4972) auto-lang ui::app_registry::tests::scan_missing_dir_returns_empty
        PASS [   0.330s] (2805/4972) auto-lang ui::app_registry::tests::render_filter_keeps_only_matching
        PASS [   0.267s] (2806/4972) auto-lang ui::app_registry::tests::scan_picks_up_desktop_exe_declaration
        PASS [   0.268s] (2807/4972) auto-lang ui::app_registry::tests::scan_picks_up_media_root_and_back_entry
        PASS [   0.265s] (2808/4972) auto-lang ui::app_registry::tests::scan_temp_dir_full_shape_with_new_fields
        PASS [   0.356s] (2809/4972) auto-lang ui::app_registry::tests::scan_examples_ui_curation_set
        PASS [   0.372s] (2810/4972) auto-lang ui::app_registry::tests::scan_examples_ui_finds_at_least_27_apps
        PASS [   0.280s] (2811/4972) auto-lang ui::app_registry::tests::scan_temp_dir_title_zh_and_display_chain
        PASS [   0.314s] (2812/4972) auto-lang ui::app_registry::tests::scan_render_filter_admits_exe_backed_apps
        PASS [   0.280s] (2813/4972) auto-lang ui::aura_view_builder::plan045_memo_tests::plan045_dynamic_forms_degrade_to_raw
        PASS [   0.279s] (2814/4972) auto-lang ui::aura_view_builder::plan045_memo_tests::plan045_memo_off_is_inert
        PASS [   0.279s] (2815/4972) auto-lang ui::aura_view_builder::plan045_memo_tests::plan045_menubar_memo_hit_and_invalidation
        PASS [   0.264s] (2816/4972) auto-lang ui::aura_view_builder::plan045_memo_tests::plan045_menubar_probe_replay_on_hit
        PASS [   0.278s] (2817/4972) auto-lang ui::aura_view_builder::plan045_memo_tests::plan045_outlet_page_memo
        PASS [   0.265s] (2818/4972) auto-lang ui::aura_view_builder::plan045_memo_tests::plan045_sidebar_nav_group_memo
        PASS [   0.284s] (2819/4972) auto-lang ui::aura_view_builder::plan045_memo_tests::plan046_outlet_prop_priority
        PASS [   0.268s] (2820/4972) auto-lang ui::aura_view_builder::plan045_memo_tests::plan708_memo_env_gate_parsing
        PASS [   0.263s] (2821/4972) auto-lang ui::aura_view_builder::plan045_memo_tests::plan708_outlet_bare_default_on
        PASS [   0.262s] (2822/4972) auto-lang ui::aura_view_builder::plan045_memo_tests::plan708_outlet_env0_overrides_prop_true
        PASS [   0.230s] (2823/4972) auto-lang ui::aura_view_builder::plan045_memo_tests::plan708_outlet_tristate_matrix
        PASS [   0.229s] (2824/4972) auto-lang ui::aura_view_builder::plan045_memo_tests::plan708_ui_epoch_invalidation
        PASS [   0.244s] (2825/4972) auto-lang ui::aura_view_builder::plan046_for_memo_tests::plan046_dup_key_degrades_to_raw
        PASS [   0.249s] (2826/4972) auto-lang ui::aura_view_builder::plan046_for_memo_tests::plan046_key_eval_fail_degrades_to_raw
        PASS [   0.236s] (2827/4972) auto-lang ui::aura_view_builder::plan046_for_memo_tests::plan046_keyed_add_remove_only_delta
        PASS [   0.249s] (2828/4972) auto-lang ui::aura_view_builder::plan046_for_memo_tests::plan046_item_fp_budget_degrades_to_raw
        PASS [   0.266s] (2829/4972) auto-lang ui::aura_view_builder::plan046_for_memo_tests::plan046_keyed_fill_then_fast_hit
        PASS [   0.250s] (2830/4972) auto-lang ui::aura_view_builder::plan046_for_memo_tests::plan046_keyed_hit_replays_probe_bookkeeping
        PASS [   0.248s] (2831/4972) auto-lang ui::aura_view_builder::plan046_for_memo_tests::plan046_keyed_single_modify_only_item_misses
        PASS [   0.248s] (2832/4972) auto-lang ui::aura_view_builder::plan046_for_memo_tests::plan046_keyed_index_declared_reorder_misses
        PASS [   0.250s] (2833/4972) auto-lang ui::aura_view_builder::plan046_for_memo_tests::plan046_nested_keyed_for_degrades
        PASS [   0.264s] (2834/4972) auto-lang ui::aura_view_builder::plan046_for_memo_tests::plan046_keyed_reorder_all_hit_output_order
        PASS [   0.293s] (2835/4972) auto-lang ui::aura_view_builder::plan046_memo_block_tests::plan046_block_call_prop_covered_by_deps
        PASS [   0.262s] (2836/4972) auto-lang ui::aura_view_builder::plan046_memo_block_tests::plan046_block_default_deps_and_slot_semantics
        PASS [   0.263s] (2837/4972) auto-lang ui::aura_view_builder::plan046_memo_block_tests::plan046_block_episode_flip_miss
        PASS [   0.247s] (2838/4972) auto-lang ui::aura_view_builder::plan046_memo_block_tests::plan046_block_site_counts
        PASS [   0.282s] (2839/4972) auto-lang ui::aura_view_builder::plan046_memo_block_tests::plan046_block_exact_pure_deps_judgment
        PASS [   0.259s] (2840/4972) auto-lang ui::aura_view_builder::plan046_memo_block_tests::plan046_block_nested_for_degrade_and_exact_override
        PASS [   0.278s] (2841/4972) auto-lang ui::aura_view_builder::plan046_memo_block_tests::plan046_block_untracked_shared_gate
        PASS [   0.281s] (2842/4972) auto-lang ui::aura_view_builder::plan047_convergence_tests::plan047_computed_widget_memo_parity
        PASS [   0.269s] (2843/4972) auto-lang ui::aura_view_builder::plan047_gate_tests::plan047_content_change_refills_no_stale
        PASS [   0.266s] (2844/4972) auto-lang ui::aura_view_builder::plan047_gate_tests::plan047_fp_slow_hit_refreshes_dep_baselines
        PASS [   0.250s] (2845/4972) auto-lang ui::aura_view_builder::plan047_gate_tests::plan047_seq_fast_precedes_version_fast
        PASS [   0.245s] (2846/4972) auto-lang ui::aura_view_builder::plan047_signal_tests::plan047_signal_deps_absorbed_into_memo_entry
        PASS [   0.245s] (2847/4972) auto-lang ui::aura_view_builder::plan047_signal_tests::plan047_signal_block_channel
        PASS [   0.278s] (2848/4972) auto-lang ui::aura_view_builder::plan047_gate_tests::plan047_version_fast_unrelated_write_zero_reeval
        PASS [   0.248s] (2849/4972) auto-lang ui::aura_view_builder::plan047_signal_tests::plan047_signal_inline_hit_and_invalidation
        PASS [   0.248s] (2850/4972) auto-lang ui::aura_view_builder::plan055_strip_html_tests::strips_tags_and_decodes_entities
        PASS [   0.249s] (2851/4972) auto-lang ui::aura_view_builder::plan080_rowclass_probe_tests::musk_rowclass_max_width_pct_survives_ir
        PASS [   0.249s] (2852/4972) auto-lang ui::aura_view_builder::plan534_side_panel_tests::plan534_drawer_bottom_edgebottom_with_handle_first_child
        PASS [   0.260s] (2853/4972) auto-lang ui::aura_view_builder::plan534_side_panel_tests::plan534_hovercard_mousearea_wrapped_bottom_nonmodal
        PASS [   0.278s] (2854/4972) auto-lang ui::aura_view_builder::plan534_side_panel_tests::plan534_sheet_default_edge_right_with_minted_dismiss
        PASS [   0.252s] (2855/4972) auto-lang ui::aura_view_builder::plan534_side_panel_tests::progress_onseek_builds_seek_handler
        PASS [   0.265s] (2856/4972) auto-lang ui::aura_view_builder::plan534_side_panel_tests::progress_onseek_placeholder_param_never_becomes_literal_arg
        PASS [   0.250s] (2857/4972) auto-lang ui::aura_view_builder::plan571_button_default_variant_tests::absent_variant_is_chromeless_vm_arm
        PASS [   0.259s] (2858/4972) auto-lang ui::aura_view_builder::plan571_button_default_variant_tests::explicit_default_is_neutral_baseline_with_hairline_border
        PASS [   0.259s] (2859/4972) auto-lang ui::aura_view_builder::plan571_button_default_variant_tests::primary_and_submit_are_explicit_accent_fill
        PASS [   0.264s] (2860/4972) auto-lang ui::aura_view_builder::plan571_button_default_variant_tests::secondary_is_deeper_fill_without_border
        PASS [   0.248s] (2861/4972) auto-lang ui::aura_view_builder::tests::build_with_debug_captures_event_handler
        PASS [   0.229s] (2862/4972) auto-lang ui::aura_view_builder::tests::build_with_debug_captures_for_loop_context
        PASS [   0.229s] (2863/4972) auto-lang ui::aura_view_builder::tests::build_with_debug_captures_event_handlers_distinct_paths
        PASS [   0.246s] (2864/4972) auto-lang ui::aura_view_builder::tests::build_with_debug_captures_nested_state_binding
        PASS [   0.260s] (2865/4972) auto-lang ui::aura_view_builder::tests::build_with_debug_for_loop_multi_body_path_keeps_body_index
        PASS [   0.247s] (2866/4972) auto-lang ui::aura_view_builder::tests::build_with_debug_for_loop_single_body_path_matches_vtree
        PASS [   0.231s] (2867/4972) auto-lang ui::aura_view_builder::tests::build_with_debug_skips_literal_text_sibling
        PASS [   0.264s] (2868/4972) auto-lang ui::aura_view_builder::tests::build_with_debug_records_nothing_for_literal_text
        PASS [   0.247s] (2869/4972) auto-lang ui::aura_view_builder::tests::convert_grid_for_loop_obj_cells_resolve_field_access
        PASS [   0.247s] (2870/4972) auto-lang ui::aura_view_builder::tests::convert_grid_flattens_for_loop_into_cells
        PASS [   0.265s] (2871/4972) auto-lang ui::aura_view_builder::tests::first_meaningful_stmt_skips_comments_and_blank_lines
        PASS [   0.233s] (2872/4972) auto-lang ui::aura_view_builder::tests::p695_menubar_hover_switch_and_open_highlight
        PASS [   0.279s] (2873/4972) auto-lang ui::aura_view_builder::tests::convert_grid_tracked_flattens_for_loop_into_cells
        PASS [   0.251s] (2874/4972) auto-lang ui::aura_view_builder::tests::image_surface_vm_builder
        PASS [   0.245s] (2875/4972) auto-lang ui::aura_view_builder::tests::p695_menubar_panel_tokens_and_disabled_dim
        PASS [   0.249s] (2876/4972) auto-lang ui::aura_view_builder::tests::plan050_button_content_subtree_flex_row_direction
        PASS [   0.249s] (2877/4972) auto-lang ui::aura_view_builder::tests::p695_menubar_submenu_radio_label_shortcut
        FAIL [   2.430s] (2878/4972) auto-lang tests::ffi_dual_tests::ffi_dual_017_dep_lifecycle
  stdout ───

    running 1 test
    test tests::ffi_dual_tests::ffi_dual_017_dep_lifecycle ... FAILED

    failures:

    failures:
        tests::ffi_dual_tests::ffi_dual_017_dep_lifecycle

    test result: FAILED. 0 passed; 1 failed; 0 ignored; 0 measured; 6501 filtered out; finished in 2.24s

  stderr ───

    thread 'tests::ffi_dual_tests::ffi_dual_017_dep_lifecycle' (24724) panicked at crates\auto-lang\src\tests\ffi_dual_tests.rs:267:40:
    called `Result::unwrap()` on an `Err` value: Msg("RuntimeError(\"Unknown Rust stdlib call: .drop_count\") at line 5 (ip=0x0026)")
    note: run with `RUST_BACKTRACE=1` environment variable to display a backtrace

        PASS [   0.234s] (2879/4972) auto-lang ui::aura_view_builder::tests::plan050_child_computed_text_resolves_not_raw_placeholder
        PASS [   0.234s] (2880/4972) auto-lang ui::aura_view_builder::tests::plan050_imported_component_icon_maps_to_lucide_image
        PASS [   0.234s] (2881/4972) auto-lang ui::aura_view_builder::tests::plan051_child_prop_override_per_instance
        PASS [   0.236s] (2882/4972) auto-lang ui::aura_view_builder::tests::plan051_textarea_keydown_enter_exact_normalized
        PASS [   0.251s] (2883/4972) auto-lang ui::aura_view_builder::tests::plan051_textarea_keydown_args_baked
        PASS [   0.251s] (2884/4972) auto-lang ui::aura_view_builder::tests::plan051_input_onenter_wires_on_submit
        PASS [   0.234s] (2885/4972) auto-lang ui::aura_view_builder::tests::plan412_container_flex_classes_rederive
        PASS [   0.253s] (2886/4972) auto-lang ui::aura_view_builder::tests::plan412_container_grid_classes_rederive_to_real_grid
        PASS [   0.252s] (2887/4972) auto-lang ui::aura_view_builder::tests::plan412_container_without_layout_classes_stays_container
        PASS [   0.250s] (2888/4972) auto-lang ui::aura_view_builder::tests::plan412_grid_element_class_cols_override_prop
        PASS [   0.250s] (2889/4972) auto-lang ui::aura_view_builder::tests::plan412_cross_class_arbitration_on_semantic_elements
        PASS [   0.251s] (2890/4972) auto-lang ui::aura_view_builder::tests::plan412_responsive_grid_cols_participate
        PASS [   0.267s] (2891/4972) auto-lang ui::aura_view_builder::tests::plan448_grid_dynamic_cols_resolution
        PASS [   0.234s] (2892/4972) auto-lang ui::aura_view_builder::tests::plan493_mention_segments_covers_value
        PASS [   0.235s] (2893/4972) auto-lang ui::aura_view_builder::tests::plan448_style_array_and_concat_resolution
        PASS [   0.250s] (2894/4972) auto-lang ui::aura_view_builder::tests::plan448_h2_block_computed_executes_as_vm_fn
        PASS [   0.251s] (2895/4972) auto-lang ui::aura_view_builder::tests::plan493_mention_segments_bare_at_and_case
        PASS [   0.220s] (2896/4972) auto-lang ui::aura_view_builder::tests::plan493_mention_segments_hit
        PASS [   0.237s] (2897/4972) auto-lang ui::aura_view_builder::tests::plan493_mention_segments_empty_names
        PASS [   0.251s] (2898/4972) auto-lang ui::aura_view_builder::tests::plan493_mentions_computed_degrades_to_plain
        PASS [   0.267s] (2899/4972) auto-lang ui::aura_view_builder::tests::plan493_textarea_mentions_wired
        PASS [   0.251s] (2900/4972) auto-lang ui::aura_view_builder::tests::plan563_canvas_builder_leaf_events_and_coords
        PASS [   0.268s] (2901/4972) auto-lang ui::aura_view_builder::tests::plan493_mentions_literal_list
        PASS [   0.266s] (2902/4972) auto-lang ui::aura_view_builder::tests::plan563_parse_canvas_scene_pure
        PASS [   0.266s] (2903/4972) auto-lang ui::aura_view_builder::tests::plan619_class_and_style_props_are_equivalent
        PASS [   0.266s] (2904/4972) auto-lang ui::aura_view_builder::tests::plan606_for_loop_image_resolves_bindings_and_fit
        PASS [   0.297s] (2905/4972) auto-lang ui::aura_view_builder::tests::plan619_icon_size_prop_sets_explicit_box
        PASS [   0.264s] (2906/4972) auto-lang ui::aura_view_builder::tests::plan619_sidebar_content_style_prop_keeps_user_classes
        PASS [   0.296s] (2907/4972) auto-lang ui::aura_view_builder::tests::plan621_explicit_text_class_wins_color_stroke_still_applies
        PASS [   0.298s] (2908/4972) auto-lang ui::aura_view_builder::tests::plan621_state_off_injects_muted_no_stroke
        PASS [   0.299s] (2909/4972) auto-lang ui::aura_view_builder::tests::plan621_state_bool_binding
        PASS [   0.267s] (2910/4972) auto-lang ui::aura_view_builder::tests::plan621_state_on_48px_thin_base_plus_half
        PASS [   0.281s] (2911/4972) auto-lang ui::aura_view_builder::tests::plan621_state_undeclared_zero_diff
        PASS [   0.297s] (2912/4972) auto-lang ui::aura_view_builder::tests::plan621_state_on_injects_primary_and_stroke
        PASS [   0.295s] (2913/4972) auto-lang ui::aura_view_builder::tests::plan626_literal_interpolation_multi_segment_dot_path
        PASS [   0.327s] (2914/4972) auto-lang ui::aura_view_builder::tests::plan626_menubar_panel_left_align_horizontal_sep_fixed_width
        PASS [   0.328s] (2915/4972) auto-lang ui::aura_view_builder::tests::plan641_tabs_fold_trigger_text_child_element
        PASS [   0.328s] (2916/4972) auto-lang ui::aura_view_builder::tests::plan641_tabs_fold_onselect_and_flat_tab_form
        PASS [   0.344s] (2917/4972) auto-lang ui::aura_view_builder::tests::plan630_declarative_menubar_component
        PASS [   0.325s] (2918/4972) auto-lang ui::aura_view_builder::tests::plan641_tabs_fold_variant_and_selected_resolution
        PASS [   0.312s] (2919/4972) auto-lang ui::aura_view_builder::tests::plan641_tabs_fold_wrappers_triggers_contents
        PASS [   0.312s] (2920/4972) auto-lang ui::aura_view_builder::tests::plan642_store_qualified_len_condition_resolves
        PASS [   0.340s] (2921/4972) auto-lang ui::aura_view_builder::tests::plan661_t03_slider_arm_payload_and_label
        PASS [   0.325s] (2922/4972) auto-lang ui::aura_view_builder::tests::plan661_t05_parse_canvas_primitive_tables
        PASS [   0.342s] (2923/4972) auto-lang ui::aura_view_builder::tests::plan717_calendar_is_visible_in_tracked_and_untracked_vm_trees
        PASS [   0.343s] (2924/4972) auto-lang ui::aura_view_builder::tests::test_autodown_panel_callout
        PASS [   0.327s] (2925/4972) auto-lang ui::aura_view_builder::tests::test_autodown_panel_details
        PASS [   0.343s] (2926/4972) auto-lang ui::aura_view_builder::tests::test_autodown_panel_heading
        PASS [   0.325s] (2927/4972) auto-lang ui::aura_view_builder::tests::test_build_column_with_children
        PASS [   0.343s] (2928/4972) auto-lang ui::aura_view_builder::tests::test_autodown_panel_quote
        PASS [   0.355s] (2929/4972) auto-lang ui::aura_view_builder::tests::test_build_button_with_event
        PASS [   0.386s] (2930/4972) auto-lang ui::aura_view_builder::tests::test_autodown_panel_registry_slots
        PASS [   0.355s] (2931/4972) auto-lang ui::aura_view_builder::tests::test_build_nested_layout
        PASS [   0.355s] (2932/4972) auto-lang ui::aura_view_builder::tests::test_build_row
        PASS [   2.151s] (2933/4972) auto-lang ui::app_registry::tests::launch_three_real_apps_via_registry_resolver
        PASS [   0.373s] (2934/4972) auto-lang ui::aura_view_builder::tests::test_build_svg_element_serializes_document
        PASS [   0.356s] (2935/4972) auto-lang ui::aura_view_builder::tests::test_build_text_literal
        PASS [   0.339s] (2936/4972) auto-lang ui::aura_view_builder::tests::test_build_unknown_tag_fallback
        PASS [   0.355s] (2937/4972) auto-lang ui::aura_view_builder::tests::test_build_text_with_state_ref
        PASS [   0.386s] (2938/4972) auto-lang ui::aura_view_builder::tests::test_button_label_from_children
        PASS [   0.373s] (2939/4972) auto-lang ui::aura_view_builder::tests::test_button_msg_variant_handler
        PASS [   0.372s] (2940/4972) auto-lang ui::aura_view_builder::tests::test_conditional_negation_hides_when_true
        PASS [   0.402s] (2941/4972) auto-lang ui::aura_view_builder::tests::test_child_model_var_default_seeded_into_state
        PASS [   0.389s] (2942/4972) auto-lang ui::aura_view_builder::tests::test_conditional_negation_renders_then_body
        PASS [   0.403s] (2943/4972) auto-lang ui::aura_view_builder::tests::test_eval_condition_with_bindings
        PASS [   0.371s] (2944/4972) auto-lang ui::aura_view_builder::tests::test_extract_handler_name
        PASS [   0.403s] (2945/4972) auto-lang ui::aura_view_builder::tests::test_layout_oncontextmenu_becomes_right_click
        PASS [   0.419s] (2946/4972) auto-lang ui::aura_view_builder::tests::test_mouse_area_conversion_events_and_style
        PASS [   0.434s] (2947/4972) auto-lang ui::aura_view_builder::tests::test_mouse_area_onmousemove_coords_and_args
        PASS [   0.435s] (2948/4972) auto-lang ui::aura_view_builder::tests::test_mouse_area_onmousemove_without_coords_is_raw
        PASS [   0.466s] (2949/4972) auto-lang ui::aura_view_builder::tests::test_nav_group_fold_states
        PASS [   0.468s] (2950/4972) auto-lang ui::aura_view_builder::tests::test_nav_item_onclick_mode_states
        PASS [   0.469s] (2951/4972) auto-lang ui::aura_view_builder::tests::test_nav_item_router_mode_active
        PASS [   0.472s] (2952/4972) auto-lang ui::aura_view_builder::tests::test_nav_search_row
        PASS [   0.472s] (2953/4972) auto-lang ui::aura_view_builder::tests::test_nav_item_router_mode_default
        PASS [   0.468s] (2954/4972) auto-lang ui::aura_view_builder::tests::test_plan048_store_computed_condition_auth_gate
        PASS [   0.440s] (2955/4972) auto-lang ui::aura_view_builder::tests::test_select_event_slot_substitution
        PASS [   0.456s] (2956/4972) auto-lang ui::aura_view_builder::tests::test_plan077_computed_null_coalesce
        PASS [   0.423s] (2957/4972) auto-lang ui::aura_view_builder::tests::test_sidebar_group_collapsible_toggle
        PASS [   0.440s] (2958/4972) auto-lang ui::aura_view_builder::tests::test_select_for_loop_options_and_value_contract
        PASS [   0.407s] (2959/4972) auto-lang ui::aura_view_builder::tests::test_sidebar_menu_button_states_and_route
        PASS [   0.393s] (2960/4972) auto-lang ui::aura_view_builder::tests::test_sidebar_menu_hierarchy
        PASS [   0.391s] (2961/4972) auto-lang ui::aura_view_builder::tests::test_sidebar_tree_structure_and_provider_gate
        PASS [   0.361s] (2962/4972) auto-lang ui::aura_view_builder::tests::test_slot_default_fill_from_bare_children
        PASS [   0.330s] (2963/4972) auto-lang ui::aura_view_builder::tests::test_slot_fill_resolves_parent_scope
        PASS [   0.361s] (2964/4972) auto-lang ui::aura_view_builder::tests::test_slot_fill_event_routes_to_parent
        PASS [   0.269s] (2965/4972) auto-lang ui::aura_view_builder::tests::test_slot_named_fill_renders_at_outlet
        PASS [   0.348s] (2966/4972) auto-lang ui::aura_view_builder::tests::test_slot_fill_probe_tracked
        PASS [   0.315s] (2967/4972) auto-lang ui::aura_view_builder::tests::test_slot_multi_child_fill_spliced_as_siblings
        PASS [   0.253s] (2968/4972) auto-lang ui::aura_view_builder::tests::test_slot_unmatched_name_not_rendered_and_fallback_renders
        PASS [   0.222s] (2969/4972) auto-lang ui::aura_view_builder::tests::test_state_binding_in_text_element
        PASS [   0.206s] (2970/4972) auto-lang ui::aura_view_builder::tests::test_text_onclick_becomes_toggle_button
        PASS [   0.174s] (2971/4972) auto-lang ui::aura_view_builder::tests::test_text_selectable_passthrough
        PASS [   0.126s] (2972/4972) auto-lang ui::back_provision::tests::needs_session_predicate_matrix
        PASS [   0.142s] (2973/4972) auto-lang ui::aura_view_builder::tests::test_value_to_display_string
        PASS [   0.160s] (2974/4972) auto-lang ui::aura_view_builder::tests::test_tracked_row_conditional_splice_probe_slots
        PASS [   0.141s] (2975/4972) auto-lang ui::back_provision::tests::plan_backend_four_arms
        PASS [   0.142s] (2976/4972) auto-lang ui::back_provision::tests::prefix_rewrites_http_lines_only
        PASS [   0.139s] (2977/4972) auto-lang ui::child_emit::tests::route_keys_strip_underscores
        PASS [   0.142s] (2978/4972) auto-lang ui::child_emit::tests::route_keys_fold_case_on_both_sides
        PASS [   0.139s] (2979/4972) auto-lang ui::child_emit::tests::stripped_keys_fold_case_on_both_sides
        PASS [   0.140s] (2980/4972) auto-lang ui::clipboard::tests::set_then_get_roundtrip
        PASS [   0.143s] (2981/4972) auto-lang ui::clipboard_native::tests::clipboard_files_set_get_roundtrip
        PASS [   0.143s] (2982/4972) auto-lang ui::clipboard_native::tests::clipboard_image_get_none_without_image
        PASS [   0.142s] (2983/4972) auto-lang ui::clipboard_native::tests::clipboard_image_set_get_roundtrip
        PASS [   0.142s] (2984/4972) auto-lang ui::clipboard_native::tests::dib_parse_rejects_unsupported_shapes
        PASS [   0.218s] (2985/4972) auto-lang ui::back_provision::tests::launch_provision_lifecycle_via_resolver
        PASS [   0.138s] (2986/4972) auto-lang ui::clipboard_native::tests::dib_row_order_bottom_up_vs_top_down
        PASS [   0.139s] (2987/4972) auto-lang ui::clipboard_native::tests::dibv5_roundtrip_2x3_with_alpha
        PASS [   0.153s] (2988/4972) auto-lang ui::clipboard_native::tests::dropfiles_layout_matches_win32_shape
        PASS [   0.139s] (2989/4972) auto-lang ui::clipboard_native::tests::dropfiles_parse_rejects_bad_shapes
        PASS [   0.153s] (2990/4972) auto-lang ui::clipboard_native::tests::dropfiles_roundtrip_ascii
        PASS [   0.138s] (2991/4972) auto-lang ui::clipboard_native::tests::dropfiles_roundtrip_empty_list_blob
        PASS [   0.154s] (2992/4972) auto-lang ui::clipboard_native::tests::dropfiles_roundtrip_cjk_paths
        PASS [   0.137s] (2993/4972) auto-lang ui::code_editor::core::fold::tests::build_merges_nested_bodies
        PASS [   0.108s] (2994/4972) auto-lang ui::code_editor::core::fold::tests::project_y_shifts_below_fold_only
        PASS [   0.152s] (2995/4972) auto-lang ui::code_editor::core::fold::tests::discovers_brace_regions
        PASS [   0.144s] (2996/4972) auto-lang ui::code_editor::core::fold::tests::nested_regions_discovered
        PASS [   0.156s] (2997/4972) auto-lang ui::code_editor::core::fold::tests::is_hidden_bounds
        PASS [   0.157s] (2998/4972) auto-lang ui::code_editor::core::fold::tests::hidden_range_containing
        PASS [   0.142s] (2999/4972) auto-lang ui::code_editor::core::fold::tests::no_folds_hide_nothing
        PASS [   0.142s] (3000/4972) auto-lang ui::code_editor::core::fold::tests::unclosed_brace_not_foldable
        PASS [   0.186s] (3001/4972) auto-lang ui::code_editor::core::fold::tests::else_arm_is_not_an_opener
        PASS [   0.140s] (3002/4972) auto-lang ui::code_editor::core::fold::tests::unfold_y_roundtrips_visible_lines
        PASS [   0.124s] (3003/4972) auto-lang ui::code_editor::core::highlight::tests::lang_mapping
        PASS [   0.182s] (3004/4972) auto-lang ui::code_editor::core::render::scrollbar_thumb_tests::scrollbar_thumb_survives_degenerate_track
        PASS [   0.182s] (3005/4972) auto-lang ui::code_editor::core::rope::p703_debug::debug_digest_layers
        PASS [   0.179s] (3006/4972) auto-lang ui::code_editor::core::rope::prune_span_reference::prune_spans_agree_with_naive_classifier
        PASS [   0.185s] (3007/4972) auto-lang ui::code_editor::core::rope::tests::boundary_every_char_position
        PASS [   0.178s] (3008/4972) auto-lang ui::code_editor::core::rope::tests::consecutive_and_trailing_newlines
        PASS [   0.179s] (3009/4972) auto-lang ui::code_editor::core::rope::tests::edit_at_zero_and_eof
        PASS [   0.204s] (3010/4972) auto-lang ui::code_editor::core::rope::tests::digest_basics_and_range_agreement
        PASS [   0.183s] (3011/4972) auto-lang ui::code_editor::core::rope::tests::empty_rope_ops
        PASS [   0.190s] (3012/4972) auto-lang ui::code_editor::core::rope::tests::point_queries_multibyte_columns
        PASS [   0.196s] (3013/4972) auto-lang ui::code_editor::core::rope::tests::prune_spans_classify_shared_and_diverged
        PASS [   0.209s] (3014/4972) auto-lang ui::code_editor::core::rope::tests::slice_and_line_cow
        PASS [   0.231s] (3015/4972) auto-lang ui::code_editor::core::rope::tests::subtree_equal_shared_forked_revert
        PASS [   0.231s] (3016/4972) auto-lang ui::code_editor::core::rope::tests::snapshots_stay_frozen
        PASS [   0.246s] (3017/4972) auto-lang ui::code_editor::core::rope::tests::snapshot_thread_isolation
        PASS [   0.336s] (3018/4972) auto-lang ui::code_editor::core::rope::tests::differential_seeded_batch
        PASS [   0.241s] (3019/4972) auto-lang ui::code_editor::core::tests::editor_scroll_handle_shape
        PASS [   0.998s] (3020/4972) auto-lang ui::code_editor::core::rope::tests::scale_sanity_large_document
        PASS [   2.141s] (3021/4972) auto-lang ui::code_editor::core::highlight::tests::theme_registration_is_stable
        PASS [   2.427s] (3022/4972) auto-lang ui::code_editor::core::highlight::tests::auto_syntax_is_available
        PASS [   2.433s] (3023/4972) auto-lang ui::code_editor::core::tests::core_config_diff_toggles_wrap_and_vi
        PASS [   2.378s] (3024/4972) auto-lang ui::code_editor::core::tests::core_value_diff_preserves_cursor
        PASS [   2.513s] (3025/4972) auto-lang ui::code_editor::core::tests::cjk_click_keeps_cursor_on_char_boundary
        PASS [   2.416s] (3026/4972) auto-lang ui::code_editor::core::tests::gutter_fold_chevrons_on_block_openers
        PASS [   0.406s] (3027/4972) auto-lang ui::code_editor::core::tests::push_delta_from_texts_interval_derivation
        PASS [   2.498s] (3028/4972) auto-lang ui::code_editor::core::tests::fold_column_click_toggles
        PASS [   2.604s] (3029/4972) auto-lang ui::code_editor::core::tests::core_search_highlights_and_finds
        PASS [   2.727s] (3030/4972) auto-lang ui::code_editor::core::tests::core_external_dirty_roundtrip
        PASS [   2.764s] (3031/4972) auto-lang ui::code_editor::core::tests::gutter_minimum_two_digits
        PASS [   3.299s] (3032/4972) auto-lang ui::code_editor::core::highlight::tests::syntax_system_build_wall_clock
        PASS [   3.382s] (3033/4972) auto-lang ui::code_editor::core::highlight::tests::highlight_segments_roundtrip_and_colors
        PASS [   3.212s] (3034/4972) auto-lang ui::code_editor::core::tests::core_readonly_gates_mutating_keys_keeps_navigation
        PASS [   3.539s] (3035/4972) auto-lang ui::code_editor::core::tests::commit_derived_edit_syncs_rope_and_delta
        PASS [   3.584s] (3036/4972) auto-lang ui::code_editor::core::tests::cursor_into_fold_auto_expands
        PASS [   3.762s] (3037/4972) auto-lang ui::code_editor::core::tests::core_pipeline_types_selects_undoes_and_renders
        PASS [   0.250s] (3038/4972) auto-lang ui::code_editor::diff::dirs::tests::existence_added_deleted_and_dirs
        PASS [   2.947s] (3039/4972) auto-lang ui::code_editor::core::tests::plan626_wheel_direction_clamps_at_bottom_and_noops_at_boundary
        PASS [   0.262s] (3040/4972) auto-lang ui::code_editor::diff::dirs::tests::lazy_hunks_on_modified_entry
        PASS [   0.319s] (3041/4972) auto-lang ui::code_editor::diff::dirs::tests::lazy_iteration_can_stop_early
        PASS [   0.330s] (3042/4972) auto-lang ui::code_editor::diff::dirs::tests::missing_root_is_an_error
        PASS [   0.335s] (3043/4972) auto-lang ui::code_editor::diff::dirs::tests::modified_size_and_content_and_binary
        PASS [   0.283s] (3044/4972) auto-lang ui::code_editor::diff::dirs::tests::skiplist_hidden_and_build_dirs
        PASS [   0.219s] (3045/4972) auto-lang ui::code_editor::diff::dirs::tests::uncompared_note_over_2mb
        PASS [   0.194s] (3046/4972) auto-lang ui::code_editor::diff::envelope::plan704_rows::d1_pure_add_and_del_change_rows_present
        PASS [   2.417s] (3047/4972) auto-lang ui::code_editor::core::tests::plan629_content_height_external_scroll_and_caret
        PASS [   0.239s] (3048/4972) auto-lang ui::code_editor::diff::envelope::plan704_rows::d1_multihunk_rows_match_downstream_reference
        PASS [   0.214s] (3049/4972) auto-lang ui::code_editor::diff::envelope::plan704_rows::d1_unbalanced_rows_reference
        PASS [   0.240s] (3050/4972) auto-lang ui::code_editor::diff::envelope::plan716_window::default_envelope_byte_identical_golden
        PASS [   4.267s] (3051/4972) auto-lang ui::code_editor::core::tests::plan626_scrollbar_drag_lands_shaped_normalized_scroll
        PASS [   0.230s] (3052/4972) auto-lang ui::code_editor::diff::envelope::plan716_window::window_across_hunks
        PASS [   0.254s] (3053/4972) auto-lang ui::code_editor::diff::envelope::plan716_window::window_edge_semantics
        PASS [   0.293s] (3054/4972) auto-lang ui::code_editor::diff::envelope::plan716_window::window_full_matches_default_rows
        PASS [   0.252s] (3055/4972) auto-lang ui::code_editor::diff::envelope::plan716_window::window_slicing_semantics
        PASS [   0.191s] (3056/4972) auto-lang ui::code_editor::diff::plan704_d2::d2_anchor_partition_monotone_on_reorder
        PASS [   0.215s] (3057/4972) auto-lang ui::code_editor::diff::p703_dbg::probe_imara
        PASS [   5.003s] (3058/4972) auto-lang ui::code_editor::core::render::scrollbar_thumb_tests::p530_render_rejects_nonfinite_viewport
        PASS [   0.233s] (3059/4972) auto-lang ui::code_editor::diff::tests::determinism_double_run_byte_equal
        PASS [   0.233s] (3060/4972) auto-lang ui::code_editor::diff::tests::golden_empty_vs_content
        PASS [   2.480s] (3061/4972) auto-lang ui::code_editor::core::tests::registry_code_editor_edit_forms_and_validation
        PASS [   0.340s] (3062/4972) auto-lang ui::code_editor::diff::plan704_d2::d2_swap_edit_script_counts_and_symmetry
        PASS [   0.276s] (3063/4972) auto-lang ui::code_editor::diff::tests::golden_both_empty
        PASS [   0.168s] (3064/4972) auto-lang ui::code_editor::diff::tests::golden_identical
        PASS [   2.504s] (3065/4972) auto-lang ui::code_editor::core::tests::registry_code_editor_delta_destructive_read
        PASS [   2.362s] (3066/4972) auto-lang ui::code_editor::core::tests::registry_resync_does_not_clobber_user_edits
        PASS [   0.214s] (3067/4972) auto-lang ui::code_editor::diff::tests::golden_line_move_recognized_by_histogram
        PASS [   0.165s] (3068/4972) auto-lang ui::code_editor::diff::tests::golden_pure_deletion
        PASS [   2.406s] (3069/4972) auto-lang ui::code_editor::core::tests::save_writes_rope_bytes_bare_and_reports_failures
        PASS [   0.252s] (3070/4972) auto-lang ui::code_editor::diff::tests::golden_modification
        PASS [   0.134s] (3071/4972) auto-lang ui::code_editor::diff::tests::golden_single_line_large
        PASS [   0.188s] (3072/4972) auto-lang ui::code_editor::diff::tests::golden_pure_insertion
        PASS [   0.157s] (3073/4972) auto-lang ui::code_editor::diff::tests::refinement_prefix_suffix_trim
        PASS [   0.182s] (3074/4972) auto-lang ui::code_editor::diff::tests::grouping_ctx_merge_and_clamp
        PASS [   0.198s] (3075/4972) auto-lang ui::code_editor::diff::tests::parallel_equals_serial
        PASS [   0.180s] (3076/4972) auto-lang ui::code_editor::diff::tests::refinement_char_indexed_multibyte
        PASS [   0.181s] (3077/4972) auto-lang ui::code_editor::diff::tests::snapshot_diff_handles_append_and_truncate
        PASS [   0.169s] (3078/4972) auto-lang ui::code_editor::diff::tests::split_lines_universal_matches_downstream_contract
        PASS [   0.195s] (3079/4972) auto-lang ui::code_editor::diff::tests::windowed_projection_matches_full_result_clipped
        PASS [   0.229s] (3080/4972) auto-lang ui::code_editor::diff::tests::snapshot_diff_matches_text_diff_on_edited_copy
        PASS [   5.084s] (3081/4972) auto-lang ui::code_editor::core::tests::fold_toggle_projects_render
        PASS [   0.184s] (3082/4972) auto-lang ui::code_editor::theme::tests::active_code_theme_follows_theme_switch
        PASS [   0.184s] (3083/4972) auto-lang ui::code_editor::theme::tests::for_builtin_derives_from_registry_values
        PASS [   5.109s] (3084/4972) auto-lang ui::code_editor::core::tests::load_file_sets_text_drains_delta_and_skips_last_external
        PASS [   0.188s] (3085/4972) auto-lang ui::code_editor::theme::tests::comment_scope_is_not_italic
        PASS [   2.623s] (3086/4972) auto-lang ui::code_editor::core::tests::set_cursor_places_clamps_and_reports_missing
        PASS [   0.251s] (3087/4972) auto-lang ui::code_editor::iced::gutter::tests::p530_gutter_image_rejects_oversized_bounds
        PASS [   0.182s] (3088/4972) auto-lang ui::debug::build_probe::tests::build_probe_clear_resets
        PASS [   0.116s] (3089/4972) auto-lang ui::debug::build_probe::tests::build_probe_new_defaults_to_enabled
        PASS [   0.175s] (3090/4972) auto-lang ui::debug::build_probe::tests::build_probe_collects_by_path
        PASS [   2.764s] (3091/4972) auto-lang ui::code_editor::core::tests::registry_lru_caps_growth
        PASS [   0.115s] (3092/4972) auto-lang ui::debug::build_probe::tests::entry_field_types_are_inspector_cache_types
        PASS [   0.215s] (3093/4972) auto-lang ui::debug::build_probe::tests::build_probe_accumulates_multiple_states_same_path
        PASS [   0.161s] (3094/4972) auto-lang ui::debug::build_probe::tests::build_probe_disabled_records_nothing
        PASS [   0.114s] (3095/4972) auto-lang ui::debug::build_probe::tests::record_raw_class_disabled_is_noop
        PASS [   0.298s] (3096/4972) auto-lang ui::code_editor::iced::gutter::tests::shorter_viewport_rasterizes_not_scales
        PASS [   0.112s] (3097/4972) auto-lang ui::debug::build_probe::tests::record_raw_class_round_trip_and_none_is_noop
        PASS [   2.876s] (3098/4972) auto-lang ui::code_editor::core::tests::registry_keys_dispose_and_recreates
        PASS [   0.128s] (3099/4972) auto-lang ui::debug::hit_test::tests::disjoint_rects_select_correct_one
        PASS [   0.128s] (3100/4972) auto-lang ui::debug::edit_sink::tests::debug_error_display
        PASS [   0.128s] (3101/4972) auto-lang ui::debug::hit_test::tests::empty_bounds_returns_none
        PASS [   0.144s] (3102/4972) auto-lang ui::debug::hit_test::tests::edge_exactly_on_boundary
        PASS [   0.140s] (3103/4972) auto-lang ui::debug::hit_test::tests::nested_returns_deepest
        PASS [   0.140s] (3104/4972) auto-lang ui::debug::hit_test::tests::single_rect_hit
        PASS [   0.138s] (3105/4972) auto-lang ui::debug::inspector::tests::render_info_contains_widget_and_bounds
        PASS [   0.157s] (3106/4972) auto-lang ui::debug::inspector::tests::inspect_node_basic
        PASS [   0.161s] (3107/4972) auto-lang ui::debug::inspector::tests::inspect_node_with_styles
        PASS [   7.214s] (3108/4972) auto-lang tests::ffi_dual_tests::ffi_dual_018_dep_fields
        PASS [   0.156s] (3109/4972) auto-lang ui::debug::inspector::tests::render_info_no_styles
        PASS [   0.156s] (3110/4972) auto-lang ui::debug::inspector::tests::render_info_with_styles_sorted
        PASS [   0.169s] (3111/4972) auto-lang ui::debug::inspector_cache::tests::backfill_bounds_empty_map_is_noop
        PASS [   0.169s] (3112/4972) auto-lang ui::debug::inspector_cache::tests::backfill_bounds_preserves_declared_insets_and_derives_content
        PASS [   0.170s] (3113/4972) auto-lang ui::debug::inspector_cache::tests::backfill_bounds_skips_unknown_id_str
        PASS [   0.155s] (3114/4972) auto-lang ui::debug::inspector_cache::tests::clear_empties_all_maps
        PASS [   0.155s] (3115/4972) auto-lang ui::debug::inspector_cache::tests::computed_node_default_renders_without_panic
        PASS [   0.134s] (3116/4972) auto-lang ui::debug::inspector_cache::tests::inspector_cache_get_mut_or_default_inserts
        PASS [   2.650s] (3117/4972) auto-lang ui::code_editor::core::tests::set_text_pushes_full_replace_delta
        PASS [   0.152s] (3118/4972) auto-lang ui::debug::inspector_cache::tests::iced_to_vnode_parses_vnode_hash_ids
        PASS [   0.152s] (3119/4972) auto-lang ui::debug::inspector_cache::tests::inspector_cache_round_trip_id_map
        PASS [   2.842s] (3120/4972) auto-lang ui::code_editor::core::tests::set_text_no_change_pushes_nothing
        PASS [   0.149s] (3121/4972) auto-lang ui::debug::inspector_cache::tests::set_iced_map_overwrite_removes_stale_reverse_entry
        PASS [   0.139s] (3122/4972) auto-lang ui::debug::inspector_cache::tests::summary_with_bounds_includes_geometry
        PASS [   0.138s] (3123/4972) auto-lang ui::debug::overlay::tests::generate_overlay_empty
        PASS [   0.152s] (3124/4972) auto-lang ui::debug::overlay::tests::generate_overlay_both
        PASS [   0.135s] (3125/4972) auto-lang ui::debug::overlay::tests::generate_overlay_hovered_only
        PASS [   0.149s] (3126/4972) auto-lang ui::debug::overlay::tests::generate_overlay_missing_bounds_produces_none
        PASS [   0.151s] (3127/4972) auto-lang ui::debug::overlay::tests::overlay_rect_copies_bounds
        PASS [   0.152s] (3128/4972) auto-lang ui::debug::overlay::tests::generate_overlay_selected_only
        PASS [   0.152s] (3129/4972) auto-lang ui::debug::primitives::tests::box_model_from_bounds
        PASS [   2.608s] (3130/4972) auto-lang ui::code_editor::core::tests::set_text_resync_after_edit_keeps_cursor_on_boundary
        PASS [   0.184s] (3131/4972) auto-lang ui::debug::primitives::tests::box_model_border_box
        PASS [   0.184s] (3132/4972) auto-lang ui::debug::primitives::tests::box_model_margin_box
        PASS [   0.169s] (3133/4972) auto-lang ui::debug::primitives::tests::box_model_padding_box
        PASS [   2.543s] (3134/4972) auto-lang ui::code_editor::core::tests::three_sources_share_one_delta_stream
        PASS [   0.171s] (3135/4972) auto-lang ui::debug::primitives::tests::edge_insets_is_zero
        PASS [   0.185s] (3136/4972) auto-lang ui::debug::primitives::tests::box_model_render
        PASS [   0.168s] (3137/4972) auto-lang ui::debug::primitives::tests::edge_insets_uniform
        PASS [   0.168s] (3138/4972) auto-lang ui::debug::primitives::tests::rect_contains_point
        PASS [   0.185s] (3139/4972) auto-lang ui::debug::primitives::tests::edge_insets_symmetric
        PASS [   0.169s] (3140/4972) auto-lang ui::debug::source_map::tests::add_and_retrieve_mapping
        PASS [   0.169s] (3141/4972) auto-lang ui::debug::source_map::tests::clear_empties_map
        PASS [   0.173s] (3142/4972) auto-lang ui::debug::source_map::tests::get_missing_returns_none
        PASS [   0.185s] (3143/4972) auto-lang ui::debug::source_map::tests::default_source_map_is_empty
        PASS [   0.185s] (3144/4972) auto-lang ui::debug::source_map::tests::multiple_mappings
        PASS [   0.170s] (3145/4972) auto-lang ui::debug::source_map::tests::overwrite_mapping
        PASS [   0.188s] (3146/4972) auto-lang ui::debug::source_map::tests::new_source_map_is_empty
        PASS [   0.155s] (3147/4972) auto-lang ui::debug::source_map::tests::remove_mapping
        PASS [   2.550s] (3148/4972) auto-lang ui::code_editor::core::tests::unhandled_ctrl_letter_bubbles_for_app_shortcuts
        PASS [   0.168s] (3149/4972) auto-lang ui::debug::source_map::tests::source_location_display_multi_line
        PASS [   0.155s] (3150/4972) auto-lang ui::debug::source_map::tests::source_location_display_single_line
        PASS [   0.140s] (3151/4972) auto-lang ui::debug::style_probe::tests::style_probe_invalid_class_returns_empty
        PASS [   0.140s] (3152/4972) auto-lang ui::debug::style_probe::tests::style_probe_empty_input
        PASS [   0.140s] (3153/4972) auto-lang ui::debug::style_probe::tests::style_probe_padding_x_expands
        PASS [   0.139s] (3154/4972) auto-lang ui::debug::style_probe::tests::style_probe_parses_class_string
        PASS [   0.139s] (3155/4972) auto-lang ui::debug::style_probe::tests::style_probe_skips_unknown_keeps_known
        PASS [   0.137s] (3156/4972) auto-lang ui::debug::style_probe::tests::style_probe_text_color_maps_to_color
        PASS [   0.153s] (3157/4972) auto-lang ui::debug::tests::deselect_clears_panel
        PASS [   0.139s] (3158/4972) auto-lang ui::debug::tests::deselect_returns_to_inspect_only
        PASS [   0.139s] (3159/4972) auto-lang ui::debug::tests::overlay_hovered_and_selected
        PASS [   0.151s] (3160/4972) auto-lang ui::debug::tests::panel_render_info_empty
        PASS [   0.152s] (3161/4972) auto-lang ui::debug::tests::panel_render_info_with_selection
        PASS [   0.153s] (3162/4972) auto-lang ui::debug::tests::select_hovered_transitions_to_panel_open
        PASS [   0.155s] (3163/4972) auto-lang ui::debug::tests::select_node_no_source_by_default
        PASS [   0.142s] (3164/4972) auto-lang ui::debug::tests::select_node_populates_box_model
        PASS [   0.155s] (3165/4972) auto-lang ui::debug::tests::select_node_noop_when_disabled
        PASS [   0.138s] (3166/4972) auto-lang ui::debug::tests::set_bounds_bulk_replace
        PASS [   0.138s] (3167/4972) auto-lang ui::debug::tests::select_node_transitions_to_panel_open
        PASS [   0.153s] (3168/4972) auto-lang ui::debug::tests::select_node_populates_panel_info
        PASS [   0.170s] (3169/4972) auto-lang ui::debug::tests::select_node_with_source_map
        PASS [   0.171s] (3170/4972) auto-lang ui::debug::tests::source_map_integration_with_layer
        PASS [   0.188s] (3171/4972) auto-lang ui::debug::tests::toggle_clears_state_on_disable
        PASS [   0.172s] (3172/4972) auto-lang ui::debug::tests::toggle_enables_and_disables
        PASS [   0.172s] (3173/4972) auto-lang ui::debug::tests::toggle_off_clears_panel
        PASS [   0.170s] (3174/4972) auto-lang ui::debug::tests::update_hover_finds_deepest_node
        PASS [   0.170s] (3175/4972) auto-lang ui::debug::tests::update_hover_miss_returns_none
        PASS [   0.185s] (3176/4972) auto-lang ui::debug::tests::update_hover_noop_when_disabled
        PASS [   0.188s] (3177/4972) auto-lang ui::desktop_config::tests::desktop_icons_seed_only_when_missing
        PASS [   0.171s] (3178/4972) auto-lang ui::desktop_config::tests::file_present_legacy_ignored
        PASS [   0.171s] (3179/4972) auto-lang ui::desktop_config::tests::hash_in_quotes_survives_comment_strip
        PASS [   0.185s] (3180/4972) auto-lang ui::desktop_config::tests::dock_pinned_empty_table_semantics
        PASS [   0.172s] (3181/4972) auto-lang ui::desktop_config::tests::migration_from_legacy_keys_one_shot
        PASS [   0.174s] (3182/4972) auto-lang ui::desktop_config::tests::no_file_no_legacy_is_default
        PASS [   0.173s] (3183/4972) auto-lang ui::desktop_config::tests::parse_bad_values_fall_back_to_defaults
        PASS [   0.170s] (3184/4972) auto-lang ui::desktop_config::tests::per_theme_boot_applies_matching_slot
        PASS [   0.170s] (3185/4972) auto-lang ui::desktop_config::tests::parse_empty_is_default
        PASS [   0.171s] (3186/4972) auto-lang ui::desktop_config::tests::per_theme_empty_current_slot_seeds_from_single_value
        PASS [   0.185s] (3187/4972) auto-lang ui::desktop_config::tests::parse_full_config_all_fields
        PASS [   0.185s] (3188/4972) auto-lang ui::desktop_config::tests::per_theme_migration_seeds_current_theme_slot
        PASS [   0.170s] (3189/4972) auto-lang ui::desktop_config::tests::per_theme_wallpaper_slots_round_trip
        PASS [   0.169s] (3190/4972) auto-lang ui::desktop_config::tests::save_after_external_edit_preserves_fields
        PASS [   0.171s] (3191/4972) auto-lang ui::desktop_config::tests::save_merges_external_field_changes
        PASS [   0.154s] (3192/4972) auto-lang ui::desktop_config::tests::serialize_round_trip
        PASS [   0.168s] (3193/4972) auto-lang ui::desktop_config::tests::save_to_round_trip
        PASS [   0.154s] (3194/4972) auto-lang ui::desktop_config::tests::theme_source_parse_serialize_roundtrip
        PASS [   0.169s] (3195/4972) auto-lang ui::desktop_config::tests::theme_name_roundtrip
        PASS [   0.169s] (3196/4972) auto-lang ui::desktop_config::tests::wallpaper_request_parse_serialize_roundtrip
        PASS [   0.169s] (3197/4972) auto-lang ui::desktop_protocol::broker::tests::serve_once_adopts_adopt_record
        PASS [   0.172s] (3198/4972) auto-lang ui::desktop_protocol::client_entry::tests::desktop_connect_adopts_live_serve
        PASS [   0.169s] (3199/4972) auto-lang ui::desktop_protocol::client_entry::tests::vm_queue_arm_assembly_covered
        PASS [   0.184s] (3200/4972) auto-lang ui::desktop_protocol::client_runtime::tests::fstr_template_matches_parser_shape
        PASS [   0.215s] (3201/4972) auto-lang ui::desktop_protocol::broker::tests::enable_broker_incubates_into_real_session
        PASS [   0.185s] (3202/4972) auto-lang ui::desktop_protocol::client_runtime::tests::projector_click_dispatches_vm_handler
        PASS [   0.185s] (3203/4972) auto-lang ui::desktop_protocol::client_runtime::tests::handler_token_rules
        FAIL [   0.185s] (3204/4972) auto-lang ui::desktop_protocol::client_runtime::tests::projector_counter_layout_and_hits
  stdout ───

    running 1 test
    test ui::desktop_protocol::client_runtime::tests::projector_counter_layout_and_hits ... FAILED

    failures:

    failures:
        ui::desktop_protocol::client_runtime::tests::projector_counter_layout_and_hits

    test result: FAILED. 0 passed; 1 failed; 0 ignored; 0 measured; 6501 filtered out; finished in 0.01s

  stderr ───

    thread 'ui::desktop_protocol::client_runtime::tests::projector_counter_layout_and_hits' (7780) panicked at crates\auto-lang\src\ui\desktop_protocol\client_runtime.rs:1004:9:
    assertion `left == right` failed: 按钮 = 底盒 + 四边描边
      left: 1
     right: 5
    note: run with `RUST_BACKTRACE=1` environment variable to display a backtrace

        PASS [   0.171s] (3205/4972) auto-lang ui::desktop_protocol::codec::tests::bool_rejects_non_01
        PASS [   0.172s] (3206/4972) auto-lang ui::desktop_protocol::codec::tests::envelope_round_trip_and_golden
        PASS [   0.188s] (3207/4972) auto-lang ui::desktop_protocol::codec::tests::envelope_rejects_bad_magic_version_channel
        PASS [   0.170s] (3208/4972) auto-lang ui::desktop_protocol::codec::tests::primitive_round_trip
        PASS [   0.172s] (3209/4972) auto-lang ui::desktop_protocol::coverage::tests::backdrop_glass_style_queue_arm_not_rejected
        PASS [   0.173s] (3210/4972) auto-lang ui::desktop_protocol::coverage::p034_ring_probe::p034_ring_tokens_admitted
        PASS [   0.186s] (3211/4972) auto-lang ui::desktop_protocol::coverage::tests::covered_elements_within_target_set
        PASS [   0.192s] (3212/4972) auto-lang ui::desktop_protocol::coverage::tests::effective_mode_probe_and_downgrade
        PASS [   0.269s] (3213/4972) auto-lang ui::desktop_protocol::client_runtime::tests::run_client_full_cycle_over_pipe
        PASS [   0.161s] (3214/4972) auto-lang ui::desktop_protocol::coverage::tests::empty_scan_covered
        PASS [   0.222s] (3215/4972) auto-lang ui::desktop_protocol::codec::tests::reader_rejects_short_and_trailing
        PASS [   0.145s] (3216/4972) auto-lang ui::desktop_protocol::coverage::tests::examples_001_005_all_covered
        PASS [   0.144s] (3217/4972) auto-lang ui::desktop_protocol::coverage::tests::native_auto_default_flipped_to_queue
        PASS [   0.145s] (3218/4972) auto-lang ui::desktop_protocol::coverage::tests::native_gate_accepts_003_style_tokens
        PASS [   0.143s] (3219/4972) auto-lang ui::desktop_protocol::coverage::tests::native_gate_accepts_004_style_tokens
        PASS [   0.396s] (3220/4972) auto-lang ui::desktop_protocol::broker::tests::broker_incubation_full_flow
        PASS [   0.143s] (3221/4972) auto-lang ui::desktop_protocol::coverage::tests::render_mode_resolution_chain
        PASS [   0.155s] (3222/4972) auto-lang ui::desktop_protocol::coverage::tests::param_handler_listed
        PASS [   0.158s] (3223/4972) auto-lang ui::desktop_protocol::coverage::tests::scan_inventory_matches_source_shape
        PASS [   0.146s] (3224/4972) auto-lang ui::desktop_protocol::coverage::tests::tier1_display_family_auto_eligible
        PASS [   0.157s] (3225/4972) auto-lang ui::desktop_protocol::dual_mode::dual_mode_child_body
        PASS [   0.157s] (3226/4972) auto-lang ui::desktop_protocol::coverage::tests::uncovered_widget_and_layout_listed
        PASS [   0.193s] (3227/4972) auto-lang ui::desktop_protocol::coverage::tests::t7_families_all_pass_native_gate
        PASS [   0.189s] (3228/4972) auto-lang ui::desktop_protocol::demo::tests::counter_loopback_zero_clicks_still_complete
        PASS [   0.189s] (3229/4972) auto-lang ui::desktop_protocol::coverage::tests::unsupported_style_token_listed
        PASS [   0.196s] (3230/4972) auto-lang ui::desktop_protocol::e2e_exe_tests::stale_guard_detects_newer_source
        PASS [   0.354s] (3231/4972) auto-lang ui::desktop_protocol::coverage::tests::native_gate_examples_012_041_covered
        PASS [   0.263s] (3232/4972) auto-lang ui::desktop_protocol::demo::tests::counter_loopback_demo_parity_with_direct_mount
        PASS [   0.149s] (3233/4972) auto-lang ui::desktop_protocol::endpoint::tests::frame_and_ack_double_buffer_cycle
        PASS [   0.320s] (3234/4972) auto-lang ui::desktop_protocol::coverage::tests::shell_pack_native_covered
        PASS [   0.185s] (3235/4972) auto-lang ui::desktop_protocol::endpoint::tests::desktop_bus_uplink_produces_action
        PASS [   0.145s] (3236/4972) auto-lang ui::desktop_protocol::endpoint::tests::host_close_then_exit_handshake_then_reclaim
        PASS [   0.166s] (3237/4972) auto-lang ui::desktop_protocol::endpoint::tests::happy_path_handshake_to_active
        PASS [   0.135s] (3238/4972) auto-lang ui::desktop_protocol::endpoint::tests::l2_detach_attach_round_trip_state_continuous
        PASS [   0.166s] (3239/4972) auto-lang ui::desktop_protocol::endpoint::tests::illegal_transitions_rejected
        PASS [   0.153s] (3240/4972) auto-lang ui::desktop_protocol::endpoint::tests::input_dispatch_increments_session
        PASS [   0.132s] (3241/4972) auto-lang ui::desktop_protocol::endpoint::tests::multi_surface_handshake_and_frame_routing
        PASS [   0.716s] (3242/4972) auto-lang ui::desktop_protocol::broker::tests::adjudicate_three_steps
        PASS [   0.133s] (3243/4972) auto-lang ui::desktop_protocol::endpoint::tests::observe_attach_and_uplink
        PASS [   0.217s] (3244/4972) auto-lang ui::desktop_protocol::host::tests::pointer_routes_via_wm_hit_test_to_local_coords
        PASS [   0.289s] (3245/4972) auto-lang ui::desktop_protocol::headless::tests::p683_t00_converter_headless_first_frame
        PASS [   0.200s] (3246/4972) auto-lang ui::desktop_protocol::loopback::tests::fifo_ordering_preserved
        PASS [   0.211s] (3247/4972) auto-lang ui::desktop_protocol::loopback::tests::corrupted_bytes_surface_codec_error
        PASS [   0.555s] (3248/4972) auto-lang ui::desktop_protocol::dual_mode::dual_mode_spawn_client_two_process
        PASS [   0.293s] (3249/4972) auto-lang ui::desktop_protocol::headless::tests::p683_t00_helloworld_headless_first_frame
        PASS [   0.285s] (3250/4972) auto-lang ui::desktop_protocol::host::tests::control_uplink_and_observe_inboxes
        PASS [   0.332s] (3251/4972) auto-lang ui::desktop_protocol::headless::tests::p683_t01_v2_first_frame_round_trip
        PASS [   0.234s] (3252/4972) auto-lang ui::desktop_protocol::loopback::tests::pair_delivers_encoded_bytes
        PASS [   0.331s] (3253/4972) auto-lang ui::desktop_protocol::headless::tests::p683_t03_v2_paint_replay
        PASS [   0.323s] (3254/4972) auto-lang ui::desktop_protocol::headless::tests::p690_ime_capture_and_preedit_round_trip
        PASS [   0.288s] (3255/4972) auto-lang ui::desktop_protocol::host::tests::reclaim_removes_win_app_surface_and_notifies
        PASS [   0.315s] (3256/4972) auto-lang ui::desktop_protocol::host::tests::incubation_allocates_real_session_objects
        PASS [   0.122s] (3257/4972) auto-lang ui::desktop_protocol::message::tests::control_channel_round_trip
        PASS [   0.147s] (3258/4972) auto-lang ui::desktop_protocol::message::tests::display_list_v2_round_trip_and_golden
        PASS [   0.130s] (3259/4972) auto-lang ui::desktop_protocol::message::tests::frame_channel_round_trip
        PASS [   0.144s] (3260/4972) auto-lang ui::desktop_protocol::message::tests::frame_ready_pixels_golden_bytes
        PASS [   0.144s] (3261/4972) auto-lang ui::desktop_protocol::message::tests::frame_mode_tail_field_backward_compat
        PASS [   0.151s] (3262/4972) auto-lang ui::desktop_protocol::message::tests::display_list_v2_v1_compat_and_lift
        PASS [   0.130s] (3263/4972) auto-lang ui::desktop_protocol::message::tests::handshake_channel_round_trip
        PASS [   0.122s] (3264/4972) auto-lang ui::desktop_protocol::message::tests::image_op_round_trip_and_golden
        PASS [   0.133s] (3265/4972) auto-lang ui::desktop_protocol::message::tests::input_channel_round_trip
        PASS [   0.146s] (3266/4972) auto-lang ui::desktop_protocol::message::tests::p034_bitmap_wire_round_trip
        PASS [   0.147s] (3267/4972) auto-lang ui::desktop_protocol::message::tests::p034_bufferalloc_bm_tail_backward_compat
        PASS [   0.155s] (3268/4972) auto-lang ui::desktop_protocol::message::tests::observe_channel_round_trip
        PASS [   0.150s] (3269/4972) auto-lang ui::desktop_protocol::message::tests::per_channel_golden_bytes
        PASS [   0.174s] (3270/4972) auto-lang ui::desktop_protocol::message::tests::rejects_unknown_tags_and_corruption
        PASS [   0.151s] (3271/4972) auto-lang ui::desktop_protocol::message::tests::shell_projection_golden_bytes
        PASS [   0.157s] (3272/4972) auto-lang ui::desktop_protocol::message::tests::scissor_ops_round_trip_and_golden
        PASS [   0.150s] (3273/4972) auto-lang ui::desktop_protocol::message::tests::text_styled_round_trip_and_golden
        PASS [   0.169s] (3274/4972) auto-lang ui::desktop_protocol::native_projector::tests::absolute_overlay_golden
        PASS [   0.177s] (3275/4972) auto-lang ui::desktop_protocol::native_projector::tests::autocenter_centers_small_content
        PASS [   0.171s] (3276/4972) auto-lang ui::desktop_protocol::native_projector::tests::autocenter_env_gate_bypasses_translation
        PASS [   0.178s] (3277/4972) auto-lang ui::desktop_protocol::native_projector::tests::autocenter_exempts_explicit_viewport_classes
        PASS [   0.166s] (3278/4972) auto-lang ui::desktop_protocol::native_projector::tests::autocenter_translates_hits_with_ops
        PASS [   0.164s] (3279/4972) auto-lang ui::desktop_protocol::native_projector::tests::center_container_golden
        PASS [   0.177s] (3280/4972) auto-lang ui::desktop_protocol::native_projector::tests::coverage_gate_lists_unsupported_style
        PASS [   0.182s] (3281/4972) auto-lang ui::desktop_protocol::native_projector::tests::coverage_gate_refuses_uncovered_family
        PASS [   0.148s] (3282/4972) auto-lang ui::desktop_protocol::native_projector::tests::disabled_button_no_hit_region
        PASS [   0.135s] (3283/4972) auto-lang ui::desktop_protocol::native_projector::tests::display_family_placeholder_golden
        PASS [   0.149s] (3284/4972) auto-lang ui::desktop_protocol::native_projector::tests::dynamic_branch_uncovered_placeholder_tracked
        PASS [   0.174s] (3285/4972) auto-lang ui::desktop_protocol::native_projector::tests::fixed_sticky_degraded_inflow_golden
        PASS [   0.145s] (3286/4972) auto-lang ui::desktop_protocol::native_projector::tests::golden_counter_frame_shape
        PASS [   0.161s] (3287/4972) auto-lang ui::desktop_protocol::native_projector::tests::focus_edit_closure_converter
        PASS [   0.153s] (3288/4972) auto-lang ui::desktop_protocol::native_projector::tests::grid_layout_and_hit_golden
        PASS [   0.154s] (3289/4972) auto-lang ui::desktop_protocol::native_projector::tests::hidden_responsive_override_visible
        PASS [   0.162s] (3290/4972) auto-lang ui::desktop_protocol::native_projector::tests::hidden_display_none_golden
        PASS [   0.165s] (3291/4972) auto-lang ui::desktop_protocol::native_projector::tests::hit_dispatch_increments_and_reframes
        PASS [   0.164s] (3292/4972) auto-lang ui::desktop_protocol::native_projector::tests::ime_commit_preedit_cancelled_loop
        PASS [   0.150s] (3293/4972) auto-lang ui::desktop_protocol::native_projector::tests::mousearea_hit_priority_and_context_menu
        PASS [   0.194s] (3294/4972) auto-lang ui::desktop_protocol::native_projector::tests::input_golden_placeholder_value_focus_border
        PASS [   0.145s] (3295/4972) auto-lang ui::desktop_protocol::native_projector::tests::native_queue_golden_003_shape
        PASS [   0.195s] (3296/4972) auto-lang ui::desktop_protocol::native_projector::tests::p033_desktop_cmd_drain
        PASS [   0.185s] (3297/4972) auto-lang ui::desktop_protocol::native_projector::tests::p033_vm_input_writeback_single_param
        PASS [   1.396s] (3298/4972) auto-lang ui::desktop_protocol::coverage::tests::native_flip_coverage_data_row
        PASS [   0.212s] (3299/4972) auto-lang ui::desktop_protocol::native_projector::tests::p033_vm_input_writeback_zero_param
        PASS [   0.304s] (3300/4972) auto-lang ui::desktop_protocol::native_projector::tests::native_client_full_cycle_over_pipe
        PASS [   0.220s] (3301/4972) auto-lang ui::desktop_protocol::native_projector::tests::p034_canvas_snapshot_arm_projects_and_uploads
        PASS [   0.172s] (3302/4972) auto-lang ui::desktop_protocol::native_projector::tests::popover_modal_scrim_order
        PASS [   0.219s] (3303/4972) auto-lang ui::desktop_protocol::native_projector::tests::poll_tick_fires_on_interval
        PASS [   0.204s] (3304/4972) auto-lang ui::desktop_protocol::native_projector::tests::popover_geometry_all_placements
        PASS [   0.165s] (3305/4972) auto-lang ui::desktop_protocol::native_projector::tests::popover_open_closed_render_and_hit_semantics
        PASS [   0.114s] (3306/4972) auto-lang ui::desktop_protocol::native_projector::tests::right_click_dispatch
        PASS [   0.122s] (3307/4972) auto-lang ui::desktop_protocol::native_projector::tests::scrollable_scissor_frame_and_wheel
        PASS [   0.106s] (3308/4972) auto-lang ui::desktop_protocol::native_projector::tests::select_closed_golden_and_open
        PASS [   0.325s] (3309/4972) auto-lang ui::desktop_protocol::native_projector::tests::p033_vm_timer_poll_tick
        PASS [   0.367s] (3310/4972) auto-lang ui::desktop_protocol::native_projector::tests::native_form_full_cycle_over_pipe
        PASS [   0.116s] (3311/4972) auto-lang ui::desktop_protocol::native_projector::tests::select_esc_closes
        PASS [   0.115s] (3312/4972) auto-lang ui::desktop_protocol::native_projector::tests::select_option_dispatch_and_close
        PASS [   0.109s] (3313/4972) auto-lang ui::desktop_protocol::native_projector::tests::select_outside_click_closes_only
        PASS [   0.112s] (3314/4972) auto-lang ui::desktop_protocol::native_projector::tests::slider_geometry_golden
        PASS [   0.140s] (3315/4972) auto-lang ui::desktop_protocol::native_projector::tests::slider_track_click_dispatch
        PASS [   0.148s] (3316/4972) auto-lang ui::desktop_protocol::native_projector::tests::self_center_aligns_golden
        PASS [   0.139s] (3317/4972) auto-lang ui::desktop_protocol::native_projector::tests::style_grid_golden_isomorphic_to_variant
        PASS [   0.180s] (3318/4972) auto-lang ui::desktop_protocol::native_projector::tests::tabs_tray_golden_and_select_loopback
        PASS [   0.166s] (3319/4972) auto-lang ui::desktop_protocol::native_projector::tests::textarea_multiline_golden
        PASS [   0.170s] (3320/4972) auto-lang ui::desktop_protocol::native_projector::tests::thumbnail_preview_bridge_src_grammar
        PASS [   0.154s] (3321/4972) auto-lang ui::desktop_protocol::native_projector::tests::toggle_golden_and_dispatch
        PASS [   0.156s] (3322/4972) auto-lang ui::desktop_protocol::native_projector::tests::vertical_items_center_centers_natural_width_children
        PASS [   0.172s] (3323/4972) auto-lang ui::desktop_protocol::pixels::tests::native_pixels_child_two_process
        PASS [   0.178s] (3324/4972) auto-lang ui::desktop_protocol::remote::host_body::p508_remote_host_body
        PASS [   0.214s] (3325/4972) auto-lang ui::desktop_protocol::pixels::tests::pixels_child_frame_increment
        PASS [   0.156s] (3326/4972) auto-lang ui::desktop_protocol::remote::ts_fixtures::p034_ts_bitmap_tag10_crosscheck
        PASS [   0.170s] (3327/4972) auto-lang ui::desktop_protocol::remote::ts_fixtures::p508_ts_crosscheck_golden_bytes
        PASS [   0.164s] (3328/4972) auto-lang ui::desktop_protocol::render_cli::tests::base_parse_value_domain
        PASS [   0.153s] (3329/4972) auto-lang ui::desktop_protocol::render_cli::tests::parse_desktop_endpoint_window_title
        PASS [   0.141s] (3330/4972) auto-lang ui::desktop_protocol::render_cli::tests::parse_malformed_known_args_err
        PASS [   0.162s] (3331/4972) auto-lang ui::desktop_protocol::render_cli::tests::parse_last_wins_on_repeat
        PASS [   0.175s] (3332/4972) auto-lang ui::desktop_protocol::render_cli::tests::parse_three_modes_and_sugar
        PASS [   0.202s] (3333/4972) auto-lang ui::desktop_protocol::render_cli::tests::priority_chain_cli_beats_env_beats_pac
        PASS [   0.186s] (3334/4972) auto-lang ui::desktop_protocol::render_cli::tests::priority_chain_defaults_and_skips
        PASS [   0.153s] (3335/4972) auto-lang ui::desktop_protocol::render_cli::tests::sidecar_pac_read_and_absent
        PASS [   0.200s] (3336/4972) auto-lang ui::desktop_protocol::rqhost::tests::adopt_unknown_app_reaches_active_without_load
        PASS [   0.141s] (3337/4972) auto-lang ui::desktop_protocol::rqhost::tests::lock_pipe_second_claim_fails
        PASS [   0.421s] (3338/4972) auto-lang ui::desktop_protocol::remote::tests::t2_remote_ws_session_end_to_end
        PASS [   1.956s] (3339/4972) auto-lang ui::desktop_protocol::coverage::tests::native_not_yet_kind_inventory
        PASS [   0.227s] (3340/4972) auto-lang ui::desktop_protocol::rqhost::tests::large_frame_falls_back_to_pipe_payload
        PASS [   0.225s] (3341/4972) auto-lang ui::desktop_protocol::rqhost::tests::multi_client_concurrent_adoption
        PASS [   0.127s] (3342/4972) auto-lang ui::desktop_protocol::rqhost::tests::reconnect_policy_variants
        PASS [   0.183s] (3343/4972) auto-lang ui::desktop_protocol::rqhost::tests::pump_frames_reclaim_and_eof
        PASS [   0.253s] (3344/4972) auto-lang ui::desktop_protocol::rqhost::tests::p034_bitmap_channel_inproc_roundtrip
        PASS [   0.112s] (3345/4972) auto-lang ui::desktop_protocol::sendinput::tests::send_empty_is_zero
        PASS [   0.181s] (3346/4972) auto-lang ui::desktop_protocol::rqhost::tests::vm_fork_client_credentials_and_lifecycle
        PASS [   0.107s] (3347/4972) auto-lang ui::desktop_protocol::sendinput::tests::unicode_inputs_field_roundtrip
        PASS [   0.414s] (3348/4972) auto-lang ui::desktop_protocol::rqhost::tests::input_routes_by_window_without_crosstalk
        PASS [   0.263s] (3349/4972) auto-lang ui::desktop_protocol::rqhost::tests::rendezvous_roundtrip_and_probe_swallow
        PASS [   0.115s] (3350/4972) auto-lang ui::desktop_protocol::sendinput::tests::win64_input_layout_pinned
        PASS [   0.156s] (3351/4972) auto-lang ui::desktop_protocol::sendinput::tests::vk_inputs_pair
        PASS [   0.230s] (3352/4972) auto-lang ui::desktop_protocol::rqhost::tests::rqhost_full_cycle_over_pipe
        PASS [   0.462s] (3353/4972) auto-lang ui::desktop_protocol::rqhost::tests::p690_ime_downlink_arrival_and_zero_resize_guard
        PASS [   0.123s] (3354/4972) auto-lang ui::desktop_protocol::shm::tests::shm_draw_list_round_trip_via_slot
        PASS [   0.154s] (3355/4972) auto-lang ui::desktop_protocol::shell_client::tests::surface_frames_slot_rotation
        PASS [   0.235s] (3356/4972) auto-lang ui::desktop_protocol::shell_client::tests::shell_faces_dashboard_lazy_mount_apply
        PASS [   0.237s] (3357/4972) auto-lang ui::desktop_protocol::shell_client::tests::shell_faces_key_bind_routing
        PASS [   0.203s] (3358/4972) auto-lang ui::desktop_protocol::shm::tests::shm_create_open_write_read
        PASS [   0.203s] (3359/4972) auto-lang ui::desktop_protocol::shell_client::tests::shell_geometry_roundtrip
        PASS [   0.543s] (3360/4972) auto-lang ui::desktop_protocol::rqhost::tests::p683_t02_typing_remote_v2_loop
        PASS [   0.249s] (3361/4972) auto-lang ui::desktop_protocol::shell_client::tests::shell_faces_projection_apply_and_drain
        PASS [   0.280s] (3362/4972) auto-lang ui::desktop_protocol::shell_client::tests::shell_faces_overlay_lazy_mount_apply
        PASS [   0.122s] (3363/4972) auto-lang ui::desktop_protocol::shm::tests::shm_empty_slot_reports_eof
        PASS [   0.123s] (3364/4972) auto-lang ui::desktop_protocol::stage3::tests::broker_pixels_compose_front_buffer
        PASS [   0.512s] (3365/4972) auto-lang ui::desktop_protocol::rqhost::tests::vm_typing_loop_over_pipe
        PASS [   0.183s] (3366/4972) auto-lang ui::desktop_protocol::stage3::tests::broker_ime_production_routes
        PASS [   0.133s] (3367/4972) auto-lang ui::desktop_protocol::stage3::tests::p020_metrics_native_arm
        PASS [   0.137s] (3368/4972) auto-lang ui::desktop_protocol::stage3::tests::p020_native_exe_arm
        PASS [   0.137s] (3369/4972) auto-lang ui::desktop_protocol::stage3::tests::p025_native_input_arm
        PASS [   0.186s] (3370/4972) auto-lang ui::desktop_protocol::stage3::tests::broker_input_production_routes
        PASS [   0.150s] (3371/4972) auto-lang ui::desktop_protocol::stage3::tests::p026_native_display_arm
        PASS [   0.153s] (3372/4972) auto-lang ui::desktop_protocol::stage3::tests::p028_image_arm
        PASS [   0.141s] (3373/4972) auto-lang ui::desktop_protocol::stage3::tests::p029_live_input_arm
        PASS [   2.419s] (3374/4972) auto-lang ui::desktop_protocol::editor_frame::tests::ime_preedit_shows_in_frame_then_commit_lands_in_buffer
        PASS [   2.458s] (3375/4972) auto-lang ui::desktop_protocol::editor_frame::tests::cache_control_keys_stable_and_versioned
        PASS [   2.430s] (3376/4972) auto-lang ui::desktop_protocol::editor_frame::tests::typed_text_lands_as_text_runs_in_frame
        PASS [   0.171s] (3377/4972) auto-lang ui::desktop_protocol::stage3::tests::p029_shell_face_arm
        PASS [   0.123s] (3378/4972) auto-lang ui::desktop_protocol::stage3::tests::p031_rqhost_arm
        PASS [   0.124s] (3379/4972) auto-lang ui::desktop_protocol::stage3::tests::p032_ramp3_flip_arm
        PASS [   0.138s] (3380/4972) auto-lang ui::desktop_protocol::stage3::tests::p030_shell_outproc_arm
        PASS [   0.106s] (3381/4972) auto-lang ui::desktop_protocol::stage3::tests::p034_memory_matrix_leg
        PASS [   0.126s] (3382/4972) auto-lang ui::desktop_protocol::stage3::tests::p033_rq_unify_arm
        PASS [   0.134s] (3383/4972) auto-lang ui::desktop_protocol::stage3::tests::p034_rqhost_maturity_arm
        PASS [   0.154s] (3384/4972) auto-lang ui::desktop_protocol::stage3::tests::p036_all_faces_outproc_arm
        PASS [   0.140s] (3385/4972) auto-lang ui::desktop_protocol::stage3::tests::p508_g2_outproc_arm
        PASS [   2.537s] (3386/4972) auto-lang ui::desktop_protocol::editor_frame::tests::protocol_input_lowerset_matches_core_direct
        PASS [   0.139s] (3387/4972) auto-lang ui::desktop_protocol::stage3::tests::p694_desktop_dialect_ring
        PASS [   0.140s] (3388/4972) auto-lang ui::desktop_protocol::stage3::tests::stage3_child_body
        PASS [   0.989s] (3389/4972) auto-lang ui::desktop_protocol::rqhost::tests::ensure_ready_spawns_with_backoff
        PASS [   0.153s] (3390/4972) auto-lang ui::desktop_protocol::stage3::tests::t3_child_body
        PASS [   0.204s] (3391/4972) auto-lang ui::desktop_protocol::transport::tests::drain_frames_splits_and_keeps_residual
        PASS [   0.253s] (3392/4972) auto-lang ui::desktop_protocol::stage3::tests::stage3_l3_v2a_snapshot_migration
        PASS [   0.258s] (3393/4972) auto-lang ui::desktop_protocol::transport::tests::loopback_via_transport_trait
        PASS [   0.235s] (3394/4972) auto-lang ui::desktop_protocol::transport::tests::ws_tests::ws_binary_message_is_envelope
        PASS [   0.251s] (3395/4972) auto-lang ui::desktop_protocol::transport::tests::named_pipe_eof_after_peer_drop
        PASS [   1.210s] (3396/4972) auto-lang ui::desktop_protocol::rqhost::tests::last_window_close_exits_daemon
        PASS [   0.297s] (3397/4972) auto-lang ui::desktop_protocol::transport::tests::ws_tests::ws_eof_after_peer_drop
        PASS [   0.197s] (3398/4972) auto-lang ui::dynamic::plan652_timesource::plan652_child_tick_collected_in_timesources
        PASS [   0.197s] (3399/4972) auto-lang ui::dynamic::p625_t10_spike::p625_t10_renamed_demo_child_renders
        PASS [   0.337s] (3400/4972) auto-lang ui::desktop_protocol::transport::tests::named_pipe_pair_round_trip
        PASS [   0.278s] (3401/4972) auto-lang ui::desktop_protocol::transport::tests::ws_tests::ws_token_rejected
        PASS [   0.387s] (3402/4972) auto-lang ui::desktop_protocol::transport::tests::named_pipe_survives_partial_frames
        PASS [   0.151s] (3403/4972) auto-lang ui::dynamic::plan652_timesource::plan652_idle_gallery_no_child_tick_subscription
        PASS [   0.151s] (3404/4972) auto-lang ui::dynamic::plan652_timesource::plan652_mounted_filter_gates_child_tick_subscription
        PASS [   0.165s] (3405/4972) auto-lang ui::dynamic::plan652_timesource::plan652_child_tick_dispatch_updates_state
        PASS [   0.375s] (3406/4972) auto-lang ui::desktop_protocol::transport::tests::ws_tests::ws_pair_round_trip
        PASS [   0.112s] (3407/4972) auto-lang ui::dynamic::plan652_timesource::plan652_timer_when_gate_still_applies
        PASS [   2.265s] (3408/4972) auto-lang ui::desktop_protocol::native_projector::tests::codeeditor_rq_typing_roundtrip
        PASS [   0.121s] (3409/4972) auto-lang ui::dynamic::plan652_timesource::plan664_timesource_event_name_discriminates_pump_from_user_action
        PASS [   0.123s] (3410/4972) auto-lang ui::dynamic::plan654_path_timesource::plan654_clock_does_not_break_self_tick_component
        PASS [   0.124s] (3411/4972) auto-lang ui::dynamic::plan654_path_timesource::plan654_debug_rows_include_path
        PASS [   0.124s] (3412/4972) auto-lang ui::dynamic::plan654_path_timesource::plan654_for_view_registers_multiple_paths
        PASS [   0.138s] (3413/4972) auto-lang ui::dynamic::plan654_path_timesource::plan654_dispatch_is_type_level_state_with_path_identity
        PASS [   0.123s] (3414/4972) auto-lang ui::dynamic::plan654_path_timesource::plan654_framework_clock_fields_and_gate
        PASS [   0.132s] (3415/4972) auto-lang ui::dynamic::plan654_path_timesource::plan654_instance_path_identity_forms
        PASS [   0.133s] (3416/4972) auto-lang ui::dynamic::plan654_path_timesource::plan654_type_only_mount_falls_back_to_type_path
        PASS [   0.133s] (3417/4972) auto-lang ui::dynamic::plan654_path_timesource::plan654_multi_instance_paths_expand_subscription
        PASS [   0.147s] (3418/4972) auto-lang ui::dynamic::plan654_path_timesource::plan654_unmount_drops_instance_path
        PASS [   0.122s] (3419/4972) auto-lang ui::dynamic::plan654_path_timesource::plan654_when_gate_survives_path_expansion
        PASS [   0.155s] (3420/4972) auto-lang ui::dynamic::plan654_path_timesource::plan654_view_assembly_registers_paths
        PASS [   0.108s] (3421/4972) auto-lang ui::dynamic::tests::payload_encode_decode_roundtrip
        PASS [   0.142s] (3422/4972) auto-lang ui::dynamic::tests::fire_timer_noop_does_not_dirty
        PASS [   0.123s] (3423/4972) auto-lang ui::dynamic::tests::plan051_computed_for_source_fn_call_chain
        PASS [   0.138s] (3424/4972) auto-lang ui::dynamic::tests::mutation_seq_bumps_on_write_not_read
        PASS [   0.137s] (3425/4972) auto-lang ui::dynamic::tests::plan051_emit_inbody_callback_routes_to_parent
        PASS [   0.118s] (3426/4972) auto-lang ui::dynamic::tests::plan051_emit_msg_variant_routes_to_parent
        PASS [   2.255s] (3427/4972) auto-lang ui::desktop_protocol::native_projector::tests::native_coverage_matrix_pinned_to_projector
        PASS [   0.127s] (3428/4972) auto-lang ui::dynamic::tests::plan448_bare_value_input_vm_writeback
        PASS [   0.127s] (3429/4972) auto-lang ui::dynamic::tests::plan051_list_iteration_let_bound_call_result
        PASS [   0.140s] (3430/4972) auto-lang ui::dynamic::tests::plan576_child_computed_resolves_in_handler
        PASS [   0.127s] (3431/4972) auto-lang ui::dynamic::tests::plan576_integer_float_mixed_arith_and_cmp
        PASS [   0.127s] (3432/4972) auto-lang ui::dynamic::tests::plan576_dispatch_arity_mismatch_diagnosed_and_skipped
        PASS [   0.144s] (3433/4972) auto-lang ui::dynamic::tests::plan576_child_quoted_emit_routes_with_payload
        PASS [   0.743s] (3434/4972) auto-lang ui::desktop_protocol::stage3::tests::t3_examples_queue_end_to_end
        PASS [   0.125s] (3435/4972) auto-lang ui::dynamic::tests::plan650_timer_when_subscription_gate
        PASS [   0.123s] (3436/4972) auto-lang ui::dynamic::tests::plan685_inbody_callback_input_event_param_forwarded
        PASS [   0.107s] (3437/4972) auto-lang ui::dynamic::tests::plan685_inbody_callback_param_forwarded_not_name
        PASS [   0.126s] (3438/4972) auto-lang ui::dynamic::tests::plan685_stripped_literal_arg_still_literal
        PASS [   0.112s] (3439/4972) auto-lang ui::dynamic::tests::test_bridge_access
        PASS [   0.110s] (3440/4972) auto-lang ui::dynamic::tests::test_debug_format
        PASS [   0.104s] (3441/4972) auto-lang ui::dynamic::tests::test_dynamic_component_creation_empty_state
        PASS [   0.117s] (3442/4972) auto-lang ui::dynamic::tests::test_dynamic_component_creation
        PASS [   0.122s] (3443/4972) auto-lang ui::dynamic::tests::test_nav_route_history_push_and_back
        PASS [   0.135s] (3444/4972) auto-lang ui::dynamic::tests::test_multiple_state_reads_and_writes
        PASS [   0.120s] (3445/4972) auto-lang ui::dynamic::tests::test_on_handler_not_found_graceful
        PASS [   0.121s] (3446/4972) auto-lang ui::dynamic::tests::test_nav_toggle_group_state_explicit
        PASS [   0.139s] (3447/4972) auto-lang ui::dynamic::tests::test_on_with_string_message
        PASS [   0.139s] (3448/4972) auto-lang ui::dynamic::tests::test_on_with_typed_message
        PASS [   0.123s] (3449/4972) auto-lang ui::dynamic::tests::test_read_all_state
        PASS [   0.149s] (3450/4972) auto-lang ui::dynamic::tests::test_read_state
        PASS [   0.155s] (3451/4972) auto-lang ui::dynamic::tests::test_read_state_not_found
        PASS [   0.152s] (3452/4972) auto-lang ui::dynamic::tests::test_reload_adds_new_fields
        PASS [   0.152s] (3453/4972) auto-lang ui::dynamic::tests::test_reload_drops_removed_fields
        PASS [   0.153s] (3454/4972) auto-lang ui::dynamic::tests::test_reload_marks_dirty
        PASS [   0.158s] (3455/4972) auto-lang ui::dynamic::tests::test_reload_preserves_state
        PASS [   0.127s] (3456/4972) auto-lang ui::dynamic::tests::test_view_returns_column
        PASS [   0.145s] (3457/4972) auto-lang ui::dynamic::tests::test_reload_updates_view_template
        PASS [   0.140s] (3458/4972) auto-lang ui::dynamic::tests::test_source_path_tracking
        PASS [   0.124s] (3459/4972) auto-lang ui::dynamic::tests::test_view_with_button_and_event
        PASS [   0.140s] (3460/4972) auto-lang ui::dynamic::tests::test_view_with_state_binding
        PASS [   0.120s] (3461/4972) auto-lang ui::dynamic::tests::test_write_state_updates_view
        PASS [   0.120s] (3462/4972) auto-lang ui::event_router::tests::test_clear
        PASS [   0.137s] (3463/4972) auto-lang ui::dynamic::tests::test_write_state
        PASS [   0.112s] (3464/4972) auto-lang ui::event_router::tests::test_event_router_creation
        PASS [   0.110s] (3465/4972) auto-lang ui::event_router::tests::test_on_click
        PASS [   0.111s] (3466/4972) auto-lang ui::event_router::tests::test_remove_node
        PASS [   0.097s] (3467/4972) auto-lang ui::event_router::tests::test_shared_event_router
        PASS [   0.112s] (3468/4972) auto-lang ui::event_router::tests::test_register_click
        PASS [   0.091s] (3469/4972) auto-lang ui::ext_stubs::tests::stub_mode_defaults_on_and_env_overrides
        PASS [   0.109s] (3470/4972) auto-lang ui::frame_bench::tests::gate_off_no_capture
        PASS [   0.109s] (3471/4972) auto-lang ui::ext_stubs::tests::stub_fn_shape
        PASS [   0.112s] (3472/4972) auto-lang ui::handler_codegen::tests::does_not_rewrite_local_binding_or_method_field
        PASS [   0.126s] (3473/4972) auto-lang ui::frame_bench::tests::read_side_monotonic_shape
        PASS [   0.110s] (3474/4972) auto-lang ui::handler_codegen::tests::plan446_a1_ambiguous_store_method_records_error_and_names_candidates
        PASS [   0.125s] (3475/4972) auto-lang ui::handler_codegen::tests::does_not_rewrite_non_msg_variant_dot_call
        PASS [   0.125s] (3476/4972) auto-lang ui::handler_codegen::tests::handler_fn_name_strips_dot_and_module_prefix
        PASS [   0.125s] (3477/4972) auto-lang ui::handler_codegen::tests::plan446_a1_single_store_undeclared_method_still_falls_back_silently
        PASS [   0.126s] (3478/4972) auto-lang ui::handler_codegen::tests::plan446_a1_qualified_store_call_resolves_by_alias_not_method_match
        PASS [   0.124s] (3479/4972) auto-lang ui::handler_codegen::tests::plan446_a1_undeclared_store_method_records_error_in_multi_store_project
        PASS [   0.107s] (3480/4972) auto-lang ui::handler_codegen::tests::rewrites_bare_state_ident_read
        PASS [   0.120s] (3481/4972) auto-lang ui::handler_codegen::tests::rewrites_self_dot_state_in_assignment
        PASS [   0.121s] (3482/4972) auto-lang ui::handler_codegen::tests::rewrites_router_back_to_pending_flag
        PASS [   0.107s] (3483/4972) auto-lang ui::handler_codegen::tests::rewrites_sibling_handler_call_with_args
        PASS [   0.125s] (3484/4972) auto-lang ui::handler_codegen::tests::rewrites_sibling_handler_call_to_handler_fn
        PASS [   0.105s] (3485/4972) auto-lang ui::handler_codegen::tests::rewrites_state_refs_inside_try_catch
        PASS [   0.122s] (3486/4972) auto-lang ui::handler_codegen::tests::rewrites_state_field_as_method_receiver
        PASS [   0.107s] (3487/4972) auto-lang ui::hot_reload::tests::test_hot_reload_component_load
        PASS [   0.107s] (3488/4972) auto-lang ui::hot_reload::tests::test_ui_watcher_creation
        PASS [   0.110s] (3489/4972) auto-lang ui::i18n_lookup::tests::plan054_literal_interpolation_escape_unescaped
        PASS [   0.126s] (3490/4972) auto-lang ui::i18n_lookup::tests::plan050_i18n_lookup_loads_flat_json_and_misses_gracefully
        PASS [   0.108s] (3491/4972) auto-lang ui::iced::broker_surface::tests::p034_bitmap_prefix_arm_put_miss_and_refresh
        PASS [   0.108s] (3492/4972) auto-lang ui::iced::broker_surface::tests::t028_builtin_wallpaper_resolves
        PASS [   0.105s] (3493/4972) auto-lang ui::iced::broker_surface::tests::t028_data_uri_resolves_and_caches
        PASS [   0.110s] (3494/4972) auto-lang ui::iced::broker_surface::tests::t028_thumbnail_miss_hit_and_swr
        PASS [   0.126s] (3495/4972) auto-lang ui::iced::broker_surface::tests::t028_unresolved_negative_cache_and_notyet_lexicon
        PASS [   0.111s] (3496/4972) auto-lang ui::iced::broker_surface::tests::t029_lucide_vocabulary_rasterizes_with_tint_and_cache
        PASS [   0.113s] (3497/4972) auto-lang ui::iced::broker_surface::tests::t029_workspace_preview_composition
        PASS [   0.126s] (3498/4972) auto-lang ui::iced::broker_surface::tests::t029_thumbnail_miss_falls_back_to_lucide_icon
        PASS [   0.126s] (3499/4972) auto-lang ui::iced::hover_area::tests::transition_fires_only_on_change
        PASS [   0.142s] (3500/4972) auto-lang ui::iced::icon_file::tests::decode_resized_downscales_with_smooth_edges
        PASS [   0.141s] (3501/4972) auto-lang ui::iced::icon_file::tests::load_cache_hit_and_miss_placeholder
        PASS [   0.123s] (3502/4972) auto-lang ui::iced::image_surface::tests::image_surface_events_cases
        PASS [   0.139s] (3503/4972) auto-lang ui::iced::icon_file::tests::parse_field_whitelist_and_prefix_isolation
        PASS [   0.140s] (3504/4972) auto-lang ui::iced::image_surface::tests::image_surface_geometry_cases
        PASS [   0.141s] (3505/4972) auto-lang ui::iced::image_surface::tests::image_surface_paint_states_and_filter
        PASS [   0.146s] (3506/4972) auto-lang ui::iced::lucide_generated::tests::lookup_misses_are_none
        PASS [   0.129s] (3507/4972) auto-lang ui::iced::lucide_generated::tests::lookups_hit_representative_names
        PASS [   0.125s] (3508/4972) auto-lang ui::iced::lucide_generated::tests::source_version_matches_installed_package
        PASS [   0.108s] (3509/4972) auto-lang ui::iced::max_width::tests::caps_relative_to_offered_width
        PASS [   0.138s] (3510/4972) auto-lang ui::iced::lucide_generated::tests::table_is_sorted_and_nonempty
        PASS [   0.122s] (3511/4972) auto-lang ui::iced::max_width::tests::fraction_is_clamped
        PASS [   0.121s] (3512/4972) auto-lang ui::iced::max_width::tests::never_below_parent_min_width
        PASS [   0.108s] (3513/4972) auto-lang ui::iced::native_icon::tests::ensure_bogus_hwnd_caches_failure
        PASS [   0.108s] (3514/4972) auto-lang ui::iced::max_width::tests::unbounded_parent_leaves_no_cap
        PASS [   0.107s] (3515/4972) auto-lang ui::iced::native_icon::tests::icon_field_and_parse_roundtrip
        PASS [   0.107s] (3516/4972) auto-lang ui::iced::pointer_area::tests::gate_expiry_publishes_fresh_position
        PASS [   0.124s] (3517/4972) auto-lang ui::iced::pen_area::tests::last_known_falls_back_to_origin
        PASS [   0.106s] (3518/4972) auto-lang ui::iced::pointer_area::tests::raw_px_mode_without_extent
        PASS [   0.122s] (3519/4972) auto-lang ui::iced::pointer_area::tests::logical_conversion_with_extent
        PASS [   0.121s] (3520/4972) auto-lang ui::iced::pointer_area::tests::stationary_hover_publishes_once
        PASS [   0.108s] (3521/4972) auto-lang ui::iced::pointer_area::tests::zero_bounds_falls_back_to_raw
        PASS [   0.109s] (3522/4972) auto-lang ui::iced::popover::tests::panel_degenerate_zero_content
        PASS [   0.110s] (3523/4972) auto-lang ui::iced::popover::tests::panel_degenerate_padded_shell
        PASS [   0.124s] (3524/4972) auto-lang ui::iced::pointer_area::tests::throttle_time_gate_and_quantized_dedupe
        PASS [   0.111s] (3525/4972) auto-lang ui::iced::popover::tests::panel_not_degenerate_for_real_content
        PASS [   0.110s] (3526/4972) auto-lang ui::iced::popover::tests::pointer_panel_anchor_uses_recorded_position
        PASS [   0.110s] (3527/4972) auto-lang ui::iced::popover::tests::pointer_panel_anchor_falls_back_to_anchor_semantics
        PASS [   0.111s] (3528/4972) auto-lang ui::iced::renderer::hotkey_subscription_tests::hotkey_sub_storage_override_arms
        PASS [   0.111s] (3529/4972) auto-lang ui::iced::renderer::hotkey_subscription_tests::hotkey_sub_builtin_arms
        PASS [   0.130s] (3530/4972) auto-lang ui::iced::renderer::hotkey_subscription_tests::hotkey_storage_boot_roundtrip
        PASS [   4.291s] (3531/4972) auto-lang ui::desktop_protocol::coverage::tests::native_gate_runtime_views_of_six
        PASS [   0.106s] (3532/4972) auto-lang ui::iced::renderer::line_edit_tests::test_kill_ring_merge_consecutive
        PASS [   0.121s] (3533/4972) auto-lang ui::iced::renderer::line_edit_tests::test_keymap_tables_sanity
        PASS [   0.185s] (3534/4972) auto-lang ui::iced::renderer::line_edit_tests::test_cursor_offset_multibyte
        PASS [   0.185s] (3535/4972) auto-lang ui::iced::renderer::line_edit_tests::test_delete_forward
        PASS [   0.200s] (3536/4972) auto-lang ui::iced::renderer::line_edit_tests::test_cursor_offset_roundtrip
        PASS [   0.207s] (3537/4972) auto-lang ui::iced::renderer::line_edit_tests::test_echo_cursor_preserved_on_rebuild
        PASS [   0.192s] (3538/4972) auto-lang ui::iced::renderer::line_edit_tests::test_external_change_cursor_to_value_end
        PASS [   0.202s] (3539/4972) auto-lang ui::iced::renderer::line_edit_tests::test_kill_empty_selection_noop
        PASS [   0.184s] (3540/4972) auto-lang ui::iced::renderer::line_edit_tests::test_kill_to_end
        PASS [   0.201s] (3541/4972) auto-lang ui::iced::renderer::line_edit_tests::test_kill_to_home
        PASS [   0.111s] (3542/4972) auto-lang ui::iced::renderer::plan024_dashboard_layout_tests::empty_faces_fixed_frame
        PASS [   0.184s] (3543/4972) auto-lang ui::iced::renderer::line_edit_tests::test_transpose_at_end
        PASS [   0.184s] (3544/4972) auto-lang ui::iced::renderer::line_edit_tests::test_kill_word_right
        PASS [   0.196s] (3545/4972) auto-lang ui::iced::renderer::line_edit_tests::test_transpose_mid
        PASS [   0.107s] (3546/4972) auto-lang ui::iced::renderer::plan024_dashboard_layout_tests::grid_unit_cell_geometry
        PASS [   0.168s] (3547/4972) auto-lang ui::iced::renderer::line_edit_tests::test_transpose_short_noop
        PASS [   0.109s] (3548/4972) auto-lang ui::iced::renderer::plan024_dashboard_layout_tests::single_widget_row_capacity_and_clip
        PASS [   0.178s] (3549/4972) auto-lang ui::iced::renderer::line_edit_tests::test_yank_after_kill
        PASS [   0.141s] (3550/4972) auto-lang ui::iced::renderer::plan024_dashboard_layout_tests::span_clamped_and_frame_intact
        PASS [   0.136s] (3551/4972) auto-lang ui::iced::renderer::plan095_focus_tests::focus_key_resolution_normalizes_at_event_keys
        PASS [   1.925s] (3552/4972) auto-lang ui::desktop_protocol::stage3::tests::stage3_reconnect_state_continuous
        PASS [   0.181s] (3553/4972) auto-lang ui::iced::renderer::tests::activate_app_focuses_running_or_launches_new
        PASS [   0.186s] (3554/4972) auto-lang ui::iced::renderer::tests::activate_app_switches_to_hidden_workspace
        PASS [   0.173s] (3555/4972) auto-lang ui::iced::renderer::tests::apply_fit_measured_missing_anchor_retries
        PASS [   0.173s] (3556/4972) auto-lang ui::iced::renderer::tests::apply_fit_measured_remeasure_follows_content_growth
        PASS [   0.143s] (3557/4972) auto-lang ui::iced::renderer::tests::boot_entry_matches_suffix_both_directions
        PASS [   0.173s] (3558/4972) auto-lang ui::iced::renderer::tests::apply_fit_measured_remeasure_skips_when_user_locked
        PASS [   0.141s] (3559/4972) auto-lang ui::iced::renderer::tests::decide_fit_resize_threshold_lock_clamp
        PASS [   0.171s] (3560/4972) auto-lang ui::iced::renderer::tests::apply_fit_measured_remeasure_standalone_records_applied
        PASS [   0.190s] (3561/4972) auto-lang ui::iced::renderer::tests::apply_fit_measured_shrinks_desktop_vwin
        PASS [   0.177s] (3562/4972) auto-lang ui::iced::renderer::tests::conditional_style_with_comments_in_branches_resolves_hover
        PASS [   0.128s] (3563/4972) auto-lang ui::iced::renderer::tests::desktop_dock_edges_reads_config_overrides
        PASS [   0.174s] (3564/4972) auto-lang ui::iced::renderer::tests::desktop_boot_activates_persisted_theme_name
        PASS [   0.213s] (3565/4972) auto-lang ui::iced::renderer::tests::desktop_bus_inbox_drains_through_real_arms
        PASS [   0.122s] (3566/4972) auto-lang ui::iced::renderer::tests::desktop_surface_storage_roundtrip_and_wallpaper_resolution
        PASS [   0.200s] (3567/4972) auto-lang ui::iced::renderer::tests::desktop_injects_flow_through_real_arms
        PASS [   0.202s] (3568/4972) auto-lang ui::iced::renderer::tests::desktop_mcp_clock_injects_and_dedupes
        PASS [   0.134s] (3569/4972) auto-lang ui::iced::renderer::tests::image_surface_renderer
        PASS [   0.186s] (3570/4972) auto-lang ui::iced::renderer::tests::desktop_mcp_switcher_thumbs_injected_and_requested
        PASS [   0.151s] (3571/4972) auto-lang ui::iced::renderer::tests::lucide_icon_coverage_manifest_all_hit
        PASS [   0.233s] (3572/4972) auto-lang ui::iced::renderer::tests::desktop_mcp_dock_pager_hover_popovers
        PASS [   0.218s] (3573/4972) auto-lang ui::iced::renderer::tests::desktop_shell_at_builds_with_dock_defaults
        PASS [   0.203s] (3574/4972) auto-lang ui::iced::renderer::tests::external_config_poll_hot_apply_loopsafe
        PASS [   0.203s] (3575/4972) auto-lang ui::iced::renderer::tests::dnd_finished_delivery_anchors_at_initiator
        PASS [   0.229s] (3576/4972) auto-lang ui::iced::renderer::tests::desktop_surface_merge_dedupe_and_injection
        PASS [   0.123s] (3577/4972) auto-lang ui::iced::renderer::tests::native_media_uri_resolves_registry_before_http_fallback
        PASS [   0.108s] (3578/4972) auto-lang ui::iced::renderer::tests::nav_family_lucide_icons_present
        PASS [   0.231s] (3579/4972) auto-lang ui::iced::renderer::tests::injected_obj_array_for_field_read
        PASS [   0.154s] (3580/4972) auto-lang ui::iced::renderer::tests::native_hole_mode_reads_storage_key
        PASS [   0.173s] (3581/4972) auto-lang ui::iced::renderer::tests::native_drag_over_overlay_sets_and_clears
        PASS [   0.262s] (3582/4972) auto-lang ui::iced::renderer::tests::native_dock_shell_at_entries_and_verbs
        PASS [   5.180s] (3583/4972) auto-lang ui::desktop_protocol::client_entry::tests::desktop_connect_absent_endpoint_errs_clean
        PASS [   0.124s] (3584/4972) auto-lang ui::iced::renderer::tests::p057_musk_icon_bridge_full_coverage
        PASS [   0.136s] (3585/4972) auto-lang ui::iced::renderer::tests::p043_scrollable_offset_pending_registry
        PASS [   0.151s] (3586/4972) auto-lang ui::iced::renderer::tests::p530_column_layer_partition_zindex_stays_in_flow
        PASS [   0.216s] (3587/4972) auto-lang ui::iced::renderer::tests::notif_shell_at_smoke_toggle_and_badge
        PASS [   0.169s] (3588/4972) auto-lang ui::iced::renderer::tests::p042_log_verb_ring_attribution
        PASS [   0.137s] (3589/4972) auto-lang ui::iced::renderer::tests::p530_leaked_placeholder_dedupes_same_text
        PASS [   0.132s] (3590/4972) auto-lang ui::iced::renderer::tests::p530_lucide_svg_same_name_returns_same_static
        PASS [   0.127s] (3591/4972) auto-lang ui::iced::renderer::tests::p663_chain_through_scrollable_and_container
        PASS [   0.327s] (3592/4972) auto-lang ui::iced::renderer::tests::notif_push_dual_face_history_and_toast
        PASS [   0.138s] (3593/4972) auto-lang ui::iced::renderer::tests::p663_boundary_rewrites_screen_child
        PASS [   0.136s] (3594/4972) auto-lang ui::iced::renderer::tests::p663_margin_y_auto_skips_indefinite_and_overflow_columns
        PASS [   0.137s] (3595/4972) auto-lang ui::iced::renderer::tests::p663_margin_y_auto_expands_in_definite_column
        PASS [   0.153s] (3596/4972) auto-lang ui::iced::renderer::tests::p663_min_height_screen_rewritten
        PASS [   0.140s] (3597/4972) auto-lang ui::iced::renderer::tests::p663_nested_boundary_overrides
        PASS [   0.123s] (3598/4972) auto-lang ui::iced::renderer::tests::p663_no_boundary_keeps_screen
        PASS [   0.105s] (3599/4972) auto-lang ui::iced::renderer::tests::p663_spacing_height_is_not_boundary
        PASS [   0.469s] (3600/4972) auto-lang ui::iced::renderer::tests::notif_projection_notes_and_fingerprint
        PASS [   0.519s] (3601/4972) auto-lang ui::iced::renderer::tests::notif_end_to_end_toggle_dismiss_restore
        PASS [   0.159s] (3602/4972) auto-lang ui::iced::renderer::tests::p663_width_axis_independent
        PASS [   0.167s] (3603/4972) auto-lang ui::iced::renderer::tests::plan022_empty_layer_with_background_stays_in_stack
        PASS [   0.146s] (3604/4972) auto-lang ui::iced::renderer::tests::plan050_content_align_items_start_is_top
        PASS [   0.162s] (3605/4972) auto-lang ui::iced::renderer::tests::plan050_content_align_justify_start_is_left
        PASS [   0.157s] (3606/4972) auto-lang ui::iced::renderer::tests::plan050_content_align_text_left_fallback
        PASS [   0.172s] (3607/4972) auto-lang ui::iced::renderer::tests::plan050_content_align_none_keeps_centered_default
        PASS [   0.159s] (3608/4972) auto-lang ui::iced::renderer::tests::plan050_mt_auto_child_gets_fill_spacer
        PASS [   0.164s] (3609/4972) auto-lang ui::iced::renderer::tests::plan050_side_border_flags_parse
        PASS [   0.128s] (3610/4972) auto-lang ui::iced::renderer::tests::plan051_textarea_height_consumes_style
        PASS [   0.582s] (3611/4972) auto-lang ui::iced::renderer::tests::notif_unread_semantics_panel_visibility
        PASS [   0.123s] (3612/4972) auto-lang ui::iced::renderer::tests::plan414_height_branch_yields_to_explicit_align
        PASS [   0.644s] (3613/4972) auto-lang ui::iced::renderer::tests::notif_center_summon_headless
        PASS [   0.131s] (3614/4972) auto-lang ui::iced::renderer::tests::plan057_parse_drag_points
        PASS [   0.128s] (3615/4972) auto-lang ui::iced::renderer::tests::plan488_clipboard_paste_payload_reads_os_clipboard
        PASS [   0.176s] (3616/4972) auto-lang ui::iced::renderer::tests::plan488_native_drop_payload_record
        PASS [   0.159s] (3617/4972) auto-lang ui::iced::renderer::tests::plan493_mention_kind_parses_and_covers
        PASS [   0.163s] (3618/4972) auto-lang ui::iced::renderer::tests::plan606_load_image_bytes_data_urls
        PASS [   0.146s] (3619/4972) auto-lang ui::iced::renderer::tests::plan619_lucide_doc_renders_geometric_ink
        PASS [   0.201s] (3620/4972) auto-lang ui::iced::renderer::tests::plan527_t6_variant_button_status_applied
        PASS [   0.230s] (3621/4972) auto-lang ui::iced::renderer::tests::projection_v11_mru_filters_partition_and_fingerprint_segments
        PASS [   0.247s] (3622/4972) auto-lang ui::iced::renderer::tests::projection_v16_dock_pinned_csv_and_fingerprint
        PASS [   0.273s] (3623/4972) auto-lang ui::iced::renderer::tests::projection_fingerprint_gates_rewrite_and_view_dirty
        PASS [   0.260s] (3624/4972) auto-lang ui::iced::renderer::tests::projection_v13_native_slot_entries_and_fingerprint
        PASS [   0.261s] (3625/4972) auto-lang ui::iced::renderer::tests::projection_v11_mru_order_and_workspace_label
        PASS [   0.304s] (3626/4972) auto-lang ui::iced::renderer::tests::projection_v16_notes_visible_fingerprint
        PASS [   0.249s] (3627/4972) auto-lang ui::iced::renderer::tests::projection_v1_roundtrip_wins_meta_workspaces
        PASS [   0.306s] (3628/4972) auto-lang ui::iced::renderer::tests::projection_v1_reflects_workspace_switch
        PASS [   0.249s] (3629/4972) auto-lang ui::iced::renderer::tests::projection_v1_registry_icon_and_app_fields
        PASS [   0.299s] (3630/4972) auto-lang ui::iced::renderer::tests::settings_dock_arms_hot_apply_and_persist
        PASS [   0.196s] (3631/4972) auto-lang ui::iced::renderer::tests::startup_window_fit_parses_env
        PASS [   0.433s] (3632/4972) auto-lang ui::iced::renderer::tests::settings_dock_section_dispatch_and_pinned_storage
        PASS [   0.362s] (3633/4972) auto-lang ui::iced::renderer::tests::settings_panel_summon_headless
        PASS [   2.184s] (3634/4972) auto-lang ui::iced::broker_surface::tests::t028_http_placeholder_first_then_background_fill
        PASS [   0.249s] (3635/4972) auto-lang ui::iced::renderer::tests::showdesk_state_machine_roundtrip
        PASS [   0.271s] (3636/4972) auto-lang ui::iced::renderer::tests::showdesk_exclusion_rules
        PASS [   0.449s] (3637/4972) auto-lang ui::iced::renderer::tests::settings_notes_gate_and_about_section
        PASS [   0.350s] (3638/4972) auto-lang ui::iced::renderer::tests::shell_root_col_position_classes_and_taskbar_present
        PASS [   0.291s] (3639/4972) auto-lang ui::iced::renderer::tests::showdesk_projection_filter_and_flag
        PASS [   1.214s] (3640/4972) auto-lang ui::iced::renderer::tests::notif_storage_roundtrip_slots
        PASS [   0.380s] (3641/4972) auto-lang ui::iced::renderer::tests::shell_projection_pager_truncation_v15
        PASS [   0.231s] (3642/4972) auto-lang ui::iced::renderer::tests::summon_launcher_mounts_and_injects
        PASS [   0.468s] (3643/4972) auto-lang ui::iced::renderer::tests::settings_shell_at_smoke_gear_to_panel
        PASS [   0.180s] (3644/4972) auto-lang ui::iced::renderer::tests::test_apply_highlight_mut_none_is_noop
        PASS [   0.163s] (3645/4972) auto-lang ui::iced::renderer::tests::test_checkbox_conversion
        PASS [   0.169s] (3646/4972) auto-lang ui::iced::renderer::tests::test_column_conversion
        PASS [   0.173s] (3647/4972) auto-lang ui::iced::renderer::tests::test_codeblock_lang_class_roundtrip
        PASS [   0.178s] (3648/4972) auto-lang ui::iced::renderer::tests::test_apply_highlight_mut_wraps_selected_child
        PASS [   0.178s] (3649/4972) auto-lang ui::iced::renderer::tests::test_button_conversion
        PASS [   0.151s] (3650/4972) auto-lang ui::iced::renderer::tests::test_convert_view_messages_preserves_layout_right_click
        PASS [   0.167s] (3651/4972) auto-lang ui::iced::renderer::tests::test_container_with_style
        PASS [   0.168s] (3652/4972) auto-lang ui::iced::renderer::tests::test_convert_view_messages_preserves_grid
        PASS [   0.263s] (3653/4972) auto-lang ui::iced::renderer::tests::switcher_summon_advance_confirm_roundtrip
        PASS [   0.170s] (3654/4972) auto-lang ui::iced::renderer::tests::test_convert_view_messages_preserves_window_thumbnail
        PASS [   0.178s] (3655/4972) auto-lang ui::iced::renderer::tests::test_convert_view_messages_preserves_workspace_preview
        PASS [   0.130s] (3656/4972) auto-lang ui::iced::renderer::tests::test_highlight_bash_cmd_and_comment
        PASS [   0.154s] (3657/4972) auto-lang ui::iced::renderer::tests::test_grid_patch_input_values_updates_cell
        PASS [   0.128s] (3658/4972) auto-lang ui::iced::renderer::tests::test_input_with_style
        PASS [   0.142s] (3659/4972) auto-lang ui::iced::renderer::tests::test_layout_style_fn_selects_hover_on_flag
        PASS [   0.147s] (3660/4972) auto-lang ui::iced::renderer::tests::test_layout_hover_flag_only_with_hover_variant
        PASS [   0.153s] (3661/4972) auto-lang ui::iced::renderer::tests::test_highlight_prism_palette
        PASS [   0.152s] (3662/4972) auto-lang ui::iced::renderer::tests::test_plan412_grid_placements_col_span_wraps
        PASS [   0.160s] (3663/4972) auto-lang ui::iced::renderer::tests::test_plan045_col_fixed_width_dispatch
        PASS [   0.157s] (3664/4972) auto-lang ui::iced::renderer::tests::test_plan412_grid_placements_full_span_sequence
        PASS [   0.166s] (3665/4972) auto-lang ui::iced::renderer::tests::test_plan412_grid_placements_plain_and_tail_row
        PASS [   0.170s] (3666/4972) auto-lang ui::iced::renderer::tests::test_plan412_grid_placements_span_clamped_to_cols
        PASS [   0.140s] (3667/4972) auto-lang ui::iced::renderer::tests::test_round_bottom_root_default_pushes_only_when_radius_absent
        PASS [   0.201s] (3668/4972) auto-lang ui::iced::renderer::tests::test_plan412_justify_spacer_math
        PASS [   0.155s] (3669/4972) auto-lang ui::iced::renderer::tests::test_scrollable_with_style
        PASS [   0.142s] (3670/4972) auto-lang ui::iced::renderer::tests::test_styled_button
        PASS [   0.147s] (3671/4972) auto-lang ui::iced::renderer::tests::test_styled_column
        PASS [   0.137s] (3672/4972) auto-lang ui::iced::renderer::tests::test_table_header_style_recursive
        PASS [   0.164s] (3673/4972) auto-lang ui::iced::renderer::tests::test_styled_text
        PASS [   0.157s] (3674/4972) auto-lang ui::iced::renderer::tests::test_text_conversion
        PASS [   0.141s] (3675/4972) auto-lang ui::iced::renderer::tests::w5_desktop_positions_last_wins
        PASS [   0.155s] (3676/4972) auto-lang ui::iced::renderer::tests::w5_desktop_icon_cells_assignment
        PASS [   0.171s] (3677/4972) auto-lang ui::iced::renderer::tests::w5_refresh_desktop_icons_verb_parse
        PASS [   0.321s] (3678/4972) auto-lang ui::iced::renderer::tests::test_shell_executor_success_and_failure
        PASS [   0.217s] (3679/4972) auto-lang ui::iced::renderer::tests::w8_workspace_preview_materializes_in_popover_for
        PASS [   0.206s] (3680/4972) auto-lang ui::iced::renderer::tests::wallpaper_layout_key_and_csv_roundtrip
        PASS [   0.284s] (3681/4972) auto-lang ui::iced::renderer::tests::wallpaper_escape_chain_and_keymap
        PASS [   0.261s] (3682/4972) auto-lang ui::iced::renderer::tests::wallpaper_nav_cursor_and_flip
        PASS [   0.124s] (3683/4972) auto-lang ui::iced::right_press_area::tests::negative_coords_roundtrip
        PASS [   0.261s] (3684/4972) auto-lang ui::iced::renderer::tests::wallpaper_layout_memory_migration
        PASS [   0.285s] (3685/4972) auto-lang ui::iced::renderer::tests::wallpaper_pick_close_return_ownership
        PASS [   0.148s] (3686/4972) auto-lang ui::iced::right_press_area::tests::roundtrip
        PASS [   0.136s] (3687/4972) auto-lang ui::iced::selectable_text::tests::t01_line_starts_unix
        PASS [   0.328s] (3688/4972) auto-lang ui::iced::renderer::tests::win_rect_execution_moves_clamps_and_noops
        PASS [   0.368s] (3689/4972) auto-lang ui::iced::renderer::tests::wallpaper_request_diff_triggers_pick
        PASS [   0.212s] (3690/4972) auto-lang ui::iced::selectable_text::tests::t02_line_starts_crlf_cr
        PASS [   0.216s] (3691/4972) auto-lang ui::iced::selectable_text::tests::t03_global_roundtrip
        PASS [   0.392s] (3692/4972) auto-lang ui::iced::renderer::tests::workspace_v11_host_arms_add_close_send
        PASS [   0.662s] (3693/4972) auto-lang ui::iced::renderer::tests::w1_osconfig_close_hides_and_focus_unhides
        PASS [   2.459s] (3694/4972) auto-lang ui::iced::renderer::tests::desktop_surface_at_loads_interactions_and_dispatch
        PASS [   0.317s] (3695/4972) auto-lang ui::iced::selectable_text::tests::t04_state_default_and_widget_build
        PASS [   0.341s] (3696/4972) auto-lang ui::iced::selectable_text::tests::text_selection_double_click_selects_word
        PASS [   0.417s] (3697/4972) auto-lang ui::iced::selectable_text::tests::t05_spike_hit_test_and_rects_chain
        PASS [   0.381s] (3698/4972) auto-lang ui::iced::selectable_text::tests::t06_spike_multiline_global_mapping
        PASS [   0.182s] (3699/4972) auto-lang ui::iced::selection::tests::t01_empty_and_clear
        PASS [   0.374s] (3700/4972) auto-lang ui::iced::selectable_text::tests::text_selection_ctrl_c_writes_clipboard
        PASS [   0.263s] (3701/4972) auto-lang ui::iced::selectable_text::tests::text_selection_drag_selects_range
        PASS [   0.823s] (3702/4972) auto-lang ui::iced::renderer::tests::w1_non_osconfig_close_still_removes
        PASS [   0.169s] (3703/4972) auto-lang ui::iced::selection::tests::t04_word_range_latin
        PASS [   0.356s] (3704/4972) auto-lang ui::iced::selectable_text::tests::text_selection_drag_backward
        PASS [   0.292s] (3705/4972) auto-lang ui::iced::selectable_text::tests::text_selection_esc_clears_non_capturing
        PASS [   0.212s] (3706/4972) auto-lang ui::iced::selection::tests::t02_normalized_range_backward_drag
        PASS [   0.183s] (3707/4972) auto-lang ui::iced::selection::tests::t03_drag_extend_selects_slice
        PASS [   0.355s] (3708/4972) auto-lang ui::iced::selectable_text::tests::text_selection_single_click_after_drag_clears
        PASS [   0.162s] (3709/4972) auto-lang ui::iced::selection::tests::t06_word_range_cjk_joined
        PASS [   0.203s] (3710/4972) auto-lang ui::iced::selection::tests::t05_word_range_punct_run
        PASS [   0.208s] (3711/4972) auto-lang ui::iced::selection::tests::t07_word_range_mixed_script_boundary
        PASS [   0.208s] (3712/4972) auto-lang ui::iced::selection::tests::t08_word_range_edges
        PASS [   0.213s] (3713/4972) auto-lang ui::iced::selection::tests::t09_select_word_latin
        PASS [   2.559s] (3714/4972) auto-lang ui::iced::renderer::tests::p010_popover_ondismiss_extracted_from_events
        PASS [   0.238s] (3715/4972) auto-lang ui::iced::selection::tests::t10_mixed_cjk_selected_slice
        PASS [   0.193s] (3716/4972) auto-lang ui::iced::snapshot::tests::t2_snapshot_cache_ttl_and_invalidation
        PASS [   0.243s] (3717/4972) auto-lang ui::iced::snapshot::tests::frozen_window_skips_capture_and_serves_last_frame
        PASS [   0.211s] (3718/4972) auto-lang ui::iced::snapshot::tests::t2_snapshot_small_window_passthrough
        PASS [   0.222s] (3719/4972) auto-lang ui::iced::snapshot::tests::t2_snapshot_crop_edge_clamp_and_zero_guard
        PASS [   0.249s] (3720/4972) auto-lang ui::iced::snapshot::tests::t2_snapshot_stale_read_keeps_entry
        PASS [   0.201s] (3721/4972) auto-lang ui::iced::stretch_line::tests::auto_row_keeps_content_height
        PASS [   0.212s] (3722/4972) auto-lang ui::iced::stretch_line::tests::definite_row_fills_bounded_limits
        PASS [   0.309s] (3723/4972) auto-lang ui::iced::snapshot::tests::t2_snapshot_thumbnail_size_and_quadrant_colors
        PASS [   0.203s] (3724/4972) auto-lang ui::iced::table_resize::tests::drag_width_clamps_to_min
        PASS [   0.172s] (3725/4972) auto-lang ui::iced::virtual_window::tests::vwin_fit_hidden_caps_measurement_period
        PASS [   0.188s] (3726/4972) auto-lang ui::iced::virtual_window::tests::transparency_levels_map_to_alpha
        PASS [   0.183s] (3727/4972) auto-lang ui::iced::virtual_window::title_menu_spot_tests::p012_spot_clamps_right_and_bottom_edges
        PASS [   0.170s] (3728/4972) auto-lang ui::iced::virtual_window::title_menu_spot_tests::p012_spot_degenerate_window_stays_in_bounds
        PASS [   0.172s] (3729/4972) auto-lang ui::iced::virtual_window::title_menu_spot_tests::p012_spot_titlebar_click_drops_below_titlebar
        PASS [   0.141s] (3730/4972) auto-lang ui::iced::workspace_preview::tests::tile_rect_guards_zero_dims
        PASS [   0.172s] (3731/4972) auto-lang ui::iced::workspace_preview::tests::tile_rect_contain_fit_and_centering
        PASS [   0.185s] (3732/4972) auto-lang ui::iced::workspace_preview::tests::wallpaper_rgb_parse
        PASS [   0.229s] (3733/4972) auto-lang ui::iced::virtual_window::title_menu_spot_tests::p012_spot_follows_cursor_inside_window
        PASS [   0.161s] (3734/4972) auto-lang ui::image_pipeline::tests::asset_state_checked_size_rejects_overflow
        PASS [   0.144s] (3735/4972) auto-lang ui::image_pipeline::tests::asset_state_rejects_invalid_terminal_transitions
        PASS [   0.132s] (3736/4972) auto-lang ui::image_pipeline::tests::decode_and_rendition_applies_orientation_and_preserves_rgba
        PASS [   0.162s] (3737/4972) auto-lang ui::image_pipeline::tests::encoded_lru_deduplicates_refreshes_and_evicts_by_byte_budget
        PASS [   0.162s] (3738/4972) auto-lang ui::image_pipeline::tests::fixture_manifest
        PASS [   0.164s] (3739/4972) auto-lang ui::image_pipeline::tests::http_response_maps_media_states_without_source_paths
        PASS [   0.181s] (3740/4972) auto-lang ui::image_pipeline::tests::decoded_budget_keeps_current_allows_its_temporary_overflow_and_evicts_neighbors
        PASS [   0.191s] (3741/4972) auto-lang ui::image_pipeline::tests::media_change_generation_advances_on_queue_and_terminal
        PASS [   0.181s] (3742/4972) auto-lang ui::image_pipeline::tests::media_surface_status_projects_notify_contract
        PASS [   0.205s] (3743/4972) auto-lang ui::image_pipeline::tests::latest_wins_rejects_stale_work_at_every_pipeline_gate
        PASS [   0.204s] (3744/4972) auto-lang ui::image_pipeline::tests::metadata_and_limits_identify_png_and_reject_invalid_or_excessive_inputs
        PASS [   0.175s] (3745/4972) auto-lang ui::image_pipeline::tests::priority_queue_is_bounded_stable_deduplicated_and_limits_neighbors
        PASS [   0.244s] (3746/4972) auto-lang ui::image_pipeline::tests::native_uri_resolves_registry_before_http_fallback
        PASS [   0.203s] (3747/4972) auto-lang ui::image_pipeline::tests::registry_tracks_ready_expired_and_missing_assets
        PASS [   0.224s] (3748/4972) auto-lang ui::image_pipeline::tests::thumbnail_queue_rejects_unsupported_and_queues_supported_paths
        PASS [   0.217s] (3749/4972) auto-lang ui::image_pipeline::tests::viewer_session_opens_directory_and_exposes_only_metadata
        PASS [   5.278s] (3750/4972) auto-lang ui::desktop_protocol::stage3::tests::stage3_memory_baseline_n1_3_5
        PASS [   0.179s] (3751/4972) auto-lang ui::image_pipeline::tests::worker_shutdown_joins_two_decode_workers_and_resize_lane
        PASS [   0.229s] (3752/4972) auto-lang ui::image_pipeline::tests::worker_pipeline_reads_decodes_resizes_and_publishes
        PASS [   0.194s] (3753/4972) auto-lang ui::interpreter::bridge::tests::test_broken_ui_program_reports_ui_parse_error
        PASS [   0.222s] (3754/4972) auto-lang ui::interpreter::bridge::tests::test_bridge_creation
        PASS [   0.235s] (3755/4972) auto-lang ui::interpreter::bridge::tests::test_plain_script_and_setupless_widget
        PASS [   0.229s] (3756/4972) auto-lang ui::interpreter::bridge::tests::test_setup_preamble_runs_and_binds_fields
        PASS [   0.242s] (3757/4972) auto-lang ui::interpreter::bridge::tests::test_setup_preamble_error_surfaces
        PASS [   0.245s] (3758/4972) auto-lang ui::layout::tests::apply_layout_filters_by_current_workspace
        PASS [   0.269s] (3759/4972) auto-lang ui::layout::tests::cascade_rect_offsets_by_48_per_index
        PASS [   0.265s] (3760/4972) auto-lang ui::layout::tests::cascade_rect_offsets_cap_and_clamp_into_usable
        PASS [   0.239s] (3761/4972) auto-lang ui::layout::tests::free_mode_returns_input_rects_unchanged
        PASS [   0.275s] (3762/4972) auto-lang ui::layout::tests::free_mode_zero_windows_returns_empty
        PASS [   0.248s] (3763/4972) auto-lang ui::layout::tests::grid_five_windows_3cols_2rows_last_row_two
        PASS [   0.246s] (3764/4972) auto-lang ui::layout::tests::grid_one_window_fills_usable
        PASS [   0.263s] (3765/4972) auto-lang ui::layout::tests::grid_four_windows_2x2
        PASS [   0.263s] (3766/4972) auto-lang ui::layout::tests::grid_three_windows_2x2_row_major
        PASS [   0.267s] (3767/4972) auto-lang ui::layout::tests::grid_nine_windows_3x3
        PASS [   0.247s] (3768/4972) auto-lang ui::layout::tests::grid_two_windows_side_by_side
        PASS [   0.262s] (3769/4972) auto-lang ui::layout::tests::grid_zero_windows_returns_empty
        PASS [   0.242s] (3770/4972) auto-lang ui::layout::tests::layout_is_deterministic_and_does_not_mutate_input
        PASS [   0.213s] (3771/4972) auto-lang ui::layout::tests::layout_mode_names_round_trip
        PASS [   0.225s] (3772/4972) auto-lang ui::layout::tests::layout_parity_cases_shared_table
        PASS [   0.231s] (3773/4972) auto-lang ui::layout::tests::master_stack_no_focus_falls_back_to_last_input
        PASS [   0.203s] (3774/4972) auto-lang ui::layout::tests::master_stack_single_window_fills_usable
        PASS [   0.199s] (3775/4972) auto-lang ui::layout::tests::master_stack_three_windows_two_right_split
        PASS [   2.625s] (3776/4972) auto-lang ui::iced::renderer::tests::shell_projection_push_fingerprint_gate
        PASS [   0.172s] (3777/4972) auto-lang ui::layout::tests::snap_left_edge_gives_left_half
        PASS [   0.226s] (3778/4972) auto-lang ui::layout::tests::master_stack_two_windows_focused_left
        PASS [   0.199s] (3779/4972) auto-lang ui::layout::tests::snap_middle_gives_none
        PASS [   0.184s] (3780/4972) auto-lang ui::layout::tests::snap_zone_boundary_exactly_at_8px_snaps
        PASS [   0.199s] (3781/4972) auto-lang ui::layout::tests::snap_right_edge_gives_right_half
        PASS [   0.197s] (3782/4972) auto-lang ui::layout::tests::usable_rect_clamps_negative_to_zero
        PASS [   0.213s] (3783/4972) auto-lang ui::layout::tests::usable_rect_excludes_taskbar_bottom
        PASS [   0.204s] (3784/4972) auto-lang ui::mcp_server::tests_314::computed_lite_from_empty_computed_is_all_none
        PASS [   0.189s] (3785/4972) auto-lang ui::mcp_server::tests_314::styled_snapshot_from_live_copies_computed_subset
        PASS [   0.196s] (3786/4972) auto-lang ui::mcp_server::tests_314::plan051_enter_handler_in_view_prefers_declaration
        PASS [   0.183s] (3787/4972) auto-lang ui::mcp_server::tests_314::tool_select_rect_error_paths
        PASS [   0.197s] (3788/4972) auto-lang ui::mcp_server::tests_314::tool_select_rect_edge_sweep_misses_and_format_atom
        PASS [   0.175s] (3789/4972) auto-lang ui::mcp_server::tests_314::tool_select_rect_hits_child_only_when_parent_center_outside
        PASS [   0.178s] (3790/4972) auto-lang ui::mcp_server::tests_314::tool_select_rect_slices_source_from_published_code
        PASS [   0.191s] (3791/4972) auto-lang ui::mcp_server::tests_314::tool_select_rect_trims_to_topmost_and_returns_envelope
        PASS [   0.172s] (3792/4972) auto-lang ui::mcp_server::tests_314::tool_vtree_respects_include_flags
        PASS [   0.214s] (3793/4972) auto-lang ui::mcp_server::tests_314::tool_vtree_errors_when_no_snapshot
        PASS [   0.201s] (3794/4972) auto-lang ui::mcp_server::tests_plan057::plan057_editor_synthesis_payload_contract
        PASS [   0.220s] (3795/4972) auto-lang ui::mcp_server::tests_314::tool_vtree_returns_atom_text_for_full_tree
        PASS [   0.218s] (3796/4972) auto-lang ui::mcp_server::tests_314::tool_vtree_scope_returns_subtree_only
        PASS [   2.389s] (3797/4972) auto-lang ui::iced::renderer::tests::test_highlight_code_with_lang_uses_syntect
        PASS [   0.202s] (3798/4972) auto-lang ui::mcp_server::tests_plan483_d4::plan483_input_inside_table_cell_resolves
        PASS [   0.218s] (3799/4972) auto-lang ui::mcp_server::tests_plan483_d4::plan483_input_inside_button_content_resolves
        PASS [   0.198s] (3800/4972) auto-lang ui::mcp_server::tests_plan483_d4::plan483_input_inside_tabs_resolves
        PASS [   0.187s] (3801/4972) auto-lang ui::mcp_server::tests_plan623::fixture_json_conversion_preserves_nested_values
        PASS [   0.214s] (3802/4972) auto-lang ui::mcp_server::tests_plan483_d4::plan483_second_input_in_login_shape_dispatches_password
        PASS [   0.188s] (3803/4972) auto-lang ui::mcp_server::tests_plan623::fixture_tool_definition_is_vm_gated_and_versioned
        PASS [   0.203s] (3804/4972) auto-lang ui::mcp_server::tests_plan623::fixture_compatibility_rejects_shape_changes
        PASS [   0.199s] (3805/4972) auto-lang ui::mcp_server::tests_plan623::fixture_limits_reject_excessive_nesting
        PASS [   0.185s] (3806/4972) auto-lang ui::media_service::tests::content_type_map
        PASS [   0.200s] (3807/4972) auto-lang ui::media_service::tests::ids_are_tokens_and_never_leak_absolute_paths
        PASS [   0.194s] (3808/4972) auto-lang ui::media_service::tests::index_is_recursive_and_filtered
        PASS [   0.155s] (3809/4972) auto-lang ui::media_service::tests::parse_range_covers_the_http_surface
        PASS [   0.211s] (3810/4972) auto-lang ui::media_service::tests::index_sorts_naturally_and_fills_rel_dir
        PASS [   0.175s] (3811/4972) auto-lang ui::media_service::tests::missing_root_is_an_error_not_a_panic
        PASS [   0.156s] (3812/4972) auto-lang ui::mem_guard::tests::private_mb_reports_nonzero_on_windows
        PASS [   0.172s] (3813/4972) auto-lang ui::media_service::tests::stream_plan_status_and_length
        PASS [   0.154s] (3814/4972) auto-lang ui::memo_deps::tests::fingerprint_value_detects_array_content_change
        PASS [   0.169s] (3815/4972) auto-lang ui::mem_guard::tests::sample_is_throttled_and_does_not_freeze_under_limit
        PASS [   0.166s] (3816/4972) auto-lang ui::memo_deps::tests::fingerprint_value_deterministic_and_expanded
        PASS [   0.170s] (3817/4972) auto-lang ui::memo_deps::tests::for_site_fingerprint_distinguishes_sites
        PASS [   0.169s] (3818/4972) auto-lang ui::memo_deps::tests::memo_cache_lru_eviction_and_counters
        PASS [   0.169s] (3819/4972) auto-lang ui::memo_deps::tests::globals_fingerprint_flips_on_any_component_change
        PASS [   0.167s] (3820/4972) auto-lang ui::memo_deps::tests::plan047_recorder_absorb_budget_boundary
        PASS [   0.173s] (3821/4972) auto-lang ui::memo_deps::tests::plan047_recorder_absorb_union_and_overflow_propagation
        PASS [   0.192s] (3822/4972) auto-lang ui::memo_deps::tests::plan047_recorder_budget_overflow_discards_whole_set
        PASS [   0.173s] (3823/4972) auto-lang ui::memo_deps::tests::plan047_recorder_record_and_key_shapes
        PASS [   0.157s] (3824/4972) auto-lang ui::memo_deps::tests::scan_dynamic_forms_degrade
        PASS [   0.154s] (3825/4972) auto-lang ui::memo_deps::tests::scan_item_conditional_slots_and_recurses
        PASS [   0.183s] (3826/4972) auto-lang ui::memo_deps::tests::scan_item_interpolation_external_name_degrades
        PASS [   0.197s] (3827/4972) auto-lang ui::memo_deps::tests::scan_item_nested_for_and_outlet_degrade
        PASS [   0.184s] (3828/4972) auto-lang ui::memo_deps::tests::scan_item_unparsable_condition_degrades
        PASS [   0.199s] (3829/4972) auto-lang ui::memo_deps::tests::scan_literal_only_subtree_no_slots
        PASS [   0.293s] (3830/4972) auto-lang ui::memo_deps::tests::memo_cache_site_counts_and_capacity_raise
        PASS [   0.200s] (3831/4972) auto-lang ui::memo_deps::tests::scan_nested_children_merged
        PASS [   0.215s] (3832/4972) auto-lang ui::memo_deps::tests::scan_state_binding_prop_yields_slot
        PASS [   0.202s] (3833/4972) auto-lang ui::native_dnd::payload_tests::parse_base64_binary_channel
        PASS [   0.220s] (3834/4972) auto-lang ui::memo_deps::tests::skeleton_fingerprint_structural_identity
        PASS [   6.392s] (3835/4972) auto-lang ui::desktop_protocol::stage3::tests::p508_g2_inproc_arm
        PASS [   0.205s] (3836/4972) auto-lang ui::native_dnd::payload_tests::parse_empty_and_invalid
        PASS [   0.205s] (3837/4972) auto-lang ui::native_dnd::payload_tests::parse_full_payload
        PASS [   0.204s] (3838/4972) auto-lang ui::native_dnd::payload_tests::parse_windows_bare_backslash_paths
        PASS [   0.207s] (3839/4972) auto-lang ui::native_dock::tests::clamp_expands_slot_to_min_size
        PASS [   0.187s] (3840/4972) auto-lang ui::native_dock::tests::clamp_expansion_capped_by_limit_then_rejects
        PASS [   0.184s] (3841/4972) auto-lang ui::native_dock::tests::clamp_fits_when_slot_large_enough
        PASS [   0.205s] (3842/4972) auto-lang ui::native_dock::tests::desktop_exit_triggers_undock
        PASS [   0.172s] (3843/4972) auto-lang ui::native_dock::tests::dock_rejected_carries_reason
        PASS [   0.201s] (3844/4972) auto-lang ui::native_dock::tests::dock_happy_path
        PASS [   0.169s] (3845/4972) auto-lang ui::native_dock::tests::dragwatch_end_inside_desktop_without_free_cell_still_docks
        PASS [   0.186s] (3846/4972) auto-lang ui::native_dock::tests::drag_beyond_threshold_detected
        PASS [   0.171s] (3847/4972) auto-lang ui::native_dock::tests::dragwatch_end_outside_desktop_abandons
        PASS [   0.187s] (3848/4972) auto-lang ui::native_dock::tests::dragwatch_fast_flick_same_batch_end_judged_immediately
        PASS [   0.186s] (3849/4972) auto-lang ui::native_dock::tests::dragwatch_full_transition_table
        PASS [   0.171s] (3850/4972) auto-lang ui::native_dock::tests::dragwatch_start_replaces_in_flight_session
        PASS [   0.169s] (3851/4972) auto-lang ui::native_dock::tests::illegal_transitions_are_ignored
        PASS [   0.169s] (3852/4972) auto-lang ui::native_dock::tests::dragwatch_throttles_same_rect_but_tracks_change
        PASS [   0.184s] (3853/4972) auto-lang ui::native_dock::tests::jitter_within_threshold_ignored
        PASS [   0.181s] (3854/4972) auto-lang ui::native_dock::tests::local_to_screen_with_dpi_scale
        PASS [   0.200s] (3855/4972) auto-lang ui::native_dock::tests::landing_slot_containment_then_nearest
        PASS [   0.187s] (3856/4972) auto-lang ui::native_dock::tests::min_size_estimate_cached_only_when_clamped
        PASS [   0.182s] (3857/4972) auto-lang ui::native_dock::tests::rect_contains_point_half_open_bounds
        PASS [   4.426s] (3858/4972) auto-lang ui::iced::renderer::tests::notif_history_fifo_capacity_and_mru_order
        PASS [   0.214s] (3859/4972) auto-lang ui::native_dock::tests::slot_pump_drains_noise_batch_and_prioritizes_gesture_markers
        PASS [   0.218s] (3860/4972) auto-lang ui::native_dock::tests::slot_pump_empty_channel_yields_empty_batch
        PASS [   0.202s] (3861/4972) auto-lang ui::native_dock::tests::undock_restores_pre_dock_bounds
        PASS [   0.217s] (3862/4972) auto-lang ui::native_dock::tests::target_closed_recycles_without_restore
        PASS [   0.217s] (3863/4972) auto-lang ui::native_dock::tests::user_drag_triggers_undock
        PASS [   0.201s] (3864/4972) auto-lang ui::native_dock::tests::window_local_holes_clips_and_translates
        PASS [   0.203s] (3865/4972) auto-lang ui::native_dock::tests::z_model_flip_keeps_desktop_above_native
        PASS [   0.201s] (3866/4972) auto-lang ui::native_widget::tests::dump_is_sorted_with_kinds
        PASS [   0.217s] (3867/4972) auto-lang ui::native_dock::tests::z_model_off_mode_keeps_native_above_desktop
        PASS [   0.202s] (3868/4972) auto-lang ui::native_widget::tests::duplicate_registration_rejected_with_violation
        PASS [   0.202s] (3869/4972) auto-lang ui::native_widget::tests::fold_lookup_kebab_and_camel_hit_canonical
        PASS [   0.201s] (3870/4972) auto-lang ui::native_widget::tests::register_and_lookup_view_entry
        PASS [   0.215s] (3871/4972) auto-lang ui::native_widget::tests::register_element_entry
        PASS [   0.217s] (3872/4972) auto-lang ui::native_widget::tests::unknown_name_misses
        PASS [   0.202s] (3873/4972) auto-lang ui::node_converter::tests::test_button_missing_onclick
        PASS [   0.202s] (3874/4972) auto-lang ui::node_converter::tests::test_convert_button
        PASS [   0.202s] (3875/4972) auto-lang ui::node_converter::tests::test_convert_checkbox
        PASS [  10.166s] (3876/4972) auto-lang tests::ffi_dual_tests::ffi_dual_019_dep_layout_invariants
        PASS [   0.198s] (3877/4972) auto-lang ui::node_converter::tests::test_convert_column
        PASS [   0.183s] (3878/4972) auto-lang ui::node_converter::tests::test_convert_container
        PASS [   0.198s] (3879/4972) auto-lang ui::node_converter::tests::test_convert_text
        PASS [   0.215s] (3880/4972) auto-lang ui::node_converter::tests::test_convert_row
        PASS [   0.200s] (3881/4972) auto-lang ui::node_converter::tests::test_nested_layout
        PASS [   0.211s] (3882/4972) auto-lang ui::node_converter::tests::test_unknown_kind
        PASS [   0.221s] (3883/4972) auto-lang ui::osconfig_apps::tests::block_form_parses_via_flat_reader
        PASS [   0.221s] (3884/4972) auto-lang ui::osconfig_apps::tests::missing_app_config_is_empty
        PASS [   0.198s] (3885/4972) auto-lang ui::osconfig_daemon::tests::daemon_env_key_derivation_matches_legacy
        PASS [   0.211s] (3886/4972) auto-lang ui::osconfig_apps::tests::seed_fields_skips_undeclared_vars
        PASS [   0.220s] (3887/4972) auto-lang ui::osconfig_apps::tests::seed_fields_writes_declared_vars_only
        PASS [   0.215s] (3888/4972) auto-lang ui::osconfig_daemon::tests::ensure_generic_offline_when_bin_absent
        PASS [   0.203s] (3889/4972) auto-lang ui::osconfig_daemon::tests::ensure_generic_reuses_running
        PASS [   0.205s] (3890/4972) auto-lang ui::osconfig_daemon::tests::ensure_generic_spawn_failure_is_offline_with_name
        PASS [   0.206s] (3891/4972) auto-lang ui::osconfig_daemon::tests::ensure_generic_spawns_with_port_env
        PASS [   0.212s] (3892/4972) auto-lang ui::osconfig_daemon::tests::ensure_ready_offline_when_binary_not_found
        PASS [   0.231s] (3893/4972) auto-lang ui::osconfig_daemon::tests::ensure_ready_falls_back_to_path_tier
        PASS [   0.216s] (3894/4972) auto-lang ui::osconfig_daemon::tests::ensure_ready_offline_when_spawn_fails
        PASS [   0.216s] (3895/4972) auto-lang ui::osconfig_daemon::tests::ensure_ready_override_path_used_for_spawn
        PASS [   0.187s] (3896/4972) auto-lang ui::osconfig_daemon::tests::ensure_ready_reuses_running_daemon
        PASS [   0.201s] (3897/4972) auto-lang ui::osconfig_daemon::tests::ensure_ready_spawns_then_ready_with_port_env
        PASS [   0.188s] (3898/4972) auto-lang ui::osconfig_daemon::tests::env_injection_shape
        PASS [   0.199s] (3899/4972) auto-lang ui::osconfig_daemon::tests::real_io_ping_wires_tcp_ping
        PASS [   0.213s] (3900/4972) auto-lang ui::osconfig_daemon::tests::resolve_all_miss_is_none
        PASS [   0.401s] (3901/4972) auto-lang ui::osconfig_daemon::tests::ensure_generic_ready_timeout_offline
        PASS [   0.219s] (3902/4972) auto-lang ui::osconfig_daemon::tests::resolve_order_explicit_wins
        PASS [   0.214s] (3903/4972) auto-lang ui::osconfig_daemon::tests::should_spawn_decision
        PASS [   0.235s] (3904/4972) auto-lang ui::osconfig_daemon::tests::resolve_order_sibling_target_then_path
        PASS [   0.223s] (3905/4972) auto-lang ui::osconfig_daemon::tests::url_port_helpers
        PASS [   0.199s] (3906/4972) auto-lang ui::photo_service::tests::content_type_map
        PASS [   0.219s] (3907/4972) auto-lang ui::osconfig_daemon::tests::which_in_scans_dirs_in_order
        PASS [   0.192s] (3908/4972) auto-lang ui::photo_service::tests::date_label_converts_epoch_days
        PASS [   0.421s] (3909/4972) auto-lang ui::osconfig_daemon::tests::ensure_ready_offline_on_ready_timeout
        PASS [   0.209s] (3910/4972) auto-lang ui::photo_service::tests::missing_root_is_an_error_not_a_panic
        PASS [   0.205s] (3911/4972) auto-lang ui::photo_service::tests::photo_from_rel_rebuilds_entry
        PASS [   0.200s] (3912/4972) auto-lang ui::photo_service::tests::root_listing_is_non_recursive_with_dirs
        PASS [   0.184s] (3913/4972) auto-lang ui::photo_service::tests::sanitize_rel_dir_rejects_traversal
        PASS [   0.200s] (3914/4972) auto-lang ui::photo_service::tests::render_thumbnail_roundtrip_and_cache
        PASS [   0.170s] (3915/4972) auto-lang ui::photo_service::tests::thumb_cache_key_includes_mtime_and_width
        PASS [   0.217s] (3916/4972) auto-lang ui::photo_service::tests::subdir_listing_navigates_one_level
        PASS [   0.156s] (3917/4972) auto-lang ui::scroll::controller::tests::handle_allocates_and_validates
        PASS [   0.172s] (3918/4972) auto-lang ui::photo_service::tests::tokens_resolve_per_root_and_never_leak_paths
        PASS [   0.173s] (3919/4972) auto-lang ui::scroll::controller::tests::bind_note_enqueue_drain_round_trip
        PASS [   0.168s] (3920/4972) auto-lang ui::scroll::controller::tests::unbound_handle_silently_dropped
        PASS [   0.449s] (3921/4972) auto-lang ui::osconfig_daemon::tests::real_daemon_ping_short_timeout_fast_fail
        PASS [   0.199s] (3922/4972) auto-lang ui::scroll::geometry::tests::clamp_bounds
        PASS [   0.178s] (3923/4972) auto-lang ui::scroll::geometry::tests::pathological_zero_rail_and_extent
        PASS [   0.183s] (3924/4972) auto-lang ui::scroll::geometry::tests::progress_edge_cases
        PASS [   0.180s] (3925/4972) auto-lang ui::scroll::geometry::tests::thumb_drag_maps_to_offset_and_back
        PASS [   0.197s] (3926/4972) auto-lang ui::scroll::geometry::tests::range_clamps_negative_to_zero
        PASS [   0.180s] (3927/4972) auto-lang ui::scroll::geometry::tests::thumb_min_clamp_uses_travel_not_content_ratio
        PASS [   0.180s] (3928/4972) auto-lang ui::scroll::geometry::tests::thumb_extent_never_exceeds_rail
        PASS [   0.184s] (3929/4972) auto-lang ui::scroll::geometry::tests::thumb_offset_round_trip_identity
        PASS [   0.187s] (3930/4972) auto-lang ui::scroll::host::tests::both_axes_independent
        PASS [   0.187s] (3931/4972) auto-lang ui::scroll::host::tests::host_record_carries_three_channels
        PASS [   0.199s] (3932/4972) auto-lang ui::scroll::geometry::tests::thumb_proportional_without_min_clamp
        PASS [   0.166s] (3933/4972) auto-lang ui::scroll::host::tests::intent_channel_resolves_and_clamps_against_logical_extent
        PASS [   0.184s] (3934/4972) auto-lang ui::scroll::host::tests::intent_log_capped
        PASS [   0.186s] (3935/4972) auto-lang ui::scroll::host::tests::policy_is_orthogonal_to_host
        PASS [   0.186s] (3936/4972) auto-lang ui::scroll::host::tests::state_channel_publishes_logical_extent_and_offset
        PASS [   0.184s] (3937/4972) auto-lang ui::scroll::host::tests::viewport_channel_drives_range_and_reclamps
        PASS [   0.189s] (3938/4972) auto-lang ui::scroll::intent::tests::resolve_content_smaller_than_viewport_is_sticky_zero
        PASS [   0.202s] (3939/4972) auto-lang ui::scroll::intent::tests::resolve_disabled_axis_degenerates_to_zero
        PASS [   0.203s] (3940/4972) auto-lang ui::scroll::intent::tests::resolve_nan_inputs_stay_total
        PASS [   0.216s] (3941/4972) auto-lang ui::scroll::intent::tests::resolve_page_by_uses_viewport_extent
        PASS [   0.202s] (3942/4972) auto-lang ui::scroll::intent::tests::resolve_scroll_by_clamps_at_edges
        PASS [   0.203s] (3943/4972) auto-lang ui::scroll::intent::tests::resolve_to_end_and_start
        PASS [   0.207s] (3944/4972) auto-lang ui::scroll::intent::tests::source_carried_through_resolve
        PASS [   0.224s] (3945/4972) auto-lang ui::scroll::intent::tests::resolve_x_axis_independent_of_y
        PASS [   0.201s] (3946/4972) auto-lang ui::scroll::state::tests::degenerate_axis_projection
        PASS [   0.219s] (3947/4972) auto-lang ui::scroll::managed::tests::host_registry_persists_across_lookups
        PASS [   0.202s] (3948/4972) auto-lang ui::scroll::state::tests::f64_large_extent_precision
        PASS [   0.217s] (3949/4972) auto-lang ui::scroll::state::tests::scroll_axes_consts_and_contains
        PASS [   0.204s] (3950/4972) auto-lang ui::scroll::state::tests::scrollbar_policy_keywords
        PASS [   0.200s] (3951/4972) auto-lang ui::selection::output::tests::dedent_strips_common_indent_and_blank_edges
        PASS [   0.218s] (3952/4972) auto-lang ui::scroll::state::tests::scroll_axes_from_keyword
        PASS [   0.200s] (3953/4972) auto-lang ui::selection::output::tests::empty_selection_renders_marker
        PASS [   0.204s] (3954/4972) auto-lang ui::selection::output::tests::envelope_source_slice_for_span_node
        PASS [   0.219s] (3955/4972) auto-lang ui::selection::output::tests::envelope_build_and_auto_render
        PASS [   0.199s] (3956/4972) auto-lang ui::selection::output::tests::format_parse_and_cycle
        PASS [   0.218s] (3957/4972) auto-lang ui::selection::output::tests::node_to_json_round_trip_basic
        PASS [   0.202s] (3958/4972) auto-lang ui::selection::output::tests::select_envelope_trims_to_topmost
        PASS [   0.203s] (3959/4972) auto-lang ui::selection::output::tests::slice_is_byte_exact_substring
        PASS [   0.204s] (3960/4972) auto-lang ui::selection::tests::marquee_dead_zone
        PASS [   0.221s] (3961/4972) auto-lang ui::selection::output::tests::slice_out_of_bounds_is_none
        PASS [   0.195s] (3962/4972) auto-lang ui::selection::tests::select_nodes_center_inside_hits_edge_sweep_misses
        PASS [   0.196s] (3963/4972) auto-lang ui::selection::tests::marquee_rect_normalizes_both_directions
        PASS [   0.198s] (3964/4972) auto-lang ui::selection::tests::select_nodes_empty_bounds_is_empty
        PASS [   0.215s] (3965/4972) auto-lang ui::selection::tests::select_nodes_nested_all_hit
        PASS [   0.201s] (3966/4972) auto-lang ui::selection::tests::trim_all_hit_returns_topmost_single_in_doc_order
        PASS [   0.201s] (3967/4972) auto-lang ui::selection::tests::trim_derives_ancestry_from_children_not_parent_field
        PASS [   0.201s] (3968/4972) auto-lang ui::selection::tests::trim_child_hit_parent_miss_keeps_child
        PASS [   0.202s] (3969/4972) auto-lang ui::selection::tests::trim_disjoint_hits_keep_multiple_in_doc_order
        PASS [   0.202s] (3970/4972) auto-lang ui::selection::tests::trim_empty_selection_is_empty
        PASS [   0.218s] (3971/4972) auto-lang ui::session::hotkey_tests::hotkey_builtin_table_matrix
        PASS [   0.219s] (3972/4972) auto-lang ui::session::hotkey_tests::hotkey_launcher_alias_dual_receive
        PASS [   0.233s] (3973/4972) auto-lang ui::session::hotkey_tests::hotkey_spec_parse
        PASS [   0.222s] (3974/4972) auto-lang ui::session::hotkey_tests::hotkey_storage_override_roundtrip
        PASS [   0.192s] (3975/4972) auto-lang ui::session::live_input_tests::ime_wheel_and_modifiers_shapes
        PASS [   0.192s] (3976/4972) auto-lang ui::session::live_input_tests::keyboard_mapping_shapes
        PASS [   0.183s] (3977/4972) auto-lang ui::session::live_input_tests::vk_table_covers_forwarding_set
        PASS [   1.176s] (3978/4972) auto-lang tests::ffi_dual_tests::ffi_dual_020_dep_traits_generics
        PASS [   0.201s] (3979/4972) auto-lang ui::session::tests::activate_verb_parse_and_encode
        PASS [   0.205s] (3980/4972) auto-lang ui::session::tests::dashboard_command_verbs_roundtrip
        PASS [   0.265s] (3981/4972) auto-lang ui::session::live_input_tests::route_live_input_routes_to_focus_and_hover
        PASS [   0.254s] (3982/4972) auto-lang ui::session::tests::allocate_app_increments_and_primary_is_min
        PASS [   0.254s] (3983/4972) auto-lang ui::session::tests::apply_pending_raise_noop_when_stale_or_top
        PASS [   0.223s] (3984/4972) auto-lang ui::session::tests::desktop_command_encode_parse_round_trip
        PASS [   0.220s] (3985/4972) auto-lang ui::session::tests::desktop_command_roundtrip_full_vocabulary
        PASS [   0.223s] (3986/4972) auto-lang ui::session::tests::desktop_message_shapes_compile
        PASS [   0.238s] (3987/4972) auto-lang ui::session::tests::desktop_command_parse_skips_bad_records
        PASS [   0.269s] (3988/4972) auto-lang ui::session::tests::dashboard_visibility_defaults_and_flips
        PASS [   0.239s] (3989/4972) auto-lang ui::session::tests::desktop_event_opened_carries_size
        PASS [   0.199s] (3990/4972) auto-lang ui::session::tests::dock_pin_unpin_verbs_parse_and_encode
        PASS [   0.271s] (3991/4972) auto-lang ui::session::tests::devtools_state_is_per_app
        PASS [   0.281s] (3992/4972) auto-lang ui::session::tests::drain_desktop_commands_reads_and_clears
        PASS [   0.262s] (3993/4972) auto-lang ui::session::tests::hatch_registers_face_fields_and_is_idempotent
        PASS [   0.239s] (3994/4972) auto-lang ui::session::tests::keyboard_bindings_shared_across_clones
        PASS [   0.281s] (3995/4972) auto-lang ui::session::tests::focus_soft_defers_raise_until_mouse_released
        PASS [   0.275s] (3996/4972) auto-lang ui::session::tests::hatch_gate_excludes_backend_provisioned_apps
        PASS [   0.312s] (3997/4972) auto-lang ui::session::tests::l1_surface_transfer_round_trip_state_continuous
        PASS [   0.261s] (3998/4972) auto-lang ui::session::tests::launch_app_daemon_offline_still_launches_without_env
        PASS [   0.279s] (3999/4972) auto-lang ui::session::tests::launch_app_daemon_ready_injects_env
        PASS [   0.315s] (4000/4972) auto-lang ui::session::tests::launch_app_adds_window_and_focuses
        PASS [   0.299s] (4001/4972) auto-lang ui::session::tests::launch_app_cascade_index_counts_current_partition
        PASS [   0.281s] (4002/4972) auto-lang ui::session::tests::launch_app_cascades_second_window
        PASS [   0.291s] (4003/4972) auto-lang ui::session::tests::launch_app_fit_spec_marks_vwin_fit_pending
        PASS [   0.338s] (4004/4972) auto-lang ui::session::tests::launch_app_seeds_osconfig_app_config
        PASS [   0.340s] (4005/4972) auto-lang ui::session::tests::launch_outproc_child_body
        PASS [   0.390s] (4006/4972) auto-lang ui::session::tests::launch_app_unknown_name_errors_without_window
        PASS [   0.420s] (4007/4972) auto-lang ui::session::tests::launch_app_outproc_lands_window
        PASS [   0.404s] (4008/4972) auto-lang ui::session::tests::launch_app_without_daemon_declaration_skips_probe
        PASS [   0.339s] (4009/4972) auto-lang ui::session::tests::launcher_compiled_exe_discovery
        PASS [   0.317s] (4010/4972) auto-lang ui::session::tests::native_dock_verbs_parse_and_encode
        PASS [   0.324s] (4011/4972) auto-lang ui::session::tests::modifiers_roundtrip_via_merged_field
        PASS [   0.344s] (4012/4972) auto-lang ui::session::tests::mark_fit_dirty_marks_only_eligible_windows
        PASS [   0.268s] (4013/4972) auto-lang ui::session::tests::native_exe_discovery_order
        PASS [   0.367s] (4014/4972) auto-lang ui::session::tests::native_drag_watch_session_fields_start_cleared
        PASS [   0.394s] (4015/4972) auto-lang ui::session::tests::mru_in_workspace_orders_and_filters
        PASS [   0.288s] (4016/4972) auto-lang ui::session::tests::native_exe_discovery_shared_workspace_landing
        PASS [   0.318s] (4017/4972) auto-lang ui::session::tests::native_slot_focus_raises_and_enters_mru_front
        PASS [   0.317s] (4018/4972) auto-lang ui::session::tests::native_slot_drag_follows_cursor_and_persists_in_free
        PASS [   0.334s] (4019/4972) auto-lang ui::session::tests::native_slot_focus_raises_band_order_and_restack_flag
        PASS [   0.346s] (4020/4972) auto-lang ui::session::tests::native_slot_dock_registers_unified_order_workspace_not_focus
        PASS [   0.330s] (4021/4972) auto-lang ui::session::tests::native_slot_joins_cycle_and_mru_and_focus_fallback
        PASS [   0.243s] (4022/4972) auto-lang ui::session::tests::native_slot_registry_lifecycle
        PASS [   0.282s] (4023/4972) auto-lang ui::session::tests::native_slot_joins_grid_layout_and_emits_sync
        PASS [   0.215s] (4024/4972) auto-lang ui::session::tests::native_slot_reject_removes_slot
        PASS [   0.224s] (4025/4972) auto-lang ui::session::tests::native_slot_resize_clamps_to_min_size
        PASS [   0.208s] (4026/4972) auto-lang ui::session::tests::notif_commands_encode_parse_round_trip
        PASS [   0.194s] (4027/4972) auto-lang ui::session::tests::p024_app_window_px_setter_semantics
        PASS [   0.179s] (4028/4972) auto-lang ui::session::tests::p024_vwin_content_size_derivation
        PASS [   0.231s] (4029/4972) auto-lang ui::session::tests::native_slot_workspace_move_and_visibility_semantics
        PASS [   0.266s] (4030/4972) auto-lang ui::session::tests::native_slot_resize_east_south_growth_and_viewport_clamp
        PASS [   0.280s] (4031/4972) auto-lang ui::session::tests::native_slot_removal_purges_order_focus_and_interaction
        PASS [   0.134s] (4032/4972) auto-lang ui::session::tests::settings_commands_encode_parse_round_trip
        PASS [   0.242s] (4033/4972) auto-lang ui::session::tests::primary_window_state_roundtrip
        PASS [   0.156s] (4034/4972) auto-lang ui::session::tests::shell_model_from_storage_defaults_inproc
        PASS [   0.260s] (4035/4972) auto-lang ui::session::tests::plan488_drop_hit_app_at_local
        PASS [   0.247s] (4036/4972) auto-lang ui::session::tests::register_window_overwrite_preserves_fit_pending
        PASS [   0.201s] (4037/4972) auto-lang ui::session::tests::shell_respawn_budget_exhaustion_degrades
        PASS [   0.221s] (4038/4972) auto-lang ui::session::tests::showdesk_wallpaper_verbs_parse_and_encode
        PASS [   0.278s] (4039/4972) auto-lang ui::session::tests::register_window_overwrite_preserves_fit_remeasure_fields
        PASS [   0.278s] (4040/4972) auto-lang ui::session::tests::send_to_parses_slot_entry_wid_and_preserves_vwin
        PASS [   0.216s] (4041/4972) auto-lang ui::session::tests::spawn_exe_child_args_dual_dialect
        PASS [   0.214s] (4042/4972) auto-lang ui::session::tests::syslog_verb_parse_semantics
        PASS [   0.262s] (4043/4972) auto-lang ui::session::tests::split_views_absent_app_is_none
        PASS [   0.268s] (4044/4972) auto-lang ui::session::tests::split_at_requires_registered_window
        PASS [   0.264s] (4045/4972) auto-lang ui::session::tests::standalone_mode_has_no_wm
        PASS [   0.198s] (4046/4972) auto-lang ui::session::tests::win_rect_parse_families_and_noop_rules
        PASS [   0.259s] (4047/4972) auto-lang ui::session::tests::unknown_window_routes_to_none
        PASS [   0.277s] (4048/4972) auto-lang ui::session::tests::vwin_minimize_does_not_cancel_slot_interaction
        PASS [   0.220s] (4049/4972) auto-lang ui::session::tests::window_registration_routes_and_transfers_pending_size
        PASS [   0.254s] (4050/4972) auto-lang ui::session::tests::windowless_shell_split_mut_and_bus
        PASS [   0.261s] (4051/4972) auto-lang ui::session::tests::wm_add_win_bottom_pins_z_and_skips_focus_mru
        PASS [   0.283s] (4052/4972) auto-lang ui::session::tests::wm_add_focus_remove_lifecycle
        PASS [   0.229s] (4053/4972) auto-lang ui::session::tests::wm_cycle_focus_single_window_is_noop
        PASS [   2.226s] (4054/4972) auto-lang ui::osconfig_daemon::tests::tcp_ping_real_server_and_dead_port
        PASS [   0.277s] (4055/4972) auto-lang ui::session::tests::wm_cycle_focus_rotates_z_order
        PASS [   0.305s] (4056/4972) auto-lang ui::session::tests::wm_minimize_and_maximize_state_machine
        PASS [   0.277s] (4057/4972) auto-lang ui::session::tests::wm_resize_marks_app_view_dirty
        PASS [   0.336s] (4058/4972) auto-lang ui::session::tests::wm_drag_and_resize_interaction
        PASS [   0.353s] (4059/4972) auto-lang ui::session::tests::wm_resize_interaction_locks_fit_window
        PASS [   0.289s] (4060/4972) auto-lang ui::session::tests::wm_set_layout_grid_positions_windows
        PASS [   0.298s] (4061/4972) auto-lang ui::session::tests::workspace_commands_encode_parse_round_trip
        PASS [   0.347s] (4062/4972) auto-lang ui::session::tests::workspace_additive_default_two_partitions
        PASS [   0.377s] (4063/4972) auto-lang ui::session::tests::wm_split_views_target_vwin_fields
        PASS [   0.374s] (4064/4972) auto-lang ui::session::tests::workspace_close_focus_falls_back_within_partition
        PASS [   0.309s] (4065/4972) auto-lang ui::session::tests::workspace_remove_guards_last_partition_and_out_of_range
        PASS [   0.359s] (4066/4972) auto-lang ui::session::tests::workspace_hit_test_and_cycle_filter_by_current
        PASS [   0.369s] (4067/4972) auto-lang ui::session::tests::workspace_move_win_to_hidden_and_same_partition
        PASS [   0.353s] (4068/4972) auto-lang ui::session::tests::workspace_remove_current_partition_transfers_focus
        PASS [   0.136s] (4069/4972) auto-lang ui::shell_projection::tests::launcher_snapshot_writes_and_fingerprint
        PASS [   0.350s] (4070/4972) auto-lang ui::session::tests::workspace_remove_rehomes_windows_and_clamps
        PASS [   0.336s] (4071/4972) auto-lang ui::shell::p7_loader_tests::shell_pack_env_authoritative_and_per_file_fallback
        PASS [   1.541s] (4072/4972) auto-lang tests::ffi_dual_tests::ffi_dual_021_dep_callback
        PASS [   0.370s] (4073/4972) auto-lang ui::session::tests::workspace_set_and_next_switch_partition
        PASS [   0.310s] (4074/4972) auto-lang ui::shell::p7_loader_tests::shell_pack_hash_parity_with_embedded_snapshot
        PASS [   0.322s] (4075/4972) auto-lang ui::shell_projection::tests::dashboard_snapshot_writes_and_fingerprint
        PASS [   0.335s] (4076/4972) auto-lang ui::shell_projection::tests::desktop_surface_snapshot_lowering_keys
        PASS [   0.413s] (4077/4972) auto-lang ui::shell::pack_tests::shell_packs_compile
        PASS [   0.365s] (4078/4972) auto-lang ui::shell_projection::tests::interpreted_writes_cover_legacy_write_set
        PASS [   0.536s] (4079/4972) auto-lang ui::session::tests::workspace_v11_commands_encode_parse_round_trip
        PASS [   1.055s] (4080/4972) auto-lang ui::session::tests::session_drop_reaps_outproc_children
        PASS [   0.378s] (4081/4972) auto-lang ui::shell_projection::tests::overlay_snapshots_writes_fingerprint_and_event_tags
        PASS [   0.385s] (4082/4972) auto-lang ui::shell_projection::tests::shell_manifest_faces
        PASS [   0.398s] (4083/4972) auto-lang ui::shell_projection::tests::shell_win_lowering_branch_field_sets
        PASS [   0.394s] (4084/4972) auto-lang ui::state_migration::tests::test_eval_default_array
        PASS [   0.412s] (4085/4972) auto-lang ui::state_migration::tests::test_eval_default_complex_expr
        PASS [   0.400s] (4086/4972) auto-lang ui::state_migration::tests::test_migrate_adds_new_fields
        PASS [   0.395s] (4087/4972) auto-lang ui::state_migration::tests::test_migrate_drops_removed_fields
        PASS [   0.413s] (4088/4972) auto-lang ui::state_migration::tests::test_migrate_empty_new_fields
        PASS [   0.414s] (4089/4972) auto-lang ui::state_migration::tests::test_migrate_empty_old_state
        PASS [   0.399s] (4090/4972) auto-lang ui::state_migration::tests::test_migrate_full_replacement
        PASS [   0.430s] (4091/4972) auto-lang ui::state_migration::tests::test_migrate_preserves_compatible_fields
        PASS [   0.411s] (4092/4972) auto-lang ui::state_migration::tests::test_migrate_type_changed_uses_new_default
        PASS [   0.385s] (4093/4972) auto-lang ui::state_migration::tests::test_migration_report_dropped_names
        PASS [   0.368s] (4094/4972) auto-lang ui::style::class::tests::p022_slot_style_string_keeps_absolute_and_offsets
        PASS [   0.384s] (4095/4972) auto-lang ui::style::class::tests::test_arbitrary_hex_with_alpha_modifier
        PASS [   0.367s] (4096/4972) auto-lang ui::style::class::tests::test_parse_border
        PASS [   0.414s] (4097/4972) auto-lang ui::style::class::tests::test_parse_backdrop_vocabulary
        PASS [   0.369s] (4098/4972) auto-lang ui::style::class::tests::test_parse_border_radius
        PASS [   0.387s] (4099/4972) auto-lang ui::style::class::tests::test_parse_colors
        PASS [   0.397s] (4100/4972) auto-lang ui::style::class::tests::test_parse_flex1
        PASS [   0.397s] (4101/4972) auto-lang ui::style::class::tests::test_parse_font_weight
        PASS [   0.418s] (4102/4972) auto-lang ui::style::class::tests::test_parse_fractional_spacing
        PASS [   0.400s] (4103/4972) auto-lang ui::style::class::tests::test_parse_grid
        PASS [   0.430s] (4104/4972) auto-lang ui::style::class::tests::test_parse_gap
        PASS [   0.447s] (4105/4972) auto-lang ui::style::class::tests::test_parse_grid_position
        PASS [   0.450s] (4106/4972) auto-lang ui::style::class::tests::test_parse_grid_span
        PASS [   0.431s] (4107/4972) auto-lang ui::style::class::tests::test_parse_items_align
        PASS [   0.432s] (4108/4972) auto-lang ui::style::class::tests::test_parse_items_baseline_degrades_to_center
        PASS [   0.404s] (4109/4972) auto-lang ui::style::class::tests::test_parse_layout
        PASS [   0.404s] (4110/4972) auto-lang ui::style::class::tests::test_parse_justify_align
        PASS [   0.401s] (4111/4972) auto-lang ui::style::class::tests::test_parse_margin
        PASS [   0.372s] (4112/4972) auto-lang ui::style::class::tests::test_parse_negative_margins
        PASS [   0.340s] (4113/4972) auto-lang ui::style::class::tests::test_parse_opacity
        PASS [   0.327s] (4114/4972) auto-lang ui::style::class::tests::test_parse_overflow
        PASS [   0.327s] (4115/4972) auto-lang ui::style::class::tests::test_parse_padding_xy
        PASS [   0.343s] (4116/4972) auto-lang ui::style::class::tests::test_parse_padding
        PASS [   0.265s] (4117/4972) auto-lang ui::style::class::tests::test_parse_plan412_flex_variants
        PASS [   0.311s] (4118/4972) auto-lang ui::style::class::tests::test_parse_plan412_axis_gaps
        PASS [   0.217s] (4119/4972) auto-lang ui::style::class::tests::test_parse_plan527_t3_layout_extensions
        PASS [   0.267s] (4120/4972) auto-lang ui::style::class::tests::test_parse_plan412_justify_items
        PASS [   0.202s] (4121/4972) auto-lang ui::style::class::tests::test_parse_plan527_t4_visual_extensions
        PASS [   0.232s] (4122/4972) auto-lang ui::style::class::tests::test_parse_plan412_position_degraded
        PASS [   0.188s] (4123/4972) auto-lang ui::style::class::tests::test_parse_plan527_t5_text_extensions
        PASS [   0.155s] (4124/4972) auto-lang ui::style::class::tests::test_parse_rounded_variants
        PASS [   0.171s] (4125/4972) auto-lang ui::style::class::tests::test_parse_position
        PASS [   0.154s] (4126/4972) auto-lang ui::style::class::tests::test_parse_text_align
        PASS [   1.809s] (4127/4972) auto-lang ui::session::tests::shutdown_broker_sets_flag_and_is_idempotent
        PASS [   0.171s] (4128/4972) auto-lang ui::style::class::tests::test_parse_shadow
        PASS [   0.153s] (4129/4972) auto-lang ui::style::class::tests::test_parse_text_size
        PASS [   0.168s] (4130/4972) auto-lang ui::style::class::tests::test_parse_sizing
        PASS [   0.167s] (4131/4972) auto-lang ui::style::class::tests::test_parse_text_decoration
        PASS [   0.156s] (4132/4972) auto-lang ui::style::class::tests::test_semantic_color_with_alpha_is_dark_aware
        PASS [   0.173s] (4133/4972) auto-lang ui::style::class::tests::test_parse_z_index
        PASS [   0.156s] (4134/4972) auto-lang ui::style::color::tests::test_brand_green
        PASS [   0.156s] (4135/4972) auto-lang ui::style::class::tests::test_size_to_pixels
        PASS [   0.154s] (4136/4972) auto-lang ui::style::color::tests::test_from_tailwind
        PASS [   0.154s] (4137/4972) auto-lang ui::style::color::tests::test_from_hex
        PASS [   0.154s] (4138/4972) auto-lang ui::style::color::tests::test_to_rgb_normalized
        PASS [   0.155s] (4139/4972) auto-lang ui::style::iced_adapter::tests::directional_rounded_leaves_unspecified_corners_square
        PASS [   0.155s] (4140/4972) auto-lang ui::style::iced_adapter::tests::plan050_absolute_utilities_degrade_to_inline_flow
        PASS [   0.156s] (4141/4972) auto-lang ui::style::iced_adapter::tests::plan050_bg_alpha_survives_to_iced_style
        PASS [   0.153s] (4142/4972) auto-lang ui::style::iced_adapter::tests::test_clip_text_degrades_transparent_text
        PASS [   0.153s] (4143/4972) auto-lang ui::style::iced_adapter::tests::test_convert_color
        PASS [   0.169s] (4144/4972) auto-lang ui::style::iced_adapter::tests::test_chat_bubble_style
        PASS [   0.155s] (4145/4972) auto-lang ui::style::iced_adapter::tests::test_hover_classes_merge_over_base
        PASS [   0.155s] (4146/4972) auto-lang ui::style::iced_adapter::tests::test_convert_simple_style
        PASS [   0.156s] (4147/4972) auto-lang ui::style::iced_adapter::tests::test_transparent_text_without_clip_untouched
        PASS [   0.170s] (4148/4972) auto-lang ui::style::iced_adapter::tests::test_plan527_t3_iced_consumes_layout_extensions
        PASS [   0.156s] (4149/4972) auto-lang ui::style::layout_extract::tests::test_axis_padding
        PASS [   0.169s] (4150/4972) auto-lang ui::style::iced_adapter::tests::test_plan527_t4_iced_consumes_visual_extensions
        PASS [   0.151s] (4151/4972) auto-lang ui::style::layout_extract::tests::test_gap
        PASS [   0.167s] (4152/4972) auto-lang ui::style::layout_extract::tests::test_margin_extraction
        PASS [   0.151s] (4153/4972) auto-lang ui::style::layout_extract::tests::test_ml_auto
        PASS [   0.168s] (4154/4972) auto-lang ui::style::layout_extract::tests::test_margin_top
        PASS [   0.155s] (4155/4972) auto-lang ui::style::layout_extract::tests::test_ml_numeric
        PASS [   0.171s] (4156/4972) auto-lang ui::style::layout_extract::tests::test_no_layout_classes
        PASS [   0.157s] (4157/4972) auto-lang ui::style::layout_extract::tests::test_per_side_override
        PASS [   0.170s] (4158/4972) auto-lang ui::style::layout_extract::tests::test_sizing
        PASS [   0.186s] (4159/4972) auto-lang ui::style::layout_extract::tests::test_uniform_padding
        PASS [   0.186s] (4160/4972) auto-lang ui::style::parser::tests::test_parse_empty_string
        PASS [   0.185s] (4161/4972) auto-lang ui::style::parser::tests::test_parse_invalid_class
        PASS [   0.183s] (4162/4972) auto-lang ui::style::parser::tests::test_parse_style_object
        PASS [   0.183s] (4163/4972) auto-lang ui::style::parser::tests::test_parse_multiple_classes
        PASS [   0.184s] (4164/4972) auto-lang ui::style::parser::tests::test_parse_with_extra_whitespace
        PASS [   0.184s] (4165/4972) auto-lang ui::style::plan095_tests::css_color_from_css_rgb_rgba_hex
        PASS [   0.183s] (4166/4972) auto-lang ui::style::plan095_tests::css_declaration_chain_parses_musk_canvas_frame
        PASS [   0.183s] (4167/4972) auto-lang ui::style::plan095_tests::css_declarations_mixed_with_tailwind_tokens
        PASS [   0.184s] (4168/4972) auto-lang ui::style::plan411_tests::test_md_hidden_classes_parse
        PASS [   0.202s] (4169/4972) auto-lang ui::style::plan411_tests::test_hidden_sm_inline_not_hidden
        PASS [   0.188s] (4170/4972) auto-lang ui::style::plan411_tests::test_md_hidden_is_hidden
        PASS [   0.187s] (4171/4972) auto-lang ui::style::plan411_tests::test_responsive_text_size_ladder
        PASS [   0.186s] (4172/4972) auto-lang ui::style::plan411_tests::test_text_5xl_9xl_parse
        PASS [   0.185s] (4173/4972) auto-lang ui::style::tests::test_dark_prefix_gates_by_theme_mode
        PASS [   0.185s] (4174/4972) auto-lang ui::style::tests::test_hover_class_with_alpha_parses
        PASS [   0.202s] (4175/4972) auto-lang ui::style::tests::test_breakpoint_boundary_values
        PASS [   0.187s] (4176/4972) auto-lang ui::style::tests::test_hover_classes_split_from_base
        PASS [   0.200s] (4177/4972) auto-lang ui::style::tests::test_from_str
        PASS [   0.171s] (4178/4972) auto-lang ui::style::tests::test_lg_hidden_override_and_width_cascade
        PASS [   0.171s] (4179/4972) auto-lang ui::style::tests::test_parse_legacy_drop_behavior_unchanged
        PASS [   0.157s] (4180/4972) auto-lang ui::style::tests::test_parse_reported_hover_unmapped_keeps_variant_prefix
        PASS [   0.171s] (4181/4972) auto-lang ui::style::tests::test_parse_reported_clean_input_empty_report
        PASS [   0.172s] (4182/4972) auto-lang ui::style::tests::test_parse_reported_returns_unmapped_tokens
        PASS [   0.172s] (4183/4972) auto-lang ui::style::tests::test_responsive_gates_by_window_width
        PASS [   0.172s] (4184/4972) auto-lang ui::style::tests::test_parse_simple
        PASS [   0.171s] (4185/4972) auto-lang ui::style::tests::test_variant_hover_legacy_behavior_zero_regression
        PASS [   0.171s] (4186/4972) auto-lang ui::style::tests::test_variant_pipeline_collects_all_variants
        PASS [   0.154s] (4187/4972) auto-lang ui::style::theme::tests::coral_matches_stella_rose_accent
        PASS [   0.172s] (4188/4972) auto-lang ui::style::tests::test_variant_unknown_prefix_reported_unmapped
        PASS [   0.171s] (4189/4972) auto-lang ui::style::theme::tests::border_resolver_consistent_with_border_token
        PASS [   0.169s] (4190/4972) auto-lang ui::style::theme::tests::default_theme_is_scaffold_and_matches_vue_css_tokens
        PASS [   0.170s] (4191/4972) auto-lang ui::style::theme::tests::font_stacks_cover_three_families
        PASS [   0.171s] (4192/4972) auto-lang ui::style::theme::tests::plan020_window_size_face_set_get_roundtrip
        PASS [   0.156s] (4193/4972) auto-lang ui::style::theme::tests::stella_dark_palette
        PASS [   0.170s] (4194/4972) auto-lang ui::style::theme::tests::stella_light_palette
        PASS [   0.155s] (4195/4972) auto-lang ui::style::theme::tests::theme_pref_system_passthrough_and_bootstrap_js
        PASS [   0.167s] (4196/4972) auto-lang ui::style::theme::tests::theme_switch_flips_resolution_and_bumps_epoch
        PASS [   0.172s] (4197/4972) auto-lang ui::style::variants::tests::absent_variant_is_chromeless_preflight_equivalent
        PASS [   0.172s] (4198/4972) auto-lang ui::style::variants::tests::absent_size_is_chromeless_content_hug
        PASS [   0.169s] (4199/4972) auto-lang ui::style::variants::tests::existing_variants_unchanged
        PASS [   0.169s] (4200/4972) auto-lang ui::style::variants::tests::explicit_default_is_neutral_baseline_with_hairline_border
        PASS [   0.171s] (4201/4972) auto-lang ui::style::variants::tests::interlock_default_recipe_anchor
        PASS [   0.154s] (4202/4972) auto-lang ui::style::variants::tests::primary_is_explicit_accent_fill_without_border
        PASS [   0.199s] (4203/4972) auto-lang ui::style::variants::tests::interlock_primary_recipe_anchor
        PASS [   0.186s] (4204/4972) auto-lang ui::style::variants::tests::secondary_is_deeper_fill_without_border
        PASS [   0.204s] (4205/4972) auto-lang ui::style::variants::tests::size_presets_match_table
        PASS [   0.189s] (4206/4972) auto-lang ui::style::variants::tests::text_and_unknown_are_chromeless
        PASS [   0.208s] (4207/4972) auto-lang ui::syslog::tests::capacity_evicts_oldest_fifo
        PASS [   0.191s] (4208/4972) auto-lang ui::syslog::tests::dirty_seq_advances_with_pushes
        PASS [   0.190s] (4209/4972) auto-lang ui::syslog::tests::level_parse_unknown_falls_back_to_info
        PASS [   0.191s] (4210/4972) auto-lang ui::syslog::tests::injection_due_throttle_semantics
        PASS [   0.185s] (4211/4972) auto-lang ui::syslog::tests::macro_dual_writes_eprintln_and_ring
        PASS [   0.203s] (4212/4972) auto-lang ui::syslog::tests::seq_strictly_monotonic_across_pushes
        PASS [   0.184s] (4213/4972) auto-lang ui::terminal::iced::widget::key_to_vt_tests::navigation_csi_sequences
        PASS [   0.218s] (4214/4972) auto-lang ui::system_theme::tests::windows_probe_prints_derived_mode
        PASS [   0.219s] (4215/4972) auto-lang ui::system_theme::tests::returns_option_bool_without_panicking
        PASS [   0.210s] (4216/4972) auto-lang ui::terminal::iced::widget::key_to_vt_tests::ctrl_letters_become_control_codes
        PASS [   0.191s] (4217/4972) auto-lang ui::terminal::iced::widget::key_to_vt_tests::terminal_key_binding_names_wt_style
        PASS [   0.203s] (4218/4972) auto-lang ui::terminal::iced::widget::key_to_vt_tests::printable_text_and_named_keys
        PASS [   0.207s] (4219/4972) auto-lang ui::terminal::iced::widget::key_to_vt_tests::terminal_shortcut_hit_table_semantics
        PASS [   0.203s] (4220/4972) auto-lang ui::terminal::iced::widget::virtual_scroll_tests::echo_does_not_eat_user_wheel
        PASS [   0.203s] (4221/4972) auto-lang ui::terminal::iced::widget::virtual_scroll_tests::bind_follows_engine_and_suppresses_echo
        PASS [   0.173s] (4222/4972) auto-lang ui::terminal::iced::widget::virtual_scroll_tests::observe_queues_delta_and_tracks_target
        PASS [   0.174s] (4223/4972) auto-lang ui::terminal::iced::widget::virtual_scroll_tests::first_bind_targets_bottom_live_view
        PASS [   0.170s] (4224/4972) auto-lang ui::terminal::iced::widget::virtual_scroll_tests::p024_growth_drift_repins_bottom_not_feed
        PASS [   0.182s] (4225/4972) auto-lang ui::terminal::iced::widget::virtual_scroll_tests::p024_alternating_binds_prev_echo_swallowed
        PASS [   0.166s] (4226/4972) auto-lang ui::terminal::iced::widget::virtual_scroll_tests::p024_user_wheel_beats_growth_repin
        PASS [   0.169s] (4227/4972) auto-lang ui::terminal::iced::widget::virtual_scroll_tests::view_offset_round_trip_and_clamps
        PASS [   0.183s] (4228/4972) auto-lang ui::terminal::iced::widget::virtual_scroll_tests::p024_inflight_landing_latency_does_not_feed
        PASS [   0.183s] (4229/4972) auto-lang ui::terminal::tests::cursor_state_shape_and_blink
        PASS [   0.170s] (4230/4972) auto-lang ui::terminal::tests::geometry_change_shrink_keeps_consistent_lengths
        PASS [   0.188s] (4231/4972) auto-lang ui::terminal::tests::damage_accumulates_and_dedupes
        PASS [   0.155s] (4232/4972) auto-lang ui::terminal::tests::input_queue_fifo_and_drain_all
        PASS [   0.155s] (4233/4972) auto-lang ui::terminal::tests::menu_item_any_takes_across_terminals
        PASS [   0.169s] (4234/4972) auto-lang ui::terminal::tests::menu_payload_take_semantics
        PASS [   0.183s] (4235/4972) auto-lang ui::terminal::tests::minimal_at_example_mounts_terminal_placeholder
        PASS [   0.168s] (4236/4972) auto-lang ui::terminal::tests::palette_fallback_and_engine_override
        PASS [   0.213s] (4237/4972) auto-lang ui::terminal::tests::pend_resize_bridge_lazy_creates_and_feeds_pump
        PASS [   0.202s] (4238/4972) auto-lang ui::terminal::tests::resize_request_pends_and_takes
        PASS [   0.216s] (4239/4972) auto-lang ui::terminal::tests::per_key_drain_and_resize_are_directional
        PASS [   0.206s] (4240/4972) auto-lang ui::terminal::tests::scroll_clamps_and_round_trips
        PASS [   0.222s] (4241/4972) auto-lang ui::terminal::tests::per_key_feed_cells_is_directional
        PASS [   0.221s] (4242/4972) auto-lang ui::terminal::tests::selection_block_takes_column_band
        PASS [   0.208s] (4243/4972) auto-lang ui::terminal::tests::selection_lines_takes_full_rows
        PASS [   0.206s] (4244/4972) auto-lang ui::terminal::tests::selection_simple_range_and_text
        PASS [   0.209s] (4245/4972) auto-lang ui::terminal::tests::selection_semantic_expands_word
        PASS [   0.216s] (4246/4972) auto-lang ui::terminal::tests::styled_feed_changes_damage_and_cells
        PASS [   0.205s] (4247/4972) auto-lang ui::terminal::tests::terminal_geometry_change_preserves_rows
        PASS [   0.222s] (4248/4972) auto-lang ui::terminal::tests::styled_sideband_survives_text_feed
        PASS [   0.219s] (4249/4972) auto-lang ui::terminal::tests::terminal_get_or_create_and_feed
        PASS [   0.264s] (4250/4972) auto-lang ui::terminal::tests::streaming_2000_line_feed_within_frame_budget
        PASS [   0.219s] (4251/4972) auto-lang ui::view::tests::image_surface_view_constructor_and_map_callbacks
        PASS [   0.221s] (4252/4972) auto-lang ui::view::tests::plan661_t05_canvas_hit_test
        PASS [   0.236s] (4253/4972) auto-lang ui::terminal::tests::wide_chars_count_two_cells
        PASS [   0.222s] (4254/4972) auto-lang ui::view::tests::test_button_styled_convenience
        PASS [   0.222s] (4255/4972) auto-lang ui::view::tests::test_autodown_editor_on_focus_callback
        PASS [   0.188s] (4256/4972) auto-lang ui::view::tests::test_button_with_style
        PASS [   0.186s] (4257/4972) auto-lang ui::view::tests::test_clamp_col_width
        PASS [   0.183s] (4258/4972) auto-lang ui::view::tests::test_col_boundary_hit
        PASS [   0.203s] (4259/4972) auto-lang ui::view::tests::test_code_editor_map_msg_remaps_callbacks
        PASS [   0.182s] (4260/4972) auto-lang ui::view::tests::test_container_with_style
        PASS [   0.197s] (4261/4972) auto-lang ui::view::tests::test_column_with_style
        PASS [   0.195s] (4262/4972) auto-lang ui::view::tests::test_input_with_style
        PASS [   0.199s] (4263/4972) auto-lang ui::view::tests::test_l1_core_features
        PASS [   0.199s] (4264/4972) auto-lang ui::view::tests::test_l2_important_features
        PASS [   0.185s] (4265/4972) auto-lang ui::view::tests::test_l3_advanced_features
        PASS [   0.184s] (4266/4972) auto-lang ui::view::tests::test_legacy_api_without_style
        PASS [   0.183s] (4267/4972) auto-lang ui::view::tests::test_legacy_api_default_values
        PASS [   0.171s] (4268/4972) auto-lang ui::view::tests::test_mixed_legacy_and_style
        PASS [   0.186s] (4269/4972) auto-lang ui::view::tests::test_list_with_style
        PASS [   0.171s] (4270/4972) auto-lang ui::view::tests::test_multiple_style_classes
        PASS [   0.199s] (4271/4972) auto-lang ui::view::tests::test_row_with_style
        PASS [   0.218s] (4272/4972) auto-lang ui::view::tests::test_nested_styled_views
        PASS [   0.200s] (4273/4972) auto-lang ui::view::tests::test_scrollable_on_scroll_callback
        PASS [   0.213s] (4274/4972) auto-lang ui::view::tests::test_scrollable_offset_binding
        PASS [   0.219s] (4275/4972) auto-lang ui::view::tests::test_scrollable_with_style
        PASS [   0.220s] (4276/4972) auto-lang ui::view::tests::test_slider_map_msg_remaps_change_handler
        PASS [   0.203s] (4277/4972) auto-lang ui::view::tests::test_table_col_widths_and_callback_defaults
        PASS [   0.218s] (4278/4972) auto-lang ui::view::tests::test_table_map_msg_keeps_col_resize_callback
        PASS [   0.204s] (4279/4972) auto-lang ui::view::tests::test_table_with_style
        PASS [   0.217s] (4280/4972) auto-lang ui::view::tests::test_table_on_col_resize_callback
        PASS [   0.201s] (4281/4972) auto-lang ui::view::tests::test_tabs_builder_variant_default_and_explicit
        PASS [   0.201s] (4282/4972) auto-lang ui::view::tests::test_tabs_variant_parse_and_default
        PASS [   0.202s] (4283/4972) auto-lang ui::view::tests::test_text_styled_convenience
        PASS [   0.203s] (4284/4972) auto-lang ui::view::tests::test_text_with_style
        PASS [   0.206s] (4285/4972) auto-lang ui::view::tests::test_typed_flex_layout
        PASS [   0.206s] (4286/4972) auto-lang ui::view::tests::test_typed_bg
        PASS [   0.204s] (4287/4972) auto-lang ui::view::tests::test_typed_gap
        PASS [   0.217s] (4288/4972) auto-lang ui::view::tests::test_typed_margin
        PASS [   0.217s] (4289/4972) auto-lang ui::view::tests::test_typed_method_chain
        PASS [   0.185s] (4290/4972) auto-lang ui::view::tests::test_typed_methods_accumulate
        PASS [   0.183s] (4291/4972) auto-lang ui::view::tests::test_typed_padding_xy
        PASS [   0.184s] (4292/4972) auto-lang ui::view::tests::test_typed_padding
        PASS [   0.185s] (4293/4972) auto-lang ui::view::tests::test_typed_rounded
        PASS [   0.170s] (4294/4972) auto-lang ui::view::tests::test_typed_sizing
        PASS [   0.168s] (4295/4972) auto-lang ui::view::tests::test_typed_text_color
        PASS [   0.179s] (4296/4972) auto-lang ui::view::tests::test_view_builder_chainable
        PASS [   0.164s] (4297/4972) auto-lang ui::view::tests::test_view_builder_with_style
        PASS [   0.180s] (4298/4972) auto-lang ui::view::tests::test_view_builder_style
        PASS [   0.186s] (4299/4972) auto-lang ui::view::tests::test_view_input_builder_style
        PASS [   0.186s] (4300/4972) auto-lang ui::view::tests::test_view_container_builder_style
        PASS [   0.185s] (4301/4972) auto-lang ui::view::tests::test_view_list_builder_style
        PASS [   0.185s] (4302/4972) auto-lang ui::view::tests::test_view_scrollable_builder_style
        PASS [   0.216s] (4303/4972) auto-lang ui::view::tests::test_view_table_builder_style
        PASS [   0.212s] (4304/4972) auto-lang ui::vm_bridge::tests::plan047_attribution_bridge_write_state_exact
        PASS [   0.229s] (4305/4972) auto-lang ui::vm_bridge::tests::plan047_attribution_c_class_global_only
        PASS [   0.215s] (4306/4972) auto-lang ui::vm_bridge::tests::plan047_attribution_hashmap_native_gap_closed
        PASS [   0.216s] (4307/4972) auto-lang ui::vm_bridge::tests::plan047_attribution_list_push_wildcard_only
        PASS [   0.230s] (4308/4972) auto-lang ui::vm_bridge::tests::plan047_attribution_set_field_is_path_exact
        PASS [   0.217s] (4309/4972) auto-lang ui::vm_bridge::tests::plan047_engine_read_arm_intercepts_handler_reads
        PASS [   0.214s] (4310/4972) auto-lang ui::vm_bridge::tests::plan047_engine_recorder_slot_semantics
        PASS [   0.215s] (4311/4972) auto-lang ui::vm_bridge::tests::plan047_recorder_container_read_records_any
        PASS [   0.226s] (4312/4972) auto-lang ui::vm_bridge::tests::plan047_recorder_drop_without_finish_restores
        PASS [   0.234s] (4313/4972) auto-lang ui::vm_bridge::tests::plan047_recorder_inactive_zero_record
        PASS [   0.237s] (4314/4972) auto-lang ui::vm_bridge::tests::plan047_recorder_materialize_and_nested_union
        PASS [   0.229s] (4315/4972) auto-lang ui::vm_bridge::tests::plan047_recorder_read_state_records_field
        PASS [   0.241s] (4316/4972) auto-lang ui::vm_bridge::tests::plan423_p5_state_literal_refs_survive_chained_write
        PASS [   0.237s] (4317/4972) auto-lang ui::vm_bridge::tests::plan445_diag_fill_opacity_serialization
        PASS [   0.238s] (4318/4972) auto-lang ui::vm_bridge::tests::plan445_m3_slide_window_rebuild
        PASS [   0.238s] (4319/4972) auto-lang ui::vm_bridge::tests::plan445_m3_svgdoc_dynamic_props
        PASS [   0.209s] (4320/4972) auto-lang ui::vm_bridge::tests::plan661_t01_map_bracket_write_roundtrip
        PASS [   0.254s] (4321/4972) auto-lang ui::vm_bridge::tests::plan626_has_handler_close_request_lifecycle
        PASS [   0.203s] (4322/4972) auto-lang ui::vm_bridge::tests::plan706_signal_store_hit_cycle_idempotent_and_fresh
        PASS [   0.228s] (4323/4972) auto-lang ui::vm_bridge::tests::plan706_deps_unchanged_dead_heap_key_misses
        PASS [   0.257s] (4324/4972) auto-lang ui::vm_bridge::tests::repro_b12_state_write_after_string_arg_call
        PASS [   0.271s] (4325/4972) auto-lang ui::vm_bridge::tests::plan706_signal_store_skips_heap_identity_value
        PASS [   0.301s] (4326/4972) auto-lang ui::vm_bridge::tests::test_converter_vm_dispatch
        PASS [   0.355s] (4327/4972) auto-lang ui::vm_bridge::tests::repro_selectday_panic
        PASS [   0.283s] (4328/4972) auto-lang ui::vm_bridge::tests::test_eval_expr
        PASS [   0.287s] (4329/4972) auto-lang ui::vm_bridge::tests::test_counter_002_handlers_mutate_state
        PASS [   0.315s] (4330/4972) auto-lang ui::vm_bridge::tests::test_call_handler_not_found
        PASS [   0.246s] (4331/4972) auto-lang ui::vm_bridge::tests::test_extract_handler_name
        PASS [   0.278s] (4332/4972) auto-lang ui::vm_bridge::tests::test_eval_expr_array
        PASS [   0.380s] (4333/4972) auto-lang ui::vm_bridge::tests::test_calendar_computed_grid_via_use_fns
        PASS [   0.280s] (4334/4972) auto-lang ui::vm_bridge::tests::test_handler_compound_assignment_state
        PASS [   0.285s] (4335/4972) auto-lang ui::vm_bridge::tests::test_handler_counter_increment
        PASS [   0.285s] (4336/4972) auto-lang ui::vm_bridge::tests::test_handler_receives_declared_param
        PASS [   0.305s] (4337/4972) auto-lang ui::vm_bridge::tests::test_has_handler_absent
        PASS [   0.278s] (4338/4972) auto-lang ui::vm_bridge::tests::test_inline_lambda_event_decl_based_synthesis
        PASS [   0.263s] (4339/4972) auto-lang ui::vm_bridge::tests::test_inline_lambda_event_vm_dispatch
        PASS [   0.218s] (4340/4972) auto-lang ui::vm_bridge::tests::test_multiple_writes
        PASS [   0.523s] (4341/4972) auto-lang ui::vm_bridge::tests::plan702_handler_park_reentry_resume_roundtrip
        PASS [   0.135s] (4342/4972) auto-lang ui::vm_bridge::tests::test_read_all_state
        PASS [   0.146s] (4343/4972) auto-lang ui::vm_bridge::tests::test_read_state_bool
        PASS [   0.146s] (4344/4972) auto-lang ui::vm_bridge::tests::test_read_all_state_after_write
        PASS [   0.486s] (4345/4972) auto-lang ui::vm_bridge::tests::test_calendar_imports_resolve_intra_module_callees
        PASS [   0.159s] (4346/4972) auto-lang ui::vm_bridge::tests::test_read_state_int
        PASS [   0.159s] (4347/4972) auto-lang ui::vm_bridge::tests::test_read_all_state_materializes_int_handle_list
        PASS [   0.154s] (4348/4972) auto-lang ui::vm_bridge::tests::test_read_state_string
        PASS [   0.186s] (4349/4972) auto-lang ui::vm_bridge::tests::test_read_state_not_found
        PASS [   0.152s] (4350/4972) auto-lang ui::vm_bridge::tests::test_read_state_unary_neg
        PASS [   0.168s] (4351/4972) auto-lang ui::vm_bridge::tests::test_state_obj_id
        PASS [   0.164s] (4352/4972) auto-lang ui::vm_bridge::tests::test_vm_access
        PASS [   0.176s] (4353/4972) auto-lang ui::vm_bridge::tests::test_vm_bridge_creation_empty_state
        PASS [   0.172s] (4354/4972) auto-lang ui::vm_bridge::tests::test_vm_bridge_creation_with_state
        PASS [   0.164s] (4355/4972) auto-lang ui::vnode::tests::test_kind_keyword_source_names
        PASS [   0.187s] (4356/4972) auto-lang ui::vm_bridge::tests::test_write_state
        PASS [   0.178s] (4357/4972) auto-lang ui::vm_bridge::tests::test_write_state_not_found
        PASS [   0.178s] (4358/4972) auto-lang ui::vnode::tests::test_vnode_id
        PASS [   0.182s] (4359/4972) auto-lang ui::vnode::tests::test_vnode_kind_display
        PASS [   0.168s] (4360/4972) auto-lang ui::vnode::tests::test_vnode_with_label
        PASS [   0.184s] (4361/4972) auto-lang ui::vnode::tests::test_vtree_add_node
        PASS [   0.199s] (4362/4972) auto-lang ui::vnode::tests::test_vtree_add_root
        PASS [   0.186s] (4363/4972) auto-lang ui::vnode::tests::test_vtree_children
        PASS [   0.200s] (4364/4972) auto-lang ui::vnode::tests::test_vtree_clear
        PASS [   0.184s] (4365/4972) auto-lang ui::vnode::tests::test_vtree_depth
        PASS [   0.200s] (4366/4972) auto-lang ui::vnode::tests::test_vtree_creation
        PASS [   0.198s] (4367/4972) auto-lang ui::vnode::tests::test_vtree_default
        PASS [   0.182s] (4368/4972) auto-lang ui::vnode::tests::test_vtree_get
        PASS [   0.155s] (4369/4972) auto-lang ui::vnode::tests::test_vtree_next_id
        PASS [   0.183s] (4370/4972) auto-lang ui::vnode::tests::test_vtree_get_mut
        PASS [   0.152s] (4371/4972) auto-lang ui::vnode::tests::test_vtree_parent_child
        PASS [   0.182s] (4372/4972) auto-lang ui::vnode::tests::test_vtree_validate
        PASS [   0.187s] (4373/4972) auto-lang ui::vnode::tests::test_vtree_stats
        PASS [   0.198s] (4374/4972) auto-lang ui::vnode::tests::test_vtree_validate_invalid_parent
        PASS [   0.198s] (4375/4972) auto-lang ui::vnode::tests::vnode_has_path_and_source_span
        PASS [   0.185s] (4376/4972) auto-lang ui::vnode::tests::vnode_id_from_path_distinguishes_for_iterations
        PASS [   0.185s] (4377/4972) auto-lang ui::vnode_converter::tests::test_advanced_components_placeholder
        PASS [   0.202s] (4378/4972) auto-lang ui::vnode::tests::vnode_id_from_path_is_stable
        PASS [   0.183s] (4379/4972) auto-lang ui::vnode_converter::tests::test_button_conversion
        PASS [   0.183s] (4380/4972) auto-lang ui::vnode_converter::tests::test_button_content_subtree_serializes
        PASS [   0.184s] (4381/4972) auto-lang ui::vnode_converter::tests::test_checkbox_conversion
        PASS [   0.183s] (4382/4972) auto-lang ui::vnode_converter::tests::test_column_with_children
        PASS [   0.198s] (4383/4972) auto-lang ui::vnode_converter::tests::test_container_conversion
        PASS [   0.185s] (4384/4972) auto-lang ui::vnode_converter::tests::test_grid_cells_become_children
        PASS [   0.199s] (4385/4972) auto-lang ui::vnode_converter::tests::test_empty_conversion
        PASS [   0.181s] (4386/4972) auto-lang ui::vnode_converter::tests::test_input_conversion
        PASS [   0.193s] (4387/4972) auto-lang ui::vnode_converter::tests::test_list_conversion
        PASS [   0.198s] (4388/4972) auto-lang ui::vnode_converter::tests::test_nested_structure
        PASS [   0.171s] (4389/4972) auto-lang ui::vnode_converter::tests::test_progress_bar_conversion
        PASS [   0.166s] (4390/4972) auto-lang ui::vnode_converter::tests::test_row_conversion
        PASS [   0.154s] (4391/4972) auto-lang ui::vnode_converter::tests::test_scrollable_conversion
        PASS [   0.156s] (4392/4972) auto-lang ui::vnode_converter::tests::test_simple_text_conversion
        PASS [   0.168s] (4393/4972) auto-lang ui::vnode_converter::tests::test_select_conversion
        PASS [   0.180s] (4394/4972) auto-lang ui::vnode_converter::tests::test_text_selectable_passthrough
        PASS [   0.180s] (4395/4972) auto-lang ui::vnode_converter::tests::test_slider_conversion
        PASS [   0.181s] (4396/4972) auto-lang ui::vnode_converter::tests::test_tree_stats
        PASS [   0.183s] (4397/4972) auto-lang ui::vnode_converter::tests::vtree_with_paths_assigns_path_derived_ids
        PASS [   0.199s] (4398/4972) auto-lang ui::vnode_converter::tests::test_tree_validity
        PASS [   0.173s] (4399/4972) auto-lang ui::vtree_atom::tests::build_attaches_widget_props_and_computed
        PASS [   0.189s] (4400/4972) auto-lang ui::vnode_converter::tests::vtree_with_paths_ids_stable_across_builds
        PASS [   0.188s] (4401/4972) auto-lang ui::vnode_converter::tests::vtree_with_paths_span_callback_invoked_per_path
        PASS [   0.862s] (4402/4972) auto-lang ui::vm_bridge::tests::test_plan522_024_chart_geom_helpers_in_vm
        PASS [   0.189s] (4403/4972) auto-lang ui::vtree_atom::tests::build_produces_atom_with_keyword_names_and_vnode_ids
        PASS [   0.190s] (4404/4972) auto-lang ui::vtree_atom::tests::depth_truncates_children
        PASS [   0.203s] (4405/4972) auto-lang ui::vtree_atom::tests::children_topology_is_one_to_one
        PASS [   0.188s] (4406/4972) auto-lang ui::vtree_atom::tests::include_flags_omit_sections
        PASS [   0.167s] (4407/4972) auto-lang use_scanner::tests::test_c_import
        PASS [   0.183s] (4408/4972) auto-lang ui::vtree_atom::tests::scope_returns_subtree_only
        PASS [   0.195s] (4409/4972) auto-lang use_scanner::tests::dot_form_c_import_scans_as_c_import
        PASS [   0.182s] (4410/4972) auto-lang use_scanner::tests::test_inline_comment
        PASS [   0.196s] (4411/4972) auto-lang use_scanner::tests::test_deduplication
        PASS [   0.170s] (4412/4972) auto-lang use_scanner::tests::test_mixed_all_import_types
        PASS [   0.170s] (4413/4972) auto-lang use_scanner::tests::test_mixed_imports
        PASS [   0.173s] (4414/4972) auto-lang use_scanner::tests::test_multiple_uses
        PASS [   0.171s] (4415/4972) auto-lang use_scanner::tests::test_py_import_simple
        PASS [   0.172s] (4416/4972) auto-lang use_scanner::tests::test_py_import_deep_path
        PASS [   0.166s] (4417/4972) auto-lang use_scanner::tests::test_py_import_with_items
        PASS [   0.197s] (4418/4972) auto-lang use_scanner::tests::test_rs_alias_and_legacy_rust_mixed
        PASS [   0.183s] (4419/4972) auto-lang use_scanner::tests::test_rs_alias_import_simple
        PASS [   0.196s] (4420/4972) auto-lang use_scanner::tests::test_rs_alias_import_with_items
        PASS [   0.199s] (4421/4972) auto-lang use_scanner::tests::test_rust_import_deep_path
        PASS [   0.185s] (4422/4972) auto-lang use_scanner::tests::test_rust_import_simple
        PASS [   0.184s] (4423/4972) auto-lang use_scanner::tests::test_scan_pac_deep_path
        PASS [   0.199s] (4424/4972) auto-lang use_scanner::tests::test_rust_import_with_items
        PASS [   0.200s] (4425/4972) auto-lang use_scanner::tests::test_scan_pac_import
        PASS [   0.184s] (4426/4972) auto-lang use_scanner::tests::test_scan_plan131_mixed_imports
        PASS [   0.195s] (4427/4972) auto-lang use_scanner::tests::test_scan_super_import
        PASS [   0.187s] (4428/4972) auto-lang use_scanner::tests::test_simple_use
        PASS [   0.192s] (4429/4972) auto-lang use_scanner::tests::test_scan_super_with_items
        PASS [   0.189s] (4430/4972) auto-lang use_scanner::tests::test_skip_comments
        PASS [   0.203s] (4431/4972) auto-lang use_scanner::tests::test_use_alias
        PASS [   0.185s] (4432/4972) auto-lang use_scanner::tests::test_use_wildcard
        PASS [   0.183s] (4433/4972) auto-lang use_scanner::tests::test_use_with_items
        PASS [   0.183s] (4434/4972) auto-lang use_scanner::tests::test_use_wildcard_colon
        PASS [   0.156s] (4435/4972) auto-lang util::tests::test_file_name
        PASS [   0.187s] (4436/4972) auto-lang util::tests::test_error
        PASS [   0.168s] (4437/4972) auto-lang util::tests::test_pretty_print
        PASS [   0.169s] (4438/4972) auto-lang util::tests::test_xml_compact
        PASS [   0.174s] (4439/4972) auto-lang vm::abt::tests::test_create_vm_from_abt_basic
        PASS [   0.174s] (4440/4972) auto-lang vm::abt::tests::test_roundtrip_add_function
        PASS [   0.205s] (4441/4972) auto-lang vm::abt::tests::test_roundtrip_bool
        PASS [   0.204s] (4442/4972) auto-lang vm::abt::tests::test_roundtrip_call_nat
        PASS [   0.204s] (4443/4972) auto-lang vm::abt::tests::test_roundtrip_empty_main
        PASS [   0.196s] (4444/4972) auto-lang vm::abt::tests::test_roundtrip_hello_world
        PASS [   0.219s] (4445/4972) auto-lang vm::abt::tests::test_roundtrip_float
        PASS [   0.202s] (4446/4972) auto-lang vm::abt::tests::test_roundtrip_if_else
        PASS [   0.216s] (4447/4972) auto-lang vm::abt::tests::test_roundtrip_local_vars
        PASS [   0.202s] (4448/4972) auto-lang vm::abt::tests::test_roundtrip_loop
        PASS [   0.204s] (4449/4972) auto-lang vm::abt::tests::test_roundtrip_negative_int
        PASS [   0.204s] (4450/4972) auto-lang vm::abt::tests::test_run_abt_arithmetic
        PASS [   0.205s] (4451/4972) auto-lang vm::abt::tests::test_run_abt_print_i32
        PASS [   0.202s] (4452/4972) auto-lang vm::codegen::plan423_p5_tests::poisoned_fn_exports_detects_misaligned_entries
        PASS [   0.202s] (4453/4972) auto-lang vm::codegen::tests::test_codegen_call
        PASS [   0.221s] (4454/4972) auto-lang vm::abt::tests::test_run_abt_print_multiple
        PASS [   0.188s] (4455/4972) auto-lang vm::codegen::tests::test_codegen_closure_simple
        PASS [   0.203s] (4456/4972) auto-lang vm::codegen::tests::test_codegen_closure_multiple_captures
        PASS [   0.179s] (4457/4972) auto-lang vm::codegen::tests::test_codegen_double_literal
        PASS [   0.151s] (4458/4972) auto-lang vm::codegen::tests::test_codegen_double_unary_negation
        PASS [   0.195s] (4459/4972) auto-lang vm::codegen::tests::test_codegen_double_multiplication
        PASS [   0.151s] (4460/4972) auto-lang vm::codegen::tests::test_codegen_expr_int
        PASS [   0.167s] (4461/4972) auto-lang vm::codegen::tests::test_codegen_expr_binary
        PASS [   0.152s] (4462/4972) auto-lang vm::codegen::tests::test_codegen_float_literal
        PASS [   0.152s] (4463/4972) auto-lang vm::codegen::tests::test_codegen_float_unary_negation
        PASS [   0.167s] (4464/4972) auto-lang vm::codegen::tests::test_codegen_float_addition
        PASS [   0.167s] (4465/4972) auto-lang vm::codegen::tests::test_codegen_fn
        PASS [   0.180s] (4466/4972) auto-lang vm::codegen::tests::test_codegen_if_stmt
        PASS [   0.179s] (4467/4972) auto-lang vm::codegen::tests::test_codegen_mixed_float_double_uses_double
        PASS [   0.180s] (4468/4972) auto-lang vm::codegen::tests::test_codegen_task_def_basic
        PASS [   0.165s] (4469/4972) auto-lang vm::codegen::tests::test_opcodes_f32_arithmetic
        PASS [   0.181s] (4470/4972) auto-lang vm::codegen::tests::test_codegen_task_def_singleton
        PASS [   0.181s] (4471/4972) auto-lang vm::codegen::tests::test_codegen_variable_lookup_persists_after_code_clear
        PASS [   0.181s] (4472/4972) auto-lang vm::codegen::tests::test_codegen_task_def_with_state
        PASS [   0.184s] (4473/4972) auto-lang vm::codegen::tests::test_opcodes_f64_arithmetic
        PASS [   0.184s] (4474/4972) auto-lang vm::codegen::tests::test_opcodes_f32_constant
        PASS [   0.188s] (4475/4972) auto-lang vm::codegen::tests::test_opcodes_f64_constant
        PASS [   0.172s] (4476/4972) auto-lang vm::codegen::tests::test_opcodes_i64_constant
        PASS [   0.185s] (4477/4972) auto-lang vm::codegen::tests::test_plan378_contains_u64_recognizes_dot_method_call
        PASS [   0.184s] (4478/4972) auto-lang vm::codegen::tests::test_plan378_i32_method_not_treated_as_64bit
        PASS [   0.184s] (4479/4972) auto-lang vm::codegen::tests::test_plan378_dot_method_returns_64_lookup
        PASS [   0.169s] (4480/4972) auto-lang vm::collections::specialized_hashmap_tests::test_specialized_hash_map_clear
        PASS [   0.185s] (4481/4972) auto-lang vm::codegen::tests::test_plan378_u64_comparison_opcode_selection
        PASS [   0.187s] (4482/4972) auto-lang vm::collections::specialized_hashmap_tests::test_specialized_hash_map_clone
        PASS [   0.155s] (4483/4972) auto-lang vm::collections::specialized_hashmap_tests::test_specialized_hash_map_contains_key
        PASS [   0.142s] (4484/4972) auto-lang vm::collections::specialized_hashmap_tests::test_specialized_hash_map_insert_double
        PASS [   0.158s] (4485/4972) auto-lang vm::collections::specialized_hashmap_tests::test_specialized_hash_map_insert_bool
        PASS [   0.188s] (4486/4972) auto-lang vm::collections::specialized_hashmap_tests::test_specialized_hash_map_insert_int
        PASS [   0.173s] (4487/4972) auto-lang vm::collections::specialized_hashmap_tests::test_specialized_hash_map_insert_string
        PASS [   0.187s] (4488/4972) auto-lang vm::collections::specialized_hashmap_tests::test_specialized_hash_map_insert_value
        PASS [   0.171s] (4489/4972) auto-lang vm::collections::specialized_hashmap_tests::test_specialized_hash_map_is_empty
        PASS [   4.829s] (4490/4972) auto-lang tests::ffi_dual_tests::ffi_dual_022_mono_pack_rebuild
        PASS [   0.171s] (4491/4972) auto-lang vm::collections::specialized_hashmap_tests::test_specialized_hash_map_overwrite
        PASS [   0.188s] (4492/4972) auto-lang vm::collections::specialized_hashmap_tests::test_specialized_hash_map_memory_efficiency
        PASS [   0.187s] (4493/4972) auto-lang vm::collections::specialized_hashmap_tests::test_specialized_hash_map_remove
        PASS [   0.188s] (4494/4972) auto-lang vm::collections::specialized_hashmap_tests::test_specialized_hash_map_string_bool_creation
        PASS [   0.188s] (4495/4972) auto-lang vm::collections::specialized_hashmap_tests::test_specialized_hash_map_string_double_creation
        PASS [   0.174s] (4496/4972) auto-lang vm::collections::specialized_hashmap_tests::test_specialized_hash_map_string_string_creation
        PASS [   0.189s] (4497/4972) auto-lang vm::collections::specialized_hashmap_tests::test_specialized_hash_map_string_int_creation
        PASS [   0.187s] (4498/4972) auto-lang vm::collections::specialized_hashmap_tests::test_specialized_hash_map_string_value_creation
        PASS [   0.187s] (4499/4972) auto-lang vm::collections::specialized_hashmap_tests::test_specialized_hash_map_type_mismatch
        PASS [   0.203s] (4500/4972) auto-lang vm::config_eval_tests::test_config_for_over_runtime_array
        PASS [   0.185s] (4501/4972) auto-lang vm::config_eval_tests::test_config_for_unrolls_literal_array
        PASS [   0.198s] (4502/4972) auto-lang vm::config_eval_tests::test_config_fstring_template_from_runtime_object
        PASS [   0.202s] (4503/4972) auto-lang vm::config_eval_tests::test_config_if_in_nested_manifest_style
        PASS [   0.218s] (4504/4972) auto-lang vm::config_eval_tests::test_config_if_else_picks_matching_branch
        PASS [   0.171s] (4505/4972) auto-lang vm::config_eval_tests::test_config_object_field_access
        PASS [   0.171s] (4506/4972) auto-lang vm::config_eval_tests::test_config_pair_value_is_node_with_block
        PASS [   0.174s] (4507/4972) auto-lang vm::config_eval_tests::test_config_var_redeclared_takes_latest
        PASS [   0.174s] (4508/4972) auto-lang vm::config_eval_tests::test_config_var_declaration_and_reference
        PASS [   0.174s] (4509/4972) auto-lang vm::context::tests::test_lookup_type
        PASS [   0.183s] (4510/4972) auto-lang vm::context::tests::test_vm_context
        PASS [   0.200s] (4511/4972) auto-lang vm::engine::tests_add_concat_rc::test_add_string_concat_rc1_operands
        PASS [   0.215s] (4512/4972) auto-lang vm::engine::tests_add_concat_rc::test_add_string_concat_chain_intermediate_survives
        PASS [   0.197s] (4513/4972) auto-lang vm::engine::tests_err_value_channel::test_error_propagate_ok_unwraps_no_interception
        PASS [   0.212s] (4514/4972) auto-lang vm::engine::tests_err_value_channel::test_error_propagate_null_not_intercepted
        PASS [   0.197s] (4515/4972) auto-lang vm::engine::tests_null_guards::test_legit_minus_one_arithmetic_unaffected
        PASS [   0.213s] (4516/4972) auto-lang vm::engine::tests_err_value_channel::test_error_propagate_value_channel_catch_hit
        PASS [   0.200s] (4517/4972) auto-lang vm::engine::tests_null_guards::test_null_add_none_left
        PASS [   0.200s] (4518/4972) auto-lang vm::engine::tests_null_guards::test_null_add_none_right
        PASS [   0.201s] (4519/4972) auto-lang vm::engine::tests_null_guards::test_null_callee_not_callable
        PASS [   0.202s] (4520/4972) auto-lang vm::engine::tests_null_guards::test_null_array_len_not_iterable
        PASS [   0.205s] (4521/4972) auto-lang vm::engine::tests_null_guards::test_null_getelem_not_subscriptable
        PASS [   0.186s] (4522/4972) auto-lang vm::engine::tests_null_guards::test_null_neg_unary
        PASS [   0.185s] (4523/4972) auto-lang vm::engine::tests_null_guards::test_null_sub_mul_div_mod
        PASS [   0.199s] (4524/4972) auto-lang vm::engine::tests_null_guards::test_null_strcat_concat
        PASS [   0.199s] (4525/4972) auto-lang vm::engine::tests_null_guards::test_null_to_i32_f64_type_error
        PASS [   0.194s] (4526/4972) auto-lang vm::engine::tests_null_guards::test_oob_getelem_index_error
        PASS [   0.213s] (4527/4972) auto-lang vm::engine::tests_null_guards::test_null_to_str_renders_none
        PASS [   0.213s] (4528/4972) auto-lang vm::engine::tests_null_guards::test_to_i32_f64_legit_paths_unaffected
        PASS [   0.187s] (4529/4972) auto-lang vm::engine::tests_p583_pool_child_shares::test_pool_retain_resurrection_unfreelists
        PASS [   0.170s] (4530/4972) auto-lang vm::engine::tests_p583_pool_child_shares::test_vec_string_push_child_shares
        PASS [   0.156s] (4531/4972) auto-lang vm::ffi::axum_adapter::tests::path_conversion
        PASS [   0.170s] (4532/4972) auto-lang vm::ffi::axum_adapter::tests::extractor_kinds
        PASS [   0.154s] (4533/4972) auto-lang vm::ffi::c_ffi::tests::load_manifest_file_reads_engine_subset
        PASS [   0.185s] (4534/4972) auto-lang vm::ffi::c_ffi::tests::test_cffi_runtime_get_function_id_empty
        PASS [   0.184s] (4535/4972) auto-lang vm::ffi::c_ffi::tests::test_cffi_runtime_new
        PASS [   0.201s] (4536/4972) auto-lang vm::ffi::c_ffi::tests::test_load_builtin_manifest
        PASS [   0.185s] (4537/4972) auto-lang vm::ffi::c_ffi::tests::test_resolve_library_name
        PASS [   0.184s] (4538/4972) auto-lang vm::ffi::http_server::plan326_tests::f64_fractional_preserved
        PASS [   0.185s] (4539/4972) auto-lang vm::ffi::c_ffi::tests::test_resolve_math_library
        PASS [   0.183s] (4540/4972) auto-lang vm::ffi::http_server::plan326_tests::f64_integer_no_trailing_dot
        PASS [   0.183s] (4541/4972) auto-lang vm::ffi::http_server::plan326_tests::f64_nan_and_inf_become_null
        PASS [   0.183s] (4542/4972) auto-lang vm::ffi::http_server::plan326_tests::get_fn_n_args_reads_declared_arity
        PASS [   0.170s] (4543/4972) auto-lang vm::ffi::http_server::plan326_tests::json_escape_control_chars
        PASS [   0.173s] (4544/4972) auto-lang vm::ffi::http_server::plan326_tests::json_escape_quotes_and_backslash
        PASS [   0.186s] (4545/4972) auto-lang vm::ffi::http_server::plan326_tests::json_escape_basic
        PASS [   0.169s] (4546/4972) auto-lang vm::ffi::http_server::plan326_tests::json_escape_unicode_control
        PASS [   0.169s] (4547/4972) auto-lang vm::ffi::http_server::plan326_tests::nv_to_json_nested_struct
        PASS [   0.184s] (4548/4972) auto-lang vm::ffi::http_server::plan326_tests::nv_to_json_array_of_structs
        PASS [   0.185s] (4549/4972) auto-lang vm::ffi::http_server::plan326_tests::nv_to_json_option_some
        PASS [   0.185s] (4550/4972) auto-lang vm::ffi::http_server::plan326_tests::nv_to_json_null
        PASS [   0.185s] (4551/4972) auto-lang vm::ffi::http_server::plan326_tests::nv_to_json_plain_int
        PASS [   0.199s] (4552/4972) auto-lang vm::ffi::http_server::plan326_tests::nv_to_json_option_none
        PASS [   0.155s] (4553/4972) auto-lang vm::ffi::http_server::plan326_tests::nv_to_json_struct_expansion
        PASS [   0.171s] (4554/4972) auto-lang vm::ffi::http_server::plan326_tests::nv_to_json_string
        PASS [   0.157s] (4555/4972) auto-lang vm::ffi::http_server::plan326_tests::plain_int_not_treated_as_id
        PASS [   0.157s] (4556/4972) auto-lang vm::ffi::http_server::plan326_tests::plan669_api_param_sigs_roundtrip
        PASS [   0.156s] (4557/4972) auto-lang vm::ffi::http_server::plan326_tests::plan669_bind_tests::bool_query_converts
        PASS [   0.156s] (4558/4972) auto-lang vm::ffi::http_server::plan326_tests::plan669_bind_tests::body_fields_bind_by_name_in_declaration_order
        PASS [   0.173s] (4559/4972) auto-lang vm::ffi::http_server::plan326_tests::plan669_bind_tests::empty_sigs_bind_zero
        PASS [   0.190s] (4560/4972) auto-lang vm::ffi::http_server::plan326_tests::plan669_bind_tests::legacy_fallback_without_sigs_is_positional
        PASS [   0.175s] (4561/4972) auto-lang vm::ffi::http_server::plan326_tests::plan669_bind_tests::metadata_optin_requires_meta_param_name
        PASS [   0.190s] (4562/4972) auto-lang vm::ffi::http_server::plan326_tests::plan669_bind_tests::missing_param_is_400_naming_param
        PASS [   0.189s] (4563/4972) auto-lang vm::ffi::http_server::plan326_tests::plan669_bind_tests::non_trailing_unbound_is_missing_even_with_metadata
        PASS [   0.189s] (4564/4972) auto-lang vm::ffi::http_server::plan326_tests::plan669_bind_tests::path_wins_over_body_and_query
        PASS [   0.189s] (4565/4972) auto-lang vm::ffi::http_server::plan326_tests::plan669_bind_tests::raw_body_single_param_tolerance
        PASS [   0.189s] (4566/4972) auto-lang vm::ffi::http_server::plan326_tests::plan669_bind_tests::query_binds_by_name
        PASS [   0.190s] (4567/4972) auto-lang vm::ffi::http_server::plan326_tests::plan669_bind_tests::trailing_unbound_param_receives_metadata
        PASS [   0.174s] (4568/4972) auto-lang vm::ffi::http_server::plan326_tests::plan669_bind_tests::typed_int_query_converts_and_rejects
        PASS [   0.190s] (4569/4972) auto-lang vm::ffi::http_server::plan326_tests::plan669_bind_tests::whole_body_tolerance_covers_parseable_object_too
        PASS [   0.176s] (4570/4972) auto-lang vm::ffi::http_server::plan698_publisher_tests::entity_post_broadcasts_newtype_event_with_injected_discriminator
        PASS [   0.177s] (4571/4972) auto-lang vm::ffi::http_server::plan698_f1_cleanup_tests::cleanup_reclaims_async_stream_handle
        PASS [   0.175s] (4572/4972) auto-lang vm::ffi::http_server::plan698_publisher_tests::typing_post_broadcasts_typing_event_with_first_str_param
        PASS [   0.189s] (4573/4972) auto-lang vm::ffi::http_server::spike699_axum_transport::spike_chunked_request_body_decoded
        PASS [   0.188s] (4574/4972) auto-lang vm::ffi::http_server::spike699_axum_transport::spike_oversized_headers_rejected
        PASS [   0.188s] (4575/4972) auto-lang vm::ffi::http_server::spike699_axum_transport::spike_keepalive_two_requests_one_connection
        PASS [   0.153s] (4576/4972) auto-lang vm::ffi::http_stream::tests::plan707_client_split_utf8_chunks_boundary_safe
        PASS [   0.155s] (4577/4972) auto-lang vm::ffi::http_transport::bridge_tests::full_queue_rejects_with_503
        PASS [   0.170s] (4578/4972) auto-lang vm::ffi::http_server::spike699_axum_transport::spike_sse_frames_stream
        PASS [   0.157s] (4579/4972) auto-lang vm::ffi::stdlib::bus_subscribe_tests::bus_broadcast_fans_out_and_ignores_missing_subscribers
        PASS [   0.157s] (4580/4972) auto-lang vm::ffi::stdlib::bus_subscribe_tests::shim_bus_subscribe_registers_async_stream_iterator_and_delivers
        PASS [   0.141s] (4581/4972) auto-lang vm::ffi::stdlib::exit_audit_tests::exit_audit_to_appends_one_line_per_call
        PASS [   0.170s] (4582/4972) auto-lang vm::ffi::stdlib::exit_audit_tests::exit_audit_to_creates_missing_parent_dir
        PASS [   0.170s] (4583/4972) auto-lang vm::ffi::stdlib::exit_audit_tests::p575_probe_child
        PASS [   0.186s] (4584/4972) auto-lang vm::ffi::stdlib::exit_audit_tests::panic_hook_writes_audit_line_before_prev_hook
        PASS [   0.186s] (4585/4972) auto-lang vm::ffi::stdlib::image_pipeline_vm_http_tests::image_media_route_has_priority_without_changing_user_routes
        PASS [   0.172s] (4586/4972) auto-lang vm::ffi::stdlib::image_pipeline_vm_http_tests::image_natives_register_opaque_ticket_operations
        PASS [   0.138s] (4587/4972) auto-lang vm::ffi::stdlib::plan536_date_format_tests::p536_normalization_precedes_local_conversion
        PASS [   0.152s] (4588/4972) auto-lang vm::ffi::stdlib::plan536_date_format_tests::p536_millis_path_unchanged
        PASS [   0.154s] (4589/4972) auto-lang vm::ffi::stdlib::plan536_date_format_tests::p536_seconds_and_millis_agree
        PASS [   0.138s] (4590/4972) auto-lang vm::ffi::stdlib::plan536_date_format_tests::term_engine_shims_echo_roundtrip
        PASS [   0.372s] (4591/4972) auto-lang vm::ffi::http_server::spike699_axum_transport::spike_graceful_shutdown_releases_port
        PASS [   0.155s] (4592/4972) auto-lang vm::ffi::stdlib::plan536_date_format_tests::p536_seconds_no_1970_garbage
        PASS [   0.155s] (4593/4972) auto-lang vm::ffi::stdlib::plan536_date_format_tests::term_engine_shims_bare_call_roundtrip
        PASS [   0.138s] (4594/4972) auto-lang vm::ffi::stdlib::tests::http_base_url_resolution
        PASS [   0.153s] (4595/4972) auto-lang vm::ffi::stdlib::tests::env_track_shim_returns_vm
        PASS [   0.279s] (4596/4972) auto-lang vm::ffi::stdlib::exit_audit_tests::p575_exit_code_survives_probe
        PASS [   0.106s] (4597/4972) auto-lang vm::ffi::stdlib::tests::p027_drop_async_result_removes_entry
        PASS [   0.121s] (4598/4972) auto-lang vm::ffi::stdlib::tests::p027_check_async_result_err_resolves_once_as_err
        PASS [   0.167s] (4599/4972) auto-lang vm::ffi::stdlib::sqlite_vm_tests::sqlite_vm_open_exec_query_roundtrip
        PASS [   0.103s] (4600/4972) auto-lang vm::ffi::stdlib::tests::storage_host_read_fresh_sees_external_writes
        PASS [   0.103s] (4601/4972) auto-lang vm::ffi::stdlib::tests::process_args_three_states
        PASS [   0.124s] (4602/4972) auto-lang vm::ffi::stdlib::tests::storage_persist_rebuilds_from_corrupt_disk
        PASS [   0.137s] (4603/4972) auto-lang vm::ffi::stdlib::tests::storage_persist_merges_disk_with_dirty_keys
        PASS [   0.484s] (4604/4972) auto-lang vm::ffi::http_server::plan698_publisher_tests::non_object_or_non_entity_responses_are_not_broadcast
        PASS [   0.139s] (4605/4972) auto-lang vm::ffi::stdlib::tests::storage_raw_set_persists_to_backing_file
        PASS [   0.124s] (4606/4972) auto-lang vm::ffi::stdlib::tests::test_file_append_creates_parent_dirs
        PASS [   0.122s] (4607/4972) auto-lang vm::ffi::stdlib::tests::test_file_append_text
        PASS [   0.141s] (4608/4972) auto-lang vm::ffi::stdlib::tests::test_multiple_spawn_unique_ids
        PASS [   0.141s] (4609/4972) auto-lang vm::ffi::stdlib::tests::test_id_ranges_are_correct
        PASS [   0.140s] (4610/4972) auto-lang vm::ffi::stdlib::tests::test_native_ids_are_in_range
        PASS [   0.140s] (4611/4972) auto-lang vm::ffi::stdlib::tests::test_regex_find_all_with_groups
        PASS [   0.156s] (4612/4972) auto-lang vm::ffi::stdlib::tests::test_regex_find_all_simple
        PASS [   0.154s] (4613/4972) auto-lang vm::ffi::stdlib::tests::test_regex_is_match
        PASS [   0.141s] (4614/4972) auto-lang vm::ffi::stdlib::tests::test_substr_clamps_to_char_boundaries
        PASS [   0.141s] (4615/4972) auto-lang vm::ffi::stdlib::tests::test_task_handle_id
        PASS [   0.157s] (4616/4972) auto-lang vm::ffi::stdlib::tests::test_substr_parity_with_a2r_std
        PASS [   0.159s] (4617/4972) auto-lang vm::ffi::stdlib::tests::test_task_handle_is_null
        PASS [   0.481s] (4618/4972) auto-lang vm::ffi::stdlib::e4_default_http_tests::default_headers_reach_wire_on_plain_get
        PASS [   0.141s] (4619/4972) auto-lang vm::ffi::stdlib::tests::test_task_spawn
        PASS [   0.175s] (4620/4972) auto-lang vm::ffi::stdlib::tests::test_task_handle_type
        PASS [   0.155s] (4621/4972) auto-lang vm::ffi::stdlib::tests::test_task_send_invalid_handle
        PASS [   0.155s] (4622/4972) auto-lang vm::ffi::stdlib::tests::test_task_send
        PASS [   0.153s] (4623/4972) auto-lang vm::ffi::stdlib::tests::test_task_spawn_default_capacity
        PASS [   0.165s] (4624/4972) auto-lang vm::ffi::stdlib::tests::vm_slice_sub_end_substr_len
        PASS [   0.152s] (4625/4972) auto-lang vm::ffi::term_engine::p028_geom_bridge_tests::geom_parse_guards_and_registry_write
        FAIL [   0.153s] (4626/4972) auto-lang vm::ffi::term_engine::ash_leak_probe::ash_stream_leak_probe
  stdout ───

    running 1 test
    test vm::ffi::term_engine::ash_leak_probe::ash_stream_leak_probe ... FAILED

    failures:

    failures:
        vm::ffi::term_engine::ash_leak_probe::ash_stream_leak_probe

    test result: FAILED. 0 passed; 1 failed; 0 ignored; 0 measured; 6501 filtered out; finished in 0.00s

  stderr ───
    [term-engine] autoterm_core.dll 未找到(部署至宿主同目录,或设 AUTOTERM_ENGINE_DLL;auto-term 侧先 cargo build -p autoterm-core)

    thread 'vm::ffi::term_engine::ash_leak_probe::ash_stream_leak_probe' (35760) panicked at crates\auto-lang\src\vm\ffi\term_engine.rs:1187:9:
    spawn ash 失败(先 cargo build -p autoterm-core)
    note: run with `RUST_BACKTRACE=1` environment variable to display a backtrace

        PASS [   0.171s] (4627/4972) auto-lang vm::ffi::stdlib::tests::vm_substr_slice_find_semantics
        PASS [   0.137s] (4628/4972) auto-lang vm::generic::tests::test_extract_generic_instance_non_generic
        PASS [   0.153s] (4629/4972) auto-lang vm::generic::tests::test_extract_generic_instance_list
        PASS [   0.138s] (4630/4972) auto-lang vm::generic::tests::test_generic_instance_list_string
        PASS [   0.152s] (4631/4972) auto-lang vm::generic::tests::test_generic_instance_display
        PASS [   0.169s] (4632/4972) auto-lang vm::generic::tests::test_generic_instance_multiple_params
        PASS [   0.169s] (4633/4972) auto-lang vm::generic::tests::test_generic_instance_list_int
        PASS [   0.152s] (4634/4972) auto-lang vm::generic::tests::test_generic_table_register
        PASS [   0.169s] (4635/4972) auto-lang vm::generic::tests::test_generic_table_multiple_instantiations
        PASS [   0.167s] (4636/4972) auto-lang vm::generic_registry::tests::test_class_template_creation
        PASS [   0.152s] (4637/4972) auto-lang vm::generic_registry::tests::test_class_type_creation
        PASS [   0.154s] (4638/4972) auto-lang vm::generic_registry::tests::test_field_index
        PASS [   0.167s] (4639/4972) auto-lang vm::generic_registry::tests::test_class_type_display
        PASS [   0.154s] (4640/4972) auto-lang vm::generic_registry::tests::test_class_type_with_no_type_args
        PASS [   0.158s] (4641/4972) auto-lang vm::generic_registry::tests::test_field_substitution
        PASS [   0.146s] (4642/4972) auto-lang vm::generic_registry::tests::test_field_substitution_nested
        PASS [   0.140s] (4643/4972) auto-lang vm::generic_registry::tests::test_field_substitution_partial
        PASS [   0.156s] (4644/4972) auto-lang vm::generic_registry::tests::test_field_substitution_with_array
        PASS [   0.157s] (4645/4972) auto-lang vm::generic_registry::tests::test_field_substitution_with_list
        PASS [   0.157s] (4646/4972) auto-lang vm::generic_registry::tests::test_generic_instance_empty_fields
        PASS [   0.142s] (4647/4972) auto-lang vm::generic_registry::tests::test_generic_instance_set_field
        PASS [   0.157s] (4648/4972) auto-lang vm::generic_registry::tests::test_generic_instance_data
        PASS [   0.156s] (4649/4972) auto-lang vm::generic_registry::tests::test_generic_instance_get_field_out_of_bounds
        PASS [   0.138s] (4650/4972) auto-lang vm::generic_registry::tests::test_generic_instance_various_value_types
        PASS [   0.138s] (4651/4972) auto-lang vm::generic_registry::tests::test_generic_instance_set_field_bounds
        PASS [   0.140s] (4652/4972) auto-lang vm::generic_registry::tests::test_method_index
        PASS [   0.140s] (4653/4972) auto-lang vm::generic_registry::tests::test_mono_name_generation
        PASS [   0.141s] (4654/4972) auto-lang vm::generic_registry::tests::test_mono_name_with_double_and_uint
        PASS [   0.141s] (4655/4972) auto-lang vm::generic_registry::tests::test_mono_name_with_bool_and_float
        PASS [   0.140s] (4656/4972) auto-lang vm::generic_registry::tests::test_registry_duplicate_template
        PASS [   0.141s] (4657/4972) auto-lang vm::generic_registry::tests::test_mono_name_with_various_types
        PASS [   0.172s] (4658/4972) auto-lang vm::generic_registry::tests::test_registry_get_or_create_type
        PASS [   0.171s] (4659/4972) auto-lang vm::generic_registry::tests::test_registry_nonexistent_template
        PASS [   0.171s] (4660/4972) auto-lang vm::generic_registry::tests::test_registry_multiple_types
        PASS [   0.157s] (4661/4972) auto-lang vm::generic_registry::tests::test_registry_register_template
        PASS [   0.155s] (4662/4972) auto-lang vm::generic_registry::tests::test_single_generic_param
        PASS [   0.155s] (4663/4972) auto-lang vm::generic_registry::tests::test_registry_same_type_different_args
        PASS [   0.154s] (4664/4972) auto-lang vm::generic_registry::tests::test_specialized_pair_bool_int_creation
        PASS [   0.154s] (4665/4972) auto-lang vm::generic_registry::tests::test_specialized_pair_generic_creation
        PASS [   0.155s] (4666/4972) auto-lang vm::generic_registry::tests::test_specialized_pair_get_field
        PASS [   0.169s] (4667/4972) auto-lang vm::generic_registry::tests::test_specialized_pair_clone
        PASS [   0.159s] (4668/4972) auto-lang vm::generic_registry::tests::test_specialized_pair_int_bool_creation
        PASS [   0.159s] (4669/4972) auto-lang vm::generic_registry::tests::test_specialized_pair_int_int_creation
        PASS [   0.141s] (4670/4972) auto-lang vm::generic_registry::tests::test_specialized_pair_set_field
        PASS [   0.157s] (4671/4972) auto-lang vm::generic_registry::tests::test_specialized_pair_int_value_creation
        PASS [   0.157s] (4672/4972) auto-lang vm::generic_registry::tests::test_specialized_pair_memory_efficiency
        PASS [   0.140s] (4673/4972) auto-lang vm::generic_registry::tests::test_specialized_pair_value_int_creation
        PASS [   0.156s] (4674/4972) auto-lang vm::generic_registry::tests::test_specialized_pair_type_mismatch
        PASS [   0.123s] (4675/4972) auto-lang vm::generic_registry::tests::test_template_with_many_fields
        PASS [   0.155s] (4676/4972) auto-lang vm::generic_registry::tests::test_template_display
        PASS [   0.120s] (4677/4972) auto-lang vm::generic_registry::tests::test_template_with_no_generic_params
        PASS [   0.120s] (4678/4972) auto-lang vm::heap_object::tests::test_arc_rwlock_heap_object
        PASS [   0.138s] (4679/4972) auto-lang vm::generic_registry::tests::test_three_generic_params
        PASS [   0.123s] (4680/4972) auto-lang vm::heap_object::tests::test_arc_rwlock_heap_object_mut
        PASS [   0.138s] (4681/4972) auto-lang vm::heap_object::tests::test_bigint_data_roundtrip_i64
        PASS [   0.123s] (4682/4972) auto-lang vm::heap_object::tests::test_bigint_data_roundtrip_u64
        PASS [   0.138s] (4683/4972) auto-lang vm::heap_object::tests::test_bigint_downcast
        PASS [   0.155s] (4684/4972) auto-lang vm::heap_object::tests::test_clone_hashmap_type_tag
        PASS [   0.155s] (4685/4972) auto-lang vm::heap_object::tests::test_clone_type_tag
        PASS [   0.156s] (4686/4972) auto-lang vm::heap_object::tests::test_downcast_mut_failure
        PASS [   0.156s] (4687/4972) auto-lang vm::heap_object::tests::test_downcast_failure
        PASS [   0.157s] (4688/4972) auto-lang vm::heap_object::tests::test_downcast_success
        PASS [   0.157s] (4689/4972) auto-lang vm::heap_object::tests::test_downcast_mut_success
        PASS [   0.157s] (4690/4972) auto-lang vm::heap_object::tests::test_heap_object_type_tag
        PASS [   0.156s] (4691/4972) auto-lang vm::heap_object::tests::test_multiple_object_types_in_registry
        PASS [   0.157s] (4692/4972) auto-lang vm::heap_object::tests::test_is_type_helper
        PASS [   0.157s] (4693/4972) auto-lang vm::heap_object::tests::test_optimized_downcast_performance
        PASS [   0.157s] (4694/4972) auto-lang vm::heap_object::tests::test_try_downcast_checked_mut_success
        PASS [   0.160s] (4695/4972) auto-lang vm::heap_object::tests::test_try_downcast_checked_mut_wrong_type
        PASS [   0.160s] (4696/4972) auto-lang vm::heap_object::tests::test_try_downcast_checked_success
        PASS [   0.158s] (4697/4972) auto-lang vm::heap_object::tests::test_type_name_helper
        PASS [   0.158s] (4698/4972) auto-lang vm::heap_object::tests::test_try_downcast_checked_wrong_type
        PASS [   0.159s] (4699/4972) auto-lang vm::heap_object::tests::test_type_tag_display
        PASS [   0.159s] (4700/4972) auto-lang vm::heap_object::tests::test_type_tag_equality
        PASS [   0.125s] (4701/4972) auto-lang vm::heap_object::tests::test_type_tag_is_list
        PASS [   0.157s] (4702/4972) auto-lang vm::heap_object::tests::test_type_tag_hash
        PASS [   0.123s] (4703/4972) auto-lang vm::heap_object::tests::test_type_tag_names
        PASS [   0.140s] (4704/4972) auto-lang vm::heap_object::tests::test_type_tag_is_map
        PASS [   0.124s] (4705/4972) auto-lang vm::list_data::tests::test_bigvm_list_storage_inline
        PASS [   0.141s] (4706/4972) auto-lang vm::heap_object::tests::test_type_tag_is_set
        PASS [   0.142s] (4707/4972) auto-lang vm::list_data::tests::test_bigvm_list_storage_clear
        PASS [   0.142s] (4708/4972) auto-lang vm::list_data::tests::test_bigvm_list_storage_heap
        PASS [   0.158s] (4709/4972) auto-lang vm::list_data::tests::test_bigvm_list_storage_insert_remove
        PASS [   0.158s] (4710/4972) auto-lang vm::list_data::tests::test_bigvm_list_storage_inline_capacity_limit
        PASS [   0.158s] (4711/4972) auto-lang vm::list_data::tests::test_bigvm_list_storage_set_get
        PASS [   0.174s] (4712/4972) auto-lang vm::list_data::tests::test_bigvm_list_storage_pop
        PASS [   0.158s] (4713/4972) auto-lang vm::list_data::tests::test_bigvm_list_storage_to_vec
        PASS [   0.159s] (4714/4972) auto-lang vm::list_storage::tests::test_heap_storage_basic
        PASS [   0.174s] (4715/4972) auto-lang vm::list_data::tests::test_bigvm_list_storage_try_grow
        PASS [   0.158s] (4716/4972) auto-lang vm::list_storage::tests::test_heap_storage_pop
        PASS [   0.174s] (4717/4972) auto-lang vm::list_storage::tests::test_heap_storage_insert_remove
        PASS [   0.159s] (4718/4972) auto-lang vm::list_storage::tests::test_inline_storage_basic
        PASS [   0.173s] (4719/4972) auto-lang vm::list_storage::tests::test_heap_storage_try_grow
        PASS [   0.160s] (4720/4972) auto-lang vm::list_storage::tests::test_inline_storage_capacity_limit
        PASS [   0.159s] (4721/4972) auto-lang vm::list_storage::tests::test_inline_storage_insert_remove
        PASS [   0.159s] (4722/4972) auto-lang vm::list_storage::tests::test_inline_storage_pop
        PASS [   0.157s] (4723/4972) auto-lang vm::list_storage::tests::test_inline_storage_try_grow
        PASS [   0.157s] (4724/4972) auto-lang vm::list_storage::tests::test_list_storage_can_grow
        PASS [   0.153s] (4725/4972) auto-lang vm::list_storage::tests::test_list_storage_capacity
        PASS [   0.153s] (4726/4972) auto-lang vm::list_storage::tests::test_list_storage_name
        PASS [   0.137s] (4727/4972) auto-lang vm::message_context::tests::test_builder_default
        PASS [   0.137s] (4728/4972) auto-lang vm::message_context::tests::test_builder
        PASS [   0.140s] (4729/4972) auto-lang vm::message_context::tests::test_can_reply
        PASS [   0.124s] (4730/4972) auto-lang vm::message_context::tests::test_display
        PASS [   0.142s] (4731/4972) auto-lang vm::message_context::tests::test_is_ask_method
        PASS [   0.126s] (4732/4972) auto-lang vm::message_context::tests::test_message_context_new
        PASS [   0.140s] (4733/4972) auto-lang vm::message_context::tests::test_message_context_for_ask
        PASS [   0.139s] (4734/4972) auto-lang vm::message_context::tests::test_reply_success
        PASS [   0.142s] (4735/4972) auto-lang vm::message_context::tests::test_sender_id_method
        PASS [   0.156s] (4736/4972) auto-lang vm::message_context::tests::test_reply_no_channel
        PASS [   0.156s] (4737/4972) auto-lang vm::message_context::tests::test_to_value_no_sender
        PASS [   0.172s] (4738/4972) auto-lang vm::message_context::tests::test_to_value
        PASS [   0.157s] (4739/4972) auto-lang vm::message_context::tests::test_with_reply_channel
        PASS [   0.157s] (4740/4972) auto-lang vm::message_context::tests::test_trace_id_method
        PASS [   0.157s] (4741/4972) auto-lang vm::message_context::tests::test_with_reply_channel_none
        PASS [   0.157s] (4742/4972) auto-lang vm::monomorphize::tests::test_collect_monomorphizable_types
        PASS [   0.158s] (4743/4972) auto-lang vm::monomorphize::tests::test_get_list_push_opcode
        PASS [   0.158s] (4744/4972) auto-lang vm::monomorphize::tests::test_get_list_create_opcode
        PASS [   0.159s] (4745/4972) auto-lang vm::monomorphize::tests::test_get_module_by_name
        PASS [   0.159s] (4746/4972) auto-lang vm::monomorphize::tests::test_is_monomorphizable
        PASS [   0.157s] (4747/4972) auto-lang vm::monomorphize::tests::test_monomorphize_list_bool
        PASS [   0.157s] (4748/4972) auto-lang vm::monomorphize::tests::test_monomorphize_list_int
        PASS [   0.154s] (4749/4972) auto-lang vm::monomorphize::tests::test_monomorphize_multiple_lists
        PASS [   0.169s] (4750/4972) auto-lang vm::monomorphize::tests::test_monomorphize_list_string
        PASS [   0.141s] (4751/4972) auto-lang vm::monomorphize::tests::test_monomorphizer_register_generic
        PASS [   0.156s] (4752/4972) auto-lang vm::monomorphize::tests::test_monomorphizer_new
        PASS [   0.155s] (4753/4972) auto-lang vm::native::dialog_parent::tests::owner_satisfies_rfd_parent_bound
        PASS [   0.139s] (4754/4972) auto-lang vm::native::tests::plan626_fs_tree_nested_json_schema_and_order
        PASS [   0.171s] (4755/4972) auto-lang vm::native::tests::p656_scroll_controller_natives_end_to_end
        PASS [   0.171s] (4756/4972) auto-lang vm::native::tests::test_resolve_direct_lookup
        PASS [   0.171s] (4757/4972) auto-lang vm::native::tests::test_resolve_canonical_normalization
        PASS [   0.173s] (4758/4972) auto-lang vm::native::tests::test_resolve_no_canonical_for_qualified
        PASS [   0.173s] (4759/4972) auto-lang vm::native::tests::test_to_canonical
        PASS [   0.170s] (4760/4972) auto-lang vm::native_catalog::catalog_integrity_tests::image_native_ids_unique_and_match_catalog
        PASS [   0.187s] (4761/4972) auto-lang vm::native::tests::vm_console_natives_end_to_end
        PASS [   0.171s] (4762/4972) auto-lang vm::native_catalog::catalog_integrity_tests::native_catalog_ids_and_names_unique
        PASS [   0.172s] (4763/4972) auto-lang vm::native_registry::tests::image_stdlib_declarations_expose_ticket_api_without_pixels
        PASS [   0.188s] (4764/4972) auto-lang vm::native_catalog::catalog_integrity_tests::native_id_entries_consistent_with_catalog
        PASS [   0.172s] (4765/4972) auto-lang vm::native_registry::tests::test_contains
        PASS [   0.173s] (4766/4972) auto-lang vm::native_registry::tests::peek_unknown_returns_none_stably
        PASS [   0.157s] (4767/4972) auto-lang vm::native_registry::tests::test_get_id
        PASS [   0.189s] (4768/4972) auto-lang vm::native_registry::tests::peek_does_not_mutate_registry
        PASS [   0.126s] (4769/4972) auto-lang vm::native_registry::tests::test_register_idempotent
        PASS [   0.159s] (4770/4972) auto-lang vm::native_registry::tests::test_global_registry
        PASS [   0.126s] (4771/4972) auto-lang vm::native_registry::tests::test_register_returns_id
        PASS [   0.127s] (4772/4972) auto-lang vm::native_registry::tests::test_to_canonical_bare
        PASS [   0.122s] (4773/4972) auto-lang vm::native_registry::tests::test_to_canonical_mapped
        PASS [   0.124s] (4774/4972) auto-lang vm::pattern_matcher::tests::test_compare_ordered
        PASS [   0.137s] (4775/4972) auto-lang vm::native_registry::tests::test_to_canonical_default
        PASS [   0.125s] (4776/4972) auto-lang vm::pattern_matcher::tests::test_match_literal_bool
        PASS [   0.125s] (4777/4972) auto-lang vm::pattern_matcher::tests::test_match_literal_char
        PASS [   0.121s] (4778/4972) auto-lang vm::pattern_matcher::tests::test_match_literal_string
        PASS [   0.122s] (4779/4972) auto-lang vm::pattern_matcher::tests::test_match_literal_int
        PASS [   0.122s] (4780/4972) auto-lang vm::pattern_matcher::tests::test_match_literal_string_no_match
        PASS [   0.122s] (4781/4972) auto-lang vm::pattern_matcher::tests::test_match_literal_uint
        PASS [   0.139s] (4782/4972) auto-lang vm::pattern_matcher::tests::test_match_result_display
        PASS [   0.154s] (4783/4972) auto-lang vm::pattern_matcher::tests::test_match_simple_variant
        PASS [   0.139s] (4784/4972) auto-lang vm::pattern_matcher::tests::test_match_type_binding_int
        PASS [   0.155s] (4785/4972) auto-lang vm::pattern_matcher::tests::test_match_type_binding_bool
        PASS [   0.139s] (4786/4972) auto-lang vm::pattern_matcher::tests::test_match_type_binding_string
        PASS [   0.141s] (4787/4972) auto-lang vm::pattern_matcher::tests::test_match_type_binding_wrong_type
        PASS [   0.154s] (4788/4972) auto-lang vm::pattern_matcher::tests::test_match_type_binding_unknown
        PASS [   0.143s] (4789/4972) auto-lang vm::pattern_matcher::tests::test_values_equal
        PASS [   0.143s] (4790/4972) auto-lang vm::qualified_name::tests::test_basic_path
        PASS [   0.141s] (4791/4972) auto-lang vm::qualified_name::tests::test_equality
        PASS [   0.141s] (4792/4972) auto-lang vm::qualified_name::tests::test_display
        PASS [   0.139s] (4793/4972) auto-lang vm::qualified_name::tests::test_from_str
        PASS [   0.158s] (4794/4972) auto-lang vm::qualified_name::tests::test_simple_name
        PASS [   0.142s] (4795/4972) auto-lang vm::qualified_name::tests::test_two_part_path
        PASS [   0.155s] (4796/4972) auto-lang vm::refs::tests::test_vm_mut_ref_clone
        PASS [   0.124s] (4797/4972) auto-lang vm::refs::tests::test_vm_mut_ref_creation
        PASS [   0.123s] (4798/4972) auto-lang vm::refs::tests::test_vm_ref_creation
        PASS [   0.124s] (4799/4972) auto-lang vm::refs::tests::test_vm_ref_clone
        PASS [   0.124s] (4800/4972) auto-lang vm::scheduler::tests::test_execute_handler_fully_returns_on_ret
        PASS [   0.124s] (4801/4972) auto-lang vm::scheduler::tests::test_global_meta_default
        PASS [   0.126s] (4802/4972) auto-lang vm::scheduler::tests::test_global_meta_new
        PASS [   0.126s] (4803/4972) auto-lang vm::scheduler::tests::test_scheduler_daemon_handles_stop
        PASS [   0.125s] (4804/4972) auto-lang vm::scheduler::tests::test_spawn_task_creates_context
        PASS [   2.183s] (4805/4972) auto-lang vm::ffi::http_server::spike699_axum_transport::spike_slow_headers_timeout
        PASS [   0.152s] (4806/4972) auto-lang vm::scheduler::tests::test_task_context_new
        PASS [   0.153s] (4807/4972) auto-lang vm::scheduler::tests::test_task_loop_processes_messages
        PASS [   0.154s] (4808/4972) auto-lang vm::task_handler::tests::test_add_literal_pattern
        PASS [   0.139s] (4809/4972) auto-lang vm::task_handler::tests::test_add_type_binding_pattern
        PASS [   0.157s] (4810/4972) auto-lang vm::task_handler::tests::test_add_simple_pattern
        PASS [   0.140s] (4811/4972) auto-lang vm::task_handler::tests::test_multiple_handlers
        PASS [   0.155s] (4812/4972) auto-lang vm::task_handler::tests::test_add_with_bindings_pattern
        PASS [   0.156s] (4813/4972) auto-lang vm::task_handler::tests::test_task_handler_new
        PASS [   0.141s] (4814/4972) auto-lang vm::task_handler::tests::test_task_handler_registry
        PASS [   0.140s] (4815/4972) auto-lang vm::task_handler::tests::test_type_expr_to_tag
        PASS [   0.156s] (4816/4972) auto-lang vm::task_handler::tests::test_task_handler_table_new
        PASS [   0.152s] (4817/4972) auto-lang vm::task_system::tests::test_task_handle_default
        PASS [   0.137s] (4818/4972) auto-lang vm::task_system::tests::test_task_handle_equality
        PASS [   0.152s] (4819/4972) auto-lang vm::task_system::tests::test_task_handle_null
        PASS [   0.149s] (4820/4972) auto-lang vm::task_system::tests::test_task_handle_send
        PASS [   0.149s] (4821/4972) auto-lang vm::task_system::tests::test_task_handle_try_send
        PASS [   0.139s] (4822/4972) auto-lang vm::task_system::tests::test_task_instance_creation
        PASS [   0.123s] (4823/4972) auto-lang vm::task_system::tests::test_task_instance_creation_order
        PASS [   0.122s] (4824/4972) auto-lang vm::task_system::tests::test_task_instance_execute_stop_hook_success
        PASS [   0.139s] (4825/4972) auto-lang vm::task_system::tests::test_task_instance_execute_start_hook_failure
        PASS [   0.139s] (4826/4972) auto-lang vm::task_system::tests::test_task_instance_execute_start_hook_success
        PASS [   0.124s] (4827/4972) auto-lang vm::task_system::tests::test_task_instance_no_hook
        PASS [   0.152s] (4828/4972) auto-lang vm::task_system::tests::test_task_instance_set_hooks
        PASS [   0.154s] (4829/4972) auto-lang vm::task_system::tests::test_task_instance_unique_ids
        PASS [   0.154s] (4830/4972) auto-lang vm::task_system::tests::test_task_registry_clear
        PASS [   0.154s] (4831/4972) auto-lang vm::task_system::tests::test_task_registry_execute_stop_hooks_lifo_order
        PASS [   0.157s] (4832/4972) auto-lang vm::task_system::tests::test_task_registry_get_instances_of_type
        PASS [   0.170s] (4833/4972) auto-lang vm::task_system::tests::test_task_registry_get_all_handles
        PASS [   0.158s] (4834/4972) auto-lang vm::task_system::tests::test_task_registry_mixed_instances_and_singletons
        PASS [   0.174s] (4835/4972) auto-lang vm::task_system::tests::test_task_registry_instance_count
        PASS [   0.146s] (4836/4972) auto-lang vm::task_system::tests::test_task_registry_register_instance
        PASS [   0.142s] (4837/4972) auto-lang vm::task_system::tests::test_task_registry_register_instance_with_hooks
        PASS [   0.160s] (4838/4972) auto-lang vm::task_system::tests::test_task_registry_new
        PASS [   0.144s] (4839/4972) auto-lang vm::task_system::tests::test_task_registry_singleton
        PASS [   0.160s] (4840/4972) auto-lang vm::task_system::tests::test_task_registry_remove_instance
        PASS [   0.160s] (4841/4972) auto-lang vm::task_system::tests::test_task_registry_singleton_with_stop_hook
        PASS [   0.157s] (4842/4972) auto-lang vm::template_codegen::tests::test_template_codegen_concatenation
        PASS [   0.157s] (4843/4972) auto-lang vm::task_system::tests::test_task_registry_start_scheduler_exists
        PASS [   0.141s] (4844/4972) auto-lang vm::template_codegen::tests::test_template_codegen_empty_template
        PASS [   0.142s] (4845/4972) auto-lang vm::template_codegen::tests::test_template_codegen_simple_string
        PASS [   0.142s] (4846/4972) auto-lang vm::template_codegen::tests::test_template_codegen_nil_value
        PASS [   0.143s] (4847/4972) auto-lang vm::template_codegen::tests::test_template_codegen_with_separator
        PASS [   0.128s] (4848/4972) auto-lang vm::template_codegen::tests::test_template_codegen_with_variable
        PASS [   0.160s] (4849/4972) auto-lang vm::tests_chart_geometry::test_geo_callconv_f32_literal
        PASS [   0.143s] (4850/4972) auto-lang vm::tests_chart_geometry::test_geo_callnat_in_loop_regression
        PASS [   0.157s] (4851/4972) auto-lang vm::tests_chart_geometry::test_geo_callnat_in_loop_workaround
        PASS [   0.176s] (4852/4972) auto-lang vm::tests_chart_geometry::test_geo_decode_i64_tag_first
        PASS [   0.193s] (4853/4972) auto-lang vm::tests_chart_geometry::test_geo_callnat_multi_call_multi_iter
        PASS [   0.189s] (4854/4972) auto-lang vm::tests_chart_geometry::test_geo_counter_scope_micro
        PASS [   0.186s] (4855/4972) auto-lang vm::tests_chart_geometry::test_geo_dynamic_record_field
        PASS [   0.187s] (4856/4972) auto-lang vm::tests_chart_geometry::test_geo_fn_identity
        PASS [   0.204s] (4857/4972) auto-lang vm::tests_chart_geometry::test_geo_donut_paths
        PASS [   0.187s] (4858/4972) auto-lang vm::tests_chart_geometry::test_geo_fn_noargs
        PASS [   0.187s] (4859/4972) auto-lang vm::tests_chart_geometry::test_geo_fn_if_branch
        PASS [   0.193s] (4860/4972) auto-lang vm::tests_chart_geometry::test_geo_fn_two_args
        PASS [   0.176s] (4861/4972) auto-lang vm::tests_chart_geometry::test_geo_fstr_inline_math
        PASS [   0.191s] (4862/4972) auto-lang vm::tests_chart_geometry::test_geo_fstr_float_format
        PASS [   0.187s] (4863/4972) auto-lang vm::tests_chart_geometry::test_geo_if_reassign_in_loop
        PASS [   0.198s] (4864/4972) auto-lang vm::tests_chart_geometry::test_geo_line_path_from_records
        PASS [   0.167s] (4865/4972) auto-lang vm::tests_chart_geometry::test_geo_linear_scale
        PASS [   0.187s] (4866/4972) auto-lang vm::tests_chart_geometry::test_geo_manual_enumeration
        PASS [   0.172s] (4867/4972) auto-lang vm::tests_chart_geometry::test_geo_math_trig
        PASS [   0.151s] (4868/4972) auto-lang vm::tests_chart_geometry::test_geo_min_max_over_records
        PASS [   0.124s] (4869/4972) auto-lang vm::tests_closures::tests::borrow_check_tests::test_borrow_check_direct_reference_safe
        PASS [   0.125s] (4870/4972) auto-lang vm::tests_closures::tests::borrow_check_tests::test_borrow_check_default_copy_allowed
        PASS [   0.157s] (4871/4972) auto-lang vm::tests_chart_geometry::test_geo_string_accum_in_loop
        PASS [   0.167s] (4872/4972) auto-lang vm::tests_chart_geometry::test_geo_path_probe
        PASS [   0.143s] (4873/4972) auto-lang vm::tests_clipboard_natives::clipboard_files_and_image_via_vm_shims
        PASS [   0.154s] (4874/4972) auto-lang vm::tests_closures::tests::borrow_check_tests::test_borrow_check_mut_capture
        PASS [   0.154s] (4875/4972) auto-lang vm::tests_closures::tests::borrow_check_tests::test_borrow_check_multiple_captures
        PASS [   0.151s] (4876/4972) auto-lang vm::tests_closures::tests::borrow_check_tests::test_borrow_check_nested_expressions
        PASS [   0.151s] (4877/4972) auto-lang vm::tests_closures::tests::borrow_check_tests::test_borrow_check_unsafe_in_array
        PASS [   0.166s] (4878/4972) auto-lang vm::tests_closures::tests::borrow_check_tests::test_borrow_check_take_allowed
        PASS [   0.140s] (4879/4972) auto-lang vm::tests_closures::tests::borrow_check_tests::test_borrow_check_unsafe_in_function_call
        PASS [   0.153s] (4880/4972) auto-lang vm::tests_closures::tests::borrow_check_tests::test_borrow_check_unsafe_in_block
        PASS [   0.157s] (4881/4972) auto-lang vm::tests_closures::tests::borrow_check_tests::test_borrow_check_unsafe_in_if_expression
        PASS [   0.152s] (4882/4972) auto-lang vm::tests_closures::tests::borrow_check_tests::test_borrow_check_view_capture
        PASS [   0.153s] (4883/4972) auto-lang vm::tests_collections::test_btreemap_clear
        PASS [   0.156s] (4884/4972) auto-lang vm::tests_collections::test_btreemap_contains
        PASS [   0.151s] (4885/4972) auto-lang vm::tests_collections::test_btreemap_last_key
        PASS [   0.151s] (4886/4972) auto-lang vm::tests_collections::test_btreemap_first_key
        PASS [   0.163s] (4887/4972) auto-lang vm::tests_collections::test_btreemap_insert_get
        PASS [   0.179s] (4888/4972) auto-lang vm::tests_collections::test_btreemap_new
        PASS [   0.180s] (4889/4972) auto-lang vm::tests_collections::test_btreemap_is_empty
        PASS [   0.155s] (4890/4972) auto-lang vm::tests_collections::test_btreemap_remove
        PASS [   0.155s] (4891/4972) auto-lang vm::tests_collections::test_btreemap_ordered_insertion
        PASS [   0.140s] (4892/4972) auto-lang vm::tests_collections::test_list_float_get_method
        PASS [   0.155s] (4893/4972) auto-lang vm::tests_collections::test_btreemap_size
        PASS [   0.154s] (4894/4972) auto-lang vm::tests_collections::test_list_float_len
        PASS [   0.170s] (4895/4972) auto-lang vm::tests_collections::test_list_float_len_eq
        PASS [   0.170s] (4896/4972) auto-lang vm::tests_collections::test_list_float_push_roundtrip
        PASS [   0.186s] (4897/4972) auto-lang vm::tests_collections::test_list_float_nonempty_literal
        PASS [   0.169s] (4898/4972) auto-lang vm::tests_collections::test_list_untyped_empty_push_float
        PASS [   0.169s] (4899/4972) auto-lang vm::tests_collections::test_vecdeque_back
        PASS [   0.167s] (4900/4972) auto-lang vm::tests_collections::test_vecdeque_clear
        PASS [   0.161s] (4901/4972) auto-lang vm::tests_collections::test_vecdeque_new
        PASS [   0.174s] (4902/4972) auto-lang vm::tests_collections::test_vecdeque_is_empty
        PASS [   0.175s] (4903/4972) auto-lang vm::tests_collections::test_vecdeque_front
        PASS [   0.157s] (4904/4972) auto-lang vm::tests_collections::test_vecdeque_pop_back
        PASS [   0.152s] (4905/4972) auto-lang vm::tests_collections::test_vecdeque_push_back
        PASS [   0.169s] (4906/4972) auto-lang vm::tests_collections::test_vecdeque_pop_front
        PASS [   0.167s] (4907/4972) auto-lang vm::tests_collections::test_vecdeque_push_front
        PASS [   0.169s] (4908/4972) auto-lang vm::tests_collections::test_vecdeque_queue_fifo
        PASS [   0.169s] (4909/4972) auto-lang vm::tests_collections::test_vecdeque_stack_lifo
        PASS [   0.170s] (4910/4972) auto-lang vm::tests_known_limits::fn_return_native_composite_roundtrip
        PASS [   0.140s] (4911/4972) auto-lang vm::tests_known_limits::fn_return_struct_roundtrip
        PASS [   0.137s] (4912/4972) auto-lang vm::tests_known_limits::method_chain_scalar_str_on_arith_result
        PASS [   0.123s] (4913/4972) auto-lang vm::tests_known_limits::method_chain_scalar_str_on_string_len
        PASS [   0.139s] (4914/4972) auto-lang vm::tests_known_limits::module_pub_fn_return_composite_roundtrip
        PASS [   0.155s] (4915/4972) auto-lang vm::tests_known_limits::method_chain_scalar_str_on_list_len
        PASS [   0.136s] (4916/4972) auto-lang vm::tests_parser_stack::bug1_if_branch_variant_parses
        PASS [   0.156s] (4917/4972) auto-lang vm::tests_known_limits::typed_var_annotation_receives_composite
        PASS [   0.171s] (4918/4972) auto-lang vm::tests_parser_stack::bug1_full_pipeline_on_default_thread
        PASS [   0.159s] (4919/4972) auto-lang vm::tests_parser_stack::bug1_struct_literal_overwrite_in_loop_parses
        PASS [   0.162s] (4920/4972) auto-lang vm::tests_parser_stack::bug2_nested_block_in_loop_no_overflow
        PASS [   0.156s] (4921/4972) auto-lang vm::tests_rc_lifecycle::escape_analysis_unit
        PASS [   0.173s] (4922/4972) auto-lang vm::tests_rc_lifecycle::fn_ret_drop
        PASS [   0.169s] (4923/4972) auto-lang vm::tests_rc_lifecycle::move_prevents_double_drop
        PASS [   0.186s] (4924/4972) auto-lang vm::tests_rc_lifecycle::global_keeps_alive
        PASS [   0.153s] (4925/4972) auto-lang vm::tests_rc_lifecycle::rc_balance_unit
        PASS [   1.896s] (4926/4972) auto-lang vm::native::tests::code_editor_natives::vm_code_editor_edit_end_to_end
        PASS [   0.203s] (4927/4972) auto-lang vm::tests_rc_lifecycle::mut_on_shared_errors
        PASS [   1.943s] (4928/4972) auto-lang vm::native::tests::code_editor_natives::vm_code_editor_delta_end_to_end
        PASS [   0.265s] (4929/4972) auto-lang vm::tests_rc_lifecycle::container_elem_drop
        PASS [   0.265s] (4930/4972) auto-lang vm::tests_rc_lifecycle::closure_keeps_alive
        PASS [   0.280s] (4931/4972) auto-lang vm::tests_rc_lifecycle::container_elem_keeps_alive
        PASS [   0.186s] (4932/4972) auto-lang vm::tests_rc_lifecycle::return_keeps_alive
        PASS [   0.237s] (4933/4972) auto-lang vm::tests_rc_lifecycle::overwrite_drop
        PASS [   0.388s] (4934/4972) auto-lang vm::tests_parser_stack::body_nesting_guard_clean_error
        PASS [   0.231s] (4935/4972) auto-lang vm::tests_rc_lifecycle::scope_drop_basic
        PASS [   0.124s] (4936/4972) auto-lang vm::tests_rc_lifecycle::str_pool_rc_balance_unit
        PASS [   0.140s] (4937/4972) auto-lang vm::tests_rc_lifecycle::str_pinned_constants_survive
        PASS [   0.126s] (4938/4972) auto-lang vm::tests_rc_lifecycle::uaf_canary_poisoned
        PASS [   0.139s] (4939/4972) auto-lang vm::tests_string_pool::add_string_dedups_identical_content
        PASS [   0.125s] (4940/4972) auto-lang vm::tests_string_pool::codegen_load_str_operand_is_u32
        PASS [   2.038s] (4941/4972) auto-lang vm::native::tests::code_editor_natives::vm_code_editor_natives_end_to_end
        PASS [   0.125s] (4942/4972) auto-lang vm::tests_string_pool::engine_load_str_decode_width_matches_codegen
        PASS [   0.450s] (4943/4972) auto-lang vm::tests_parser_stack::deep_expression_nesting_bounded
        PASS [   0.265s] (4944/4972) auto-lang vm::tests_rc_lifecycle::str_cat_temp_freed
        PASS [   0.136s] (4945/4972) auto-lang vm::tests_tag::tag_as_type_field_name
        PASS [   0.141s] (4946/4972) auto-lang vm::tests_tag::tag_as_param_and_field
        PASS [   0.109s] (4947/4972) auto-lang vm::ui_console::tests::clear_empties
        PASS [   0.237s] (4948/4972) auto-lang vm::tests_rc_lifecycle::str_field_cycle_bounded
        PASS [   0.139s] (4949/4972) auto-lang vm::tests_tag::tag_enum_alias_still_parses
        PASS [   0.154s] (4950/4972) auto-lang vm::tests_tag::tag_in_struct_literal
        PASS [   0.355s] (4951/4972) auto-lang vm::tests_rc_lifecycle::shared_two_owners
        PASS [   0.136s] (4952/4972) auto-lang vm::ui_console::tests::ring_caps_and_orders_newest_first
        PASS [   0.153s] (4953/4972) auto-lang::component_registry_test builtin_tags_cannot_be_shadowed
        PASS [   0.137s] (4954/4972) auto-lang::component_registry_test load_package_survives_single_bad_file
        FAIL [   0.073s] (4955/4972) auto-lang::schema_drift queue_coverage_drift_fence
  stdout ───

    running 1 test
    test queue_coverage_drift_fence ... FAILED

    failures:

    failures:
        queue_coverage_drift_fence

    test result: FAILED. 0 passed; 1 failed; 0 ignored; 0 measured; 1 filtered out; finished in 0.01s

  stderr ───

    thread 'queue_coverage_drift_fence' (16796) panicked at crates\auto-lang\tests\schema_drift.rs:2282:5:
    aura.at 新增 element 未在 element_coverage 登记:
      carousel, carousel_content, carousel_item, carousel_next, carousel_previous
    登记路径:crates/auto-lang/src/aura/element_coverage.rs
    (默认 not-yet/not-consumed 即过——登记动作不可省)
    note: run with `RUST_BACKTRACE=1` environment variable to display a backtrace

        PASS [   0.117s] (4956/4972) auto-lang::component_registry_test package_origin_tags_do_not_suppress_local_components
        PASS [   0.105s] (4957/4972) auto-lang::docs_gen core_reference_in_sync
        PASS [   0.153s] (4958/4972) auto-lang::docs_gen docs_coverage_fence
        PASS [   0.135s] (4959/4972) auto-lang::docs_gen gallery_properties_conform_to_schema
        FAIL [   0.144s] (4960/4972) auto-lang::docs_gen kitchen_sink_page_in_sync
  stdout ───

    running 1 test
    test kitchen_sink_page_in_sync ... FAILED

    failures:

    failures:
        kitchen_sink_page_in_sync

    test result: FAILED. 0 passed; 1 failed; 0 ignored; 0 measured; 3 filtered out; finished in 0.08s

  stderr ───

    thread 'kitchen_sink_page_in_sync' (36592) panicked at crates\auto-lang\tests\docs_gen.rs:406:5:
    assertion `left == right` failed: kitchen-sink.at 与 schema 不同步 —— 再生成:
    KITCHEN_SINK_UPDATE=1 cargo test -p auto-lang --test docs_gen
      left: "// Plan 435 P5b —— kitchen-sink demo 页(schema/aura.at 生成,**勿手改**)\n// 再生成:auto docs gen(测试内等价 KITCHEN_SINK_UPDATE=1 cargo test -p auto-lang --test docs_gen)\n// 覆盖:builtin_widget 层含可字面化 props 的全部元素(当前 53 个)。\n\nwidget KitchenSinkPage {\n    msg { Go }\n    model { dummy int = 0 }\n    on { .Go -> { } }\n    view {\n        col (style: \"p-6 space-y-8\") {\n            h1 \"Kitchen Sink\"\n            text \"核心组件全量示例 —— schema 生成页,展示每个组件的 props 取值。\" { style: \"text-muted-foreground\" }\n\n            h2 \"alert_dialog_action\"\n            row (style: \"gap-2 flex-wrap items-center\") {\n                alert_dialog_action \"sample\" {}\n            }\n\n            h2 \"alert_dialog_cancel\"\n            row (style: \"gap-2 flex-wrap items-center\") {\n                alert_dialog_cancel \"sample\" {}\n            }\n\n            h2 \"alert_dialog_description\"\n            row (style: \"gap-2 flex-wrap items-center\") {\n                alert_dialog_description \"sample\" {}\n            }\n\n            h2 \"alert_dialog_title\"\n            row (style: \"gap-2 flex-wrap items-center\") {\n                alert_dialog_title \"sample\" {}\n            }\n\n            h2 \"alert_dialog_trigger\"\n            row (style: \"gap-2 flex-wrap items-center\") {\n                alert_dialog_trigger {}\n                alert_dialog_trigger (as_child: true) {}\n            }\n\n            h2 \"autodown_editor\"\n            row (style: \"gap-2 flex-wrap items-center\") {\n                autodown_editor {}\n            }\n\n            h2 \"avatar\"\n            row (style: \"gap-2 flex-wrap items-center\") {\n                avatar {}\n                avatar (src: \"/icon.png\") {}\n                avatar (alt: \"sample\") {}\n                avatar (fallback: \"sample\") {}\n            }\n\n            h2 \"badge\"\n            row (style: \"gap-2 flex-wrap items-center\") {\n                badge \"sample\" {}\n                badge (variant: \"default\") {}\n                badge (variant: \"secondary\") {}\n            }\n\n            h2 \"button\"\n            row (style: \"gap-2 flex-wrap items-center\") {\n                button \"sample\" {}\n                button (variant: \"default\") {}\n                button (variant: \"secondary\") {}\n                button (size: \"sm\") {}\n                button (size: \"default\") {}\n            }\n\n            h2 \"code_editor\"\n            row (style: \"gap-2 flex-wrap items-center\") {\n                code_editor {}\n            }\n\n            h2 \"col\"\n            row (style: \"gap-2 flex-wrap items-center\") {\n                col {}\n                col (gap: 1) {}\n                col (align: \"start\") {}\n                col (align: \"center\") {}\n            }\n\n            h2 \"container\"\n            row (style: \"gap-2 flex-wrap items-center\") {\n                container {}\n                container (max_width: 1) {}\n            }\n\n            h2 \"divider\"\n            row (style: \"gap-2 flex-wrap items-center\") {\n                divider {}\n                divider (direction: \"horizontal\") {}\n                divider (direction: \"vertical\") {}\n            }\n\n            h2 \"drawer\"\n            row (style: \"gap-2 flex-wrap items-center\") {\n                drawer {}\n                drawer (direction: \"left\") {}\n                drawer (direction: \"right\") {}\n            }\n\n            h2 \"drawer_description\"\n            row (style: \"gap-2 flex-wrap items-center\") {\n                drawer_description \"sample\" {}\n            }\n\n            h2 \"drawer_title\"\n            row (style: \"gap-2 flex-wrap items-center\") {\n                drawer_title \"sample\" {}\n            }\n\n            h2 \"drawer_trigger\"\n            row (style: \"gap-2 flex-wrap items-center\") {\n                drawer_trigger {}\n                drawer_trigger (as_child: true) {}\n            }\n\n            h2 \"dropdown-menu\"\n            row (style: \"gap-2 flex-wrap items-center\") {\n                dropdown-menu \"sample\" {}\n                dropdown-menu (disabled: \"true\") {}\n                dropdown-menu (disabled: \"false\") {}\n                dropdown-menu (shortcut: \"sample\") {}\n            }\n\n            h2 \"grid\"\n            row (style: \"gap-2 flex-wrap items-center\") {\n                grid {}\n                grid (columns: 1) {}\n                grid (gap: 1) {}\n            }\n\n            h2 \"hover_card\"\n            row (style: \"gap-2 flex-wrap items-center\") {\n                hover_card {}\n                hover_card (open_delay: 1) {}\n                hover_card (close_delay: 1) {}\n            }\n\n            h2 \"hover_card_content\"\n            row (style: \"gap-2 flex-wrap items-center\") {\n                hover_card_content {}\n                hover_card_content (side: \"top\") {}\n                hover_card_content (side: \"right\") {}\n            }\n\n            h2 \"hover_card_trigger\"\n            row (style: \"gap-2 flex-wrap items-center\") {\n                hover_card_trigger {}\n                hover_card_trigger (as_child: true) {}\n            }\n\n            h2 \"icon\"\n            row (style: \"gap-2 flex-wrap items-center\") {\n                icon {}\n                icon (name: \"sample\") {}\n                icon (size: 1) {}\n                icon (state: \"on\") {}\n                icon (state: \"off\") {}\n            }\n\n            h2 \"image\"\n            row (style: \"gap-2 flex-wrap items-center\") {\n                image {}\n                image (src: \"/icon.png\") {}\n                image (alt: \"sample\") {}\n                image (fit: \"cover\") {}\n                image (fit: \"contain\") {}\n            }\n\n            h2 \"imagesurface\"\n            row (style: \"gap-2 flex-wrap items-center\") {\n                imagesurface {}\n                imagesurface (src: \"/icon.png\") {}\n                imagesurface (alt: \"sample\") {}\n                imagesurface (width: 1) {}\n                imagesurface (height: 1) {}\n            }\n\n            h2 \"input\"\n            row (style: \"gap-2 flex-wrap items-center\") {\n                input {}\n                input (placeholder: \"sample\") {}\n                input (type: \"text\") {}\n                input (type: \"password\") {}\n            }\n\n            h2 \"label\"\n            row (style: \"gap-2 flex-wrap items-center\") {\n                label \"sample\" {}\n                label (for: \"sample\") {}\n                label (selectable: true) {}\n            }\n\n            h2 \"link\"\n            row (style: \"gap-2 flex-wrap items-center\") {\n                link (text: \"sample\", href: \"sample\") {}\n                link (href: \"sample\") {}\n            }\n\n            h2 \"mouse-area\"\n            row (style: \"gap-2 flex-wrap items-center\") {\n                mouse-area {}\n                mouse-area (coords: \"sample\") {}\n            }\n\n            h2 \"native_button\"\n            row (style: \"gap-2 flex-wrap items-center\") {\n                native_button \"sample\" {}\n                native_button (disabled: true) {}\n            }\n\n            h2 \"nav-group\"\n            row (style: \"gap-2 flex-wrap items-center\") {\n                nav-group {}\n                nav-group (label: \"sample\") {}\n                nav-group (collapsible: true) {}\n                nav-group (indent: true) {}\n            }\n\n            h2 \"nav-item\"\n            row (style: \"gap-2 flex-wrap items-center\") {\n                nav-item {}\n                nav-item (to: \"sample\") {}\n                nav-item (exact: true) {}\n                nav-item (icon: \"sample\") {}\n                nav-item (label: \"sample\") {}\n            }\n\n            h2 \"p\"\n            row (style: \"gap-2 flex-wrap items-center\") {\n                p \"sample\" {}\n            }\n\n            h2 \"popover\"\n            row (style: \"gap-2 flex-wrap items-center\") {\n                popover {}\n                popover (placement: \"bottom\") {}\n                popover (placement: \"bottom-start\") {}\n            }\n\n            h2 \"progress\"\n            row (style: \"gap-2 flex-wrap items-center\") {\n                progress {}\n                progress (value: 1) {}\n                progress (max: 1) {}\n            }\n\n            h2 \"row\"\n            row (style: \"gap-2 flex-wrap items-center\") {\n                row {}\n                row (gap: 1) {}\n                row (align: \"start\") {}\n                row (align: \"center\") {}\n            }\n\n            h2 \"scroll\"\n            row (style: \"gap-2 flex-wrap items-center\") {\n                scroll {}\n                scroll (axis: \"y\") {}\n                scroll (axis: \"x\") {}\n                scroll (scrollbar: \"auto\") {}\n                scroll (scrollbar: \"always\") {}\n            }\n\n            h2 \"scroll_test_content\"\n            row (style: \"gap-2 flex-wrap items-center\") {\n                scroll_test_content {}\n                scroll_test_content (key: \"sample\") {}\n                scroll_test_content (extent_w: 1) {}\n                scroll_test_content (extent_h: 1) {}\n            }\n\n            h2 \"select\"\n            row (style: \"gap-2 flex-wrap items-center\") {\n                select {}\n                select (placeholder: \"sample\") {}\n                select (disabled: \"true\") {}\n                select (disabled: \"false\") {}\n            }\n\n            h2 \"separator\"\n            row (style: \"gap-2 flex-wrap items-center\") {\n                separator {}\n                separator (orientation: \"horizontal\") {}\n                separator (orientation: \"vertical\") {}\n                separator (label: \"sample\") {}\n            }\n\n            h2 \"sheet_content\"\n            row (style: \"gap-2 flex-wrap items-center\") {\n                sheet_content {}\n                sheet_content (side: \"top\") {}\n                sheet_content (side: \"right\") {}\n            }\n\n            h2 \"sheet_title\"\n            row (style: \"gap-2 flex-wrap items-center\") {\n                sheet_title \"sample\" {}\n            }\n\n            h2 \"sheet_trigger\"\n            row (style: \"gap-2 flex-wrap items-center\") {\n                sheet_trigger {}\n                sheet_trigger (as_child: true) {}\n            }\n\n            h2 \"sidebar\"\n            row (style: \"gap-2 flex-wrap items-center\") {\n                sidebar {}\n                sidebar (side: \"left\") {}\n                sidebar (side: \"right\") {}\n                sidebar (variant: \"sidebar\") {}\n                sidebar (variant: \"floating\") {}\n            }\n\n            h2 \"sidebar_menu_button\"\n            row (style: \"gap-2 flex-wrap items-center\") {\n                sidebar_menu_button \"sample\" {}\n                sidebar_menu_button (tooltip: \"sample\") {}\n                sidebar_menu_button (active: true) {}\n            }\n\n            h2 \"slider\"\n            row (style: \"gap-2 flex-wrap items-center\") {\n                slider {}\n                slider (min: 1) {}\n                slider (max: 1) {}\n                slider (step: 1) {}\n            }\n\n            h2 \"slot\"\n            row (style: \"gap-2 flex-wrap items-center\") {\n                slot {}\n                slot (name: \"sample\") {}\n            }\n\n            h2 \"spacer\"\n            row (style: \"gap-2 flex-wrap items-center\") {\n                spacer {}\n                spacer (size: 1) {}\n            }\n\n            h2 \"span\"\n            row (style: \"gap-2 flex-wrap items-center\") {\n                span \"sample\" {}\n            }\n\n            h2 \"text\"\n            row (style: \"gap-2 flex-wrap items-center\") {\n                text \"sample\" {}\n                text (selectable: true) {}\n            }\n\n            h2 \"textarea\"\n            row (style: \"gap-2 flex-wrap items-center\") {\n                textarea {}\n                textarea (placeholder: \"sample\") {}\n                textarea (disabled: true) {}\n                textarea (rows: 1) {}\n            }\n\n            h2 \"toaster\"\n            row (style: \"gap-2 flex-wrap items-center\") {\n                toaster {}\n                toaster (position: \"top-left\") {}\n                toaster (position: \"top-center\") {}\n            }\n\n            h2 \"workspace_preview\"\n            row (style: \"gap-2 flex-wrap items-center\") {\n                workspace_preview {}\n                workspace_preview (ws: \"sample\") {}\n                workspace_preview (fallback: \"sample\") {}\n            }\n        }\n    }\n}\n"
     right: "// Plan 435 P5b —— kitchen-sink demo 页(schema/aura.at 生成,**勿手改**)\n// 再生成:auto docs gen(测试内等价 KITCHEN_SINK_UPDATE=1 cargo test -p auto-lang --test docs_gen)\n// 覆盖:builtin_widget 层含可字面化 props 的全部元素(当前 53 个)。\n\nwidget KitchenSinkPage {\n    msg { Go }\n    model { dummy int = 0 }\n    on { .Go -> { } }\n    view {\n        col (style: \"p-6 space-y-8\") {\n            h1 \"Kitchen Sink\"\n            text \"核心组件全量示例 —— schema 生成页,展示每个组件的 props 取值。\" { style: \"text-muted-foreground\" }\n\n            h2 \"alert_dialog_action\"\n            row (style: \"gap-2 flex-wrap items-center w-full min-w-0\") {\n                alert_dialog { alert_dialog_trigger { button (text: \"Open dialog\", variant: \"outline\") {} } alert_dialog_content { alert_dialog_header { alert_dialog_title \"Dialog sample\" alert_dialog_description \"Dialog content sample\" } alert_dialog_footer { alert_dialog_cancel \"Cancel\" alert_dialog_action \"Continue\" } } }\n            }\n\n            h2 \"alert_dialog_cancel\"\n            row (style: \"gap-2 flex-wrap items-center w-full min-w-0\") {\n                alert_dialog { alert_dialog_trigger { button (text: \"Open dialog\", variant: \"outline\") {} } alert_dialog_content { alert_dialog_header { alert_dialog_title \"Dialog sample\" alert_dialog_description \"Dialog content sample\" } alert_dialog_footer { alert_dialog_cancel \"Cancel\" alert_dialog_action \"Continue\" } } }\n            }\n\n            h2 \"alert_dialog_description\"\n            row (style: \"gap-2 flex-wrap items-center w-full min-w-0\") {\n                alert_dialog { alert_dialog_trigger { button (text: \"Open dialog\", variant: \"outline\") {} } alert_dialog_content { alert_dialog_header { alert_dialog_title \"Dialog sample\" alert_dialog_description \"Dialog content sample\" } alert_dialog_footer { alert_dialog_cancel \"Cancel\" alert_dialog_action \"Continue\" } } }\n            }\n\n            h2 \"alert_dialog_title\"\n            row (style: \"gap-2 flex-wrap items-center w-full min-w-0\") {\n                alert_dialog { alert_dialog_trigger { button (text: \"Open dialog\", variant: \"outline\") {} } alert_dialog_content { alert_dialog_header { alert_dialog_title \"Dialog sample\" alert_dialog_description \"Dialog content sample\" } alert_dialog_footer { alert_dialog_cancel \"Cancel\" alert_dialog_action \"Continue\" } } }\n            }\n\n            h2 \"alert_dialog_trigger\"\n            row (style: \"gap-2 flex-wrap items-center w-full min-w-0\") {\n                alert_dialog { alert_dialog_trigger { button (text: \"Open dialog\", variant: \"outline\") {} } alert_dialog_content { alert_dialog_header { alert_dialog_title \"Dialog sample\" alert_dialog_description \"Dialog content sample\" } alert_dialog_footer { alert_dialog_cancel \"Cancel\" alert_dialog_action \"Continue\" } } }\n            }\n\n            h2 \"autodown_editor\"\n            row (style: \"gap-2 flex-wrap items-center w-full min-w-0\") {\n                autodown_editor (content: \"Sample editor content\") {}\n            }\n\n            h2 \"avatar\"\n            row (style: \"gap-2 flex-wrap items-center w-full min-w-0\") {\n                avatar { text \"sample\" {} }\n                avatar (src: \"/icon.png\") {}\n                avatar (alt: \"sample\") {}\n                avatar (fallback: \"sample\") {}\n            }\n\n            h2 \"badge\"\n            row (style: \"gap-2 flex-wrap items-center w-full min-w-0\") {\n                badge \"sample\" {}\n                badge (variant: \"default\") {}\n                badge (variant: \"secondary\") {}\n            }\n\n            h2 \"button\"\n            row (style: \"gap-2 flex-wrap items-center w-full min-w-0\") {\n                button \"sample\" {}\n                button (variant: \"default\") {}\n                button (variant: \"secondary\") {}\n                button (size: \"sm\") {}\n                button (size: \"default\") {}\n            }\n\n            h2 \"code_editor\"\n            row (style: \"gap-2 flex-wrap items-center w-full min-w-0\") {\n                code_editor { text \"sample\" {} }\n            }\n\n            h2 \"col\"\n            row (style: \"gap-2 flex-wrap items-center w-full min-w-0\") {\n                col { text \"Column item\" {} text \"Second item\" {} }\n                col (gap: 1) {}\n                col (align: \"start\") {}\n                col (align: \"center\") {}\n            }\n\n            h2 \"container\"\n            row (style: \"gap-2 flex-wrap items-center w-full min-w-0\") {\n                container { text \"Contained sample\" {} }\n                container (max_width: 1) {}\n            }\n\n            h2 \"divider\"\n            row (style: \"gap-2 flex-wrap items-center w-full min-w-0\") {\n                divider {}\n                divider (direction: \"horizontal\") {}\n                divider (direction: \"vertical\") {}\n            }\n\n            h2 \"drawer\"\n            row (style: \"gap-2 flex-wrap items-center w-full min-w-0\") {\n                drawer { drawer-trigger \"Open drawer\" drawer-content { drawer-header { drawer-title \"Drawer sample\" drawer-description \"Visible after opening the drawer.\" } } }\n                drawer (direction: \"left\") {}\n                drawer (direction: \"right\") {}\n            }\n\n            h2 \"drawer_description\"\n            row (style: \"gap-2 flex-wrap items-center w-full min-w-0\") {\n                drawer { drawer-trigger \"Open drawer\" drawer-content { drawer-header { drawer-title \"Drawer sample\" drawer-description \"Drawer content sample\" } drawer-footer { button (text: \"Done\") {} } } }\n            }\n\n            h2 \"drawer_title\"\n            row (style: \"gap-2 flex-wrap items-center w-full min-w-0\") {\n                drawer { drawer-trigger \"Open drawer\" drawer-content { drawer-header { drawer-title \"Drawer sample\" drawer-description \"Drawer content sample\" } drawer-footer { button (text: \"Done\") {} } } }\n            }\n\n            h2 \"drawer_trigger\"\n            row (style: \"gap-2 flex-wrap items-center w-full min-w-0\") {\n                drawer { drawer-trigger \"Open drawer\" drawer-content { drawer-header { drawer-title \"Drawer sample\" drawer-description \"Drawer content sample\" } drawer-footer { button (text: \"Done\") {} } } }\n            }\n\n            h2 \"dropdown-menu\"\n            row (style: \"gap-2 flex-wrap items-center w-full min-w-0\") {\n                dropdown-menu { dropdown-menu-trigger { button (text: \"Open menu\", variant: \"outline\") {} } dropdown-menu-content { dropdown-menu-item \"Profile\" dropdown-menu-item \"Settings\" } }\n            }\n\n            h2 \"grid\"\n            row (style: \"gap-2 flex-wrap items-center w-full min-w-0\") {\n                grid { text \"Cell one\" {} text \"Cell two\" {} text \"Cell three\" {} }\n                grid (columns: 1) {}\n                grid (gap: 1) {}\n            }\n\n            h2 \"hover_card\"\n            row (style: \"gap-2 flex-wrap items-center w-full min-w-0\") {\n                hover_card { hover-card-trigger { button (text: \"Hover for details\", variant: \"outline\") {} } hover-card-content { text \"Hover card sample\" {} } }\n                hover_card (open_delay: 1) {}\n                hover_card (close_delay: 1) {}\n            }\n\n            h2 \"hover_card_content\"\n            row (style: \"gap-2 flex-wrap items-center w-full min-w-0\") {\n                hover_card { hover_card_trigger { button (text: \"Hover for details\", variant: \"outline\") {} } hover_card_content { text \"Hover card sample\" {} } }\n            }\n\n            h2 \"hover_card_trigger\"\n            row (style: \"gap-2 flex-wrap items-center w-full min-w-0\") {\n                hover_card { hover_card_trigger { button (text: \"Hover for details\", variant: \"outline\") {} } hover_card_content { text \"Hover card sample\" {} } }\n            }\n\n            h2 \"icon\"\n            row (style: \"gap-2 flex-wrap items-center w-full min-w-0\") {\n                icon {}\n                icon (name: \"sample\") {}\n                icon (size: 1) {}\n                icon (state: \"on\") {}\n                icon (state: \"off\") {}\n            }\n\n            h2 \"image\"\n            row (style: \"gap-2 flex-wrap items-center w-full min-w-0\") {\n                image {}\n                image (src: \"/icon.png\") {}\n                image (alt: \"sample\") {}\n                image (fit: \"cover\") {}\n                image (fit: \"contain\") {}\n            }\n\n            h2 \"imagesurface\"\n            row (style: \"gap-2 flex-wrap items-center w-full min-w-0\") {\n                imagesurface {}\n                imagesurface (src: \"/icon.png\") {}\n                imagesurface (alt: \"sample\") {}\n                imagesurface (width: 1) {}\n                imagesurface (height: 1) {}\n            }\n\n            h2 \"input\"\n            row (style: \"gap-2 flex-wrap items-center w-full min-w-0\") {\n                input {}\n                input (placeholder: \"sample\") {}\n                input (type: \"text\") {}\n                input (type: \"password\") {}\n            }\n\n            h2 \"label\"\n            row (style: \"gap-2 flex-wrap items-center w-full min-w-0\") {\n                label \"sample\" {}\n                label (for: \"sample\") {}\n                label (selectable: true) {}\n            }\n\n            h2 \"link\"\n            row (style: \"gap-2 flex-wrap items-center w-full min-w-0\") {\n                link (text: \"sample\", href: \"/button\") {}\n                link (href: \"/button\") {}\n            }\n\n            h2 \"mouse-area\"\n            row (style: \"gap-2 flex-wrap items-center w-full min-w-0\") {\n                mouse-area { text \"sample\" {} }\n                mouse-area (coords: \"sample\") {}\n            }\n\n            h2 \"native_button\"\n            row (style: \"gap-2 flex-wrap items-center w-full min-w-0\") {\n                native_button \"sample\" {}\n                native_button (disabled: true) {}\n            }\n\n            h2 \"nav-group\"\n            row (style: \"gap-2 flex-wrap items-center w-full min-w-0\") {\n                nav-group { text \"sample\" {} }\n                nav-group (label: \"sample\") {}\n                nav-group (collapsible: true) {}\n                nav-group (indent: true) {}\n            }\n\n            h2 \"nav-item\"\n            row (style: \"gap-2 flex-wrap items-center w-full min-w-0\") {\n                nav-item { text \"sample\" {} }\n                nav-item (to: \"/button\") {}\n                nav-item (exact: true) {}\n                nav-item (icon: \"sample\") {}\n                nav-item (label: \"sample\") {}\n            }\n\n            h2 \"p\"\n            row (style: \"gap-2 flex-wrap items-center w-full min-w-0\") {\n                p \"sample\" {}\n            }\n\n            h2 \"popover\"\n            row (style: \"gap-2 flex-wrap items-center w-full min-w-0\") {\n                popover { popover-trigger { button (text: \"Open popover\", variant: \"outline\") {} } popover-content { text \"Popover sample\" {} } }\n                popover (placement: \"bottom\") {}\n                popover (placement: \"bottom-start\") {}\n            }\n\n            h2 \"progress\"\n            row (style: \"gap-2 flex-wrap items-center w-full min-w-0\") {\n                progress { text \"sample\" {} }\n                progress (value: 1) {}\n                progress (max: 1) {}\n            }\n\n            h2 \"row\"\n            row (style: \"gap-2 flex-wrap items-center w-full min-w-0\") {\n                row { text \"First item\" {} text \"Second item\" {} }\n                row (gap: 1) {}\n                row (align: \"start\") {}\n                row (align: \"center\") {}\n            }\n\n            h2 \"scroll\"\n            row (style: \"gap-2 flex-wrap items-center w-full min-w-0\") {\n                scroll (style: \"h-20 w-64\") { text \"Scrollable sample content\" {} text \"Second line\" {} }\n                scroll (axis: \"y\") {}\n                scroll (axis: \"x\") {}\n                scroll (scrollbar: \"auto\") {}\n                scroll (scrollbar: \"always\") {}\n            }\n\n            h2 \"select\"\n            row (style: \"gap-2 flex-wrap items-center w-full min-w-0\") {\n                select { select-trigger { select-value (placeholder: \"Choose an option\") {} } select-content { select-item (text: \"Sample option\", value: \"sample\") {} } }\n                select (placeholder: \"sample\") {}\n                select (disabled: \"true\") {}\n                select (disabled: \"false\") {}\n            }\n\n            h2 \"separator\"\n            row (style: \"gap-2 flex-wrap items-center w-full min-w-0\") {\n                separator {}\n                separator (orientation: \"horizontal\") {}\n                separator (orientation: \"vertical\") {}\n                separator (label: \"sample\") {}\n            }\n\n            h2 \"sheet_content\"\n            row (style: \"gap-2 flex-wrap items-center w-full min-w-0\") {\n                sheet { sheet_trigger { button (text: \"Open sheet\", variant: \"outline\") {} } sheet_content { sheet_header { sheet-title \"Sheet sample\" sheet-description \"Sheet content sample\" } } }\n            }\n\n            h2 \"sheet_title\"\n            row (style: \"gap-2 flex-wrap items-center w-full min-w-0\") {\n                sheet { sheet_trigger { button (text: \"Open sheet\", variant: \"outline\") {} } sheet_content { sheet_header { sheet-title \"Sheet sample\" sheet-description \"Sheet content sample\" } } }\n            }\n\n            h2 \"sheet_trigger\"\n            row (style: \"gap-2 flex-wrap items-center w-full min-w-0\") {\n                sheet { sheet_trigger { button (text: \"Open sheet\", variant: \"outline\") {} } sheet_content { sheet_header { sheet-title \"Sheet sample\" sheet-description \"Sheet content sample\" } } }\n            }\n\n            h2 \"sidebar\"\n            row (style: \"gap-2 flex-wrap items-center w-full min-w-0\") {\n                sidebar { text \"sample\" {} }\n                sidebar (side: \"left\") {}\n                sidebar (side: \"right\") {}\n                sidebar (variant: \"sidebar\") {}\n                sidebar (variant: \"floating\") {}\n            }\n\n            h2 \"sidebar_menu_button\"\n            row (style: \"gap-2 flex-wrap items-center w-full min-w-0\") {\n                sidebar_menu_button \"sample\" {}\n                sidebar_menu_button (tooltip: \"sample\") {}\n                sidebar_menu_button (active: true) {}\n            }\n\n            h2 \"sidebar_menu_sub_button\"\n            row (style: \"gap-2 flex-wrap items-center w-full min-w-0\") {\n                sidebar_menu_sub_button \"sample\" {}\n                sidebar_menu_sub_button (to: \"/button\") {}\n                sidebar_menu_sub_button (active: true) {}\n            }\n\n            h2 \"slider\"\n            row (style: \"gap-2 flex-wrap items-center w-full min-w-0\") {\n                slider {}\n                slider (min: 1) {}\n                slider (max: 1) {}\n                slider (step: 1) {}\n            }\n\n            h2 \"slot\"\n            row (style: \"gap-2 flex-wrap items-center w-full min-w-0\") {\n                slot { text \"Slot content\" {} }\n                slot (name: \"sample\") {}\n            }\n\n            h2 \"spacer\"\n            row (style: \"gap-2 flex-wrap items-center w-full min-w-0\") {\n                row (style: \"w-full items-center gap-2\") { text \"Start\" {} spacer {} text \"End\" {} }\n                row (style: \"w-full items-center gap-2\") { text \"Start\" {} spacer (size: 16) {} text \"End\" {} }\n            }\n\n            h2 \"span\"\n            row (style: \"gap-2 flex-wrap items-center w-full min-w-0\") {\n                span \"sample\" {}\n            }\n\n            h2 \"text\"\n            row (style: \"gap-2 flex-wrap items-center w-full min-w-0\") {\n                text \"sample\" {}\n                text (selectable: true) {}\n            }\n\n            h2 \"textarea\"\n            row (style: \"gap-2 flex-wrap items-center w-full min-w-0\") {\n                textarea {}\n                textarea (placeholder: \"sample\") {}\n                textarea (disabled: true) {}\n                textarea (rows: 1) {}\n            }\n\n            h2 \"toaster\"\n            row (style: \"gap-2 flex-wrap items-center w-full min-w-0\") {\n                toaster {}\n                text \"Toast host (visible after a toast is queued)\" {}\n                toaster (position: \"top-left\") {}\n                toaster (position: \"top-center\") {}\n            }\n\n            h2 \"workspace_preview\"\n            row (style: \"gap-2 flex-wrap items-center w-full min-w-0\") {\n                workspace_preview {}\n                text \"Workspace preview needs a live host snapshot.\" {}\n                workspace_preview (ws: \"sample\") {}\n                workspace_preview (fallback: \"sample\") {}\n            }\n        }\n    }\n}\n"
    note: run with `RUST_BACKTRACE=1` environment variable to display a backtrace

        PASS [   0.400s] (4961/4972) auto-lang vm::tests_string_pool::string_pool_survives_u16_boundary
        PASS [   0.303s] (4962/4972) auto-lang::component_registry_test package_families_modeled
        PASS [   0.307s] (4963/4972) auto-lang::component_registry_test official_package_bootstrap_via_unified_mechanism
        PASS [   0.364s] (4964/4972) auto-lang::component_registry_test desktop_registry_bridges_package_components
        PASS [   0.315s] (4965/4972) auto-lang::component_registry_test resolution_priority_builtin_local_package
        FAIL [   0.317s] (4966/4972) auto-lang::schema_drift schema_drift_fence
  stdout ───

    running 1 test
    四表规模: schema.rs=223 aura.at=480 vue.shadcn=231 vb0=279 vb1=280 render=170
    test schema_drift_fence ... FAILED

    failures:

    failures:
        schema_drift_fence

    test result: FAILED. 0 passed; 1 failed; 0 ignored; 0 measured; 1 filtered out; finished in 0.29s

  stderr ───

    thread 'schema_drift_fence' (30028) panicked at crates\auto-lang\tests\schema_drift.rs:1946:9:
    Plan 435 P1:生产表的 tag 未被 schema/aura.at 覆盖(tags ∪ aliases)。
    修复:改完生产表后重生成 schema:
    SCHEMA_DRIFT_GENERATE_AT=1 cargo test -p auto-lang --test schema_drift
    (复核 diff 后不带环境变量重跑确认绿)

      [view_builder] Calendar, carousel-content, carousel-item, carousel-next, carousel-previous, command-empty, command-group, command-input, command-item, command-list, command-separator, command-shortcut

    note: run with `RUST_BACKTRACE=1` environment variable to display a backtrace

        PASS [   0.583s] (4967/4972) auto-lang::component_registry_test e2e_use_package_generates_component
        PASS [   2.290s] (4968/4972) auto-lang vm::tests_rc_lifecycle::str_churn_bounded
        PASS [   4.701s] (4969/4972) auto-lang vm::tests_rc_lifecycle::churn_returns_to_baseline
        PASS [  14.700s] (4970/4972) auto-lang ui::vm_bridge::tests::plan423_p5_runaway_guard_halts_unbounded_growth
        PASS [  30.506s] (4971/4972) auto-lang ui::desktop_protocol::stage3::tests::stage3_multi_app_stress_n3
        PASS [  30.666s] (4972/4972) auto-lang ui::desktop_protocol::stage3::tests::stage3_multi_app_stress_n5
────────────
     Summary [  80.820s] 4972 tests run: 4943 passed, 29 failed, 1534 skipped
        FAIL [   0.255s] (1030/4972) auto-lang tests::a2r_std_signature_parity::a2r_std_signature_parity
        FAIL [   1.232s] (1259/4972) auto-lang tests::ffi_dep_parity_tests::dep_parity_017_dep_lifecycle
        FAIL [   0.450s] (1431/4972) auto-lang tests::musk_vm_track_tests::musk_vm_track_p053_1_widget_computed::widget_computed_passthrough_survives_reeval
        FAIL [   0.466s] (1432/4972) auto-lang tests::musk_vm_track_tests::musk_vm_track_p053_1_widget_computed::widget_computed_store_arg_helper_chain
        FAIL [   0.487s] (1441/4972) auto-lang tests::musk_vm_track_tests::musk_vm_track_p053_4_merged_api_warning::merged_mode_api_call_emits_warn_opcode
        FAIL [   0.187s] (1453/4972) auto-lang tests::musk_vm_track_tests::musk_vm_track_p053_6_widget_content::widget_obj_arg_field_read_in_helper
        FAIL [   0.157s] (1467/4972) auto-lang tests::musk_vm_track_tests::musk_vm_track_p054_t1_title_content_subtree::icon_component_child_renders_in_button_content_subtree
        FAIL [   0.169s] (1475/4972) auto-lang tests::musk_vm_track_tests::musk_vm_track_p054_t4_styles::icon_component_class_prop_carries_ml_auto_and_tint
        FAIL [   0.828s] (1837/4972) auto-lang tests::plan484_chart_component_tests::plan484_smoke::plan484_charts_gallery_bare_names_render
        FAIL [   1.244s] (1844/4972) auto-lang tests::plan484_chart_component_tests::plan484_smoke::plan484_024_charts_streaming_recompute
        FAIL [   1.136s] (1845/4972) auto-lang tests::plan492_m4_tests::m4_pkg_compile_chain::c1_prop_compare_in_init_alive
        FAIL [   1.314s] (1847/4972) auto-lang tests::plan484_chart_component_tests::plan484_smoke::plan484_024_charts_component_smoke
        FAIL [   1.113s] (1857/4972) auto-lang tests::plan492_tests::m1_pkg_fstr::pkg_init_fstr_dollar_bracket_keeps_geometry
        FAIL [   1.230s] (1862/4972) auto-lang tests::plan498_chart_interaction_tests::plan498_charts::plan498_line_emphasis_and_turning_points
        FAIL [   1.383s] (1864/4972) auto-lang tests::plan498_chart_interaction_tests::plan498_charts::plan498_bar_group_emphasis
        FAIL [   1.380s] (1868/4972) auto-lang tests::plan499_pointer_stream_tests::plan499_anim::plan499_donut_tooltip_fade
        FAIL [   0.783s] (1874/4972) auto-lang tests::plan502_diagram_tests::plan502_m3_layout_geometry_e2e
        FAIL [   1.819s] (1877/4972) auto-lang tests::plan492_tests::m1_pkg_fstr::pkg_canary_undefined_var_kills_bar_init
        FAIL [   0.601s] (1879/4972) auto-lang tests::plan503_tests::launcher_rewrite::launcher_pickcat_filters_results
        FAIL [   1.284s] (1882/4972) auto-lang tests::plan499_pointer_stream_tests::plan499_axispointer::plan499_line_single_pointer_hit_area
        FAIL [   4.645s] (1951/4972) auto-lang tests::plan437_child_init_tests::plan437_child_init::gallery_chart_components_render_geometry
        FAIL [   5.174s] (2211/4972) auto-lang tests::plan707_wait_tests::plan707_wait_generator_park_drive_count_static
        FAIL [  10.266s] (2340/4972) auto-lang tests::plan606_gallery_tests::plan606_gallery_tests::test_029_photo_gallery_thumbnails_render_with_resolved_src_and_cover_fit
        FAIL [   2.430s] (2878/4972) auto-lang tests::ffi_dual_tests::ffi_dual_017_dep_lifecycle
        FAIL [   0.185s] (3204/4972) auto-lang ui::desktop_protocol::client_runtime::tests::projector_counter_layout_and_hits
        FAIL [   0.153s] (4626/4972) auto-lang vm::ffi::term_engine::ash_leak_probe::ash_stream_leak_probe
        FAIL [   0.073s] (4955/4972) auto-lang::schema_drift queue_coverage_drift_fence
        FAIL [   0.144s] (4960/4972) auto-lang::docs_gen kitchen_sink_page_in_sync
        FAIL [   0.317s] (4966/4972) auto-lang::schema_drift schema_drift_fence
error: test run failed
