warning: unused doc comment
   --> crates\shim-metadata\src\classify.rs:213:13
    |
213 |               /// 回调令牌,wrapper adapter 重入 VM);其余拥有外来类型 v1 跳过
    |               ^^^^^^^^^^^^^^^^^^^^^^^^^^^^^^^^^^^^^^^^^^^^^^^^^^^^^^^^^^^^^^
214 | /             Ty::OpaqueOwned(n) if n.contains("Fn") => {
215 | |                 args.push(ArgPlan::Callback);
216 | |                 continue;
217 | |             }
    | |_____________- rustdoc does not generate documentation for match arms
    |
    = help: use `//` for a plain comment
    = note: `#[warn(unused_doc_comments)]` (part of `#[warn(unused)]`) on by default

warning: `shim-metadata` (lib) generated 1 warning
warning: unused doc comment
   --> crates\auto-lang\src\aura\extract.rs:886:1
    |
886 | /// Extract view node from parsed ViewNode
    | ^^^^^^^^^^^^^^^^^^^^^^^^^^^^^^^^^^^^^^^^^^ rustdoc does not generate documentation for macro invocations
    |
    = help: to document an item produced by a macro, the macro must produce the documentation as part of its expansion
    = note: `#[warn(unused_doc_comments)]` (part of `#[warn(unused)]`) on by default

warning: unused import: `ViewProp`
  --> crates\auto-lang\src\aura\extract.rs:13:50
   |
13 | use crate::ast::{Expr, Type, Key, ViewPropValue, ViewProp, ViewEvent};
   |                                                  ^^^^^^^^
   |
   = note: `#[warn(unused_imports)]` (part of `#[warn(unused)]`) on by default

warning: unnecessary parentheses around block return value
   --> crates\auto-lang\src\design_tokens\registry.rs:190:9
    |
190 |         ((g - b) / d + if g < b { 6.0 } else { 0.0 })
    |         ^                                           ^
    |
    = note: `#[warn(unused_parens)]` (part of `#[warn(unused)]`) on by default
help: remove these parentheses
    |
190 -         ((g - b) / d + if g < b { 6.0 } else { 0.0 })
190 +         (g - b) / d + if g < b { 6.0 } else { 0.0 }
    |

warning: unused import: `super::*`
   --> crates\auto-lang\src\ui_gen\bp\registry.rs:368:9
    |
368 |     use super::*;
    |         ^^^^^^^^
    |
help: if this is a test module, consider adding a `#[cfg(test)]` to the containing module
   --> crates\auto-lang\src\ui_gen\bp\registry.rs:367:1
    |
367 | mod root_resolution_tests {
    | ^^^^^^^^^^^^^^^^^^^^^^^^^

warning: unused doc comment
    --> crates\auto-lang\src\ui_gen\rust.rs:1254:9
     |
1254 | /         /// action_config 全局面——与 VM 轨 renderer __menubar_toggle 同
1255 | |         /// 机制非消费方补丁；族折叠契约镜像解释态
1256 | |         /// convert_menubar_component）。枚举先于 view 树生成——变体在
1257 | |         /// 此预扫描推送（scan_input_fields 同序先例）。
     | |________________________________________________________^
1258 | /         if self.view_tree_has_menubar(&widget.view_tree) {
1259 | |             if !self.message_variants.iter().any(|v| v.name == "__MenubarToggle") {
1260 | |                 self.message_variants.push(AuraMsgVariant {
1261 | |                     name: "__MenubarToggle".to_string(),
...    |
1275 | |         }
     | |_________- rustdoc does not generate documentation for expressions
     |
     = help: use `//` for a plain comment

warning: unused imports: `Expr` and `Stmt`
    --> crates\auto-lang\src\ui_gen\rust.rs:7415:26
     |
7415 |         use crate::ast::{Expr, Stmt};
     |                          ^^^^  ^^^^

warning: unused import: `auto_val::Op`
    --> crates\auto-lang\src\ui_gen\rust.rs:7416:13
     |
7416 |         use auto_val::Op;
     |             ^^^^^^^^^^^^

warning: unused doc comment
    --> crates\auto-lang\src\ui_gen\rust.rs:8242:21
     |
8242 |                       /// 显式拒绝非静默）。
     |                       ^^^^^^^^^^^^^^^^^^^^^^
8243 | /                     _ => {
8244 | |                         let kind = self.tag_to_view_fn(tag);
8245 | |                         let hit = crate::ui_gen::vocab::view_prop_vocab(kind)
8246 | |                             .iter()
...    |
8281 | |                         format!("{{ std::compile_error!(\"{msg}\"); unreachable!() }}")
8282 | |                     }
     | |_____________________- rustdoc does not generate documentation for match arms
     |
     = help: use `//` for a plain comment

warning: unused doc comment
    --> crates\auto-lang\src\ui_gen\rust.rs:8426:17
     |
8426 |                 /// handler 闭包，Msg 槽发直消息（Option<M> 面无闭包包装）。
     |                 ^^^^^^^^^^^^^^^^^^^^^^^^^^^^^^^^^^^^^^^^^^^^^^^^^^^^^^^^^^^^
8427 |                 let kind = self.tag_to_view_fn(tag);
     |                 ------------------------------------ rustdoc does not generate documentation for statements
     |
     = help: use `//` for a plain comment

warning: unnecessary parentheses around `if` condition
     --> crates\auto-lang\src\ui_gen\rust.rs:11314:20
      |
11314 |                 if (fn_name.starts_with("store.") || fn_name.starts_with("self.store.")) {
      |                    ^                                                                   ^
      |
help: remove these parentheses
      |
11314 -                 if (fn_name.starts_with("store.") || fn_name.starts_with("self.store.")) {
11314 +                 if fn_name.starts_with("store.") || fn_name.starts_with("self.store.") {
      |

warning: unused import: `std::collections::HashSet`
   --> crates\auto-lang\src\ui_gen\api.rs:283:5
    |
283 | use std::collections::HashSet;
    |     ^^^^^^^^^^^^^^^^^^^^^^^^^

warning: unused import: `Args`
  --> crates\auto-lang\src\trans\emit.rs:15:23
   |
15 | use crate::ast::{Arg, Args, Body, Call, Code, Expr, Fn, For, If, Iter, Stmt, Store, StoreKind, Try, Use, UseKind};
   |                       ^^^^

warning: unused imports: `NATIVE_PRINT_F64` and `NATIVE_PRINT_U64`
 --> crates\auto-lang\src\vm\codegen.rs:7:1343
  |
7 | ...E_BASENAME, NATIVE_PRINT_F32, NATIVE_PRINT_F64, NATIVE_PRINT_I32, NATIVE_PRINT_STR, NATIVE_PRINT_U64, NATIVE_PRINT_UNIFIED, NATIVE...
  |                                  ^^^^^^^^^^^^^^^^                                      ^^^^^^^^^^^^^^^^

warning: unused import: `std::fmt::Write`
  --> crates\auto-lang\src\vm\abt\mod.rs:81:13
   |
81 |         use std::fmt::Write;
   |             ^^^^^^^^^^^^^^^

warning: unused doc comment
    --> crates\auto-lang\src\vm\engine.rs:1868:5
     |
1868 | /     /// PLAN-053 P-053-2: nil 家族判定 —— tag-null(encode_null，现行
1869 | |     /// `None`/`null`/`nil` 字面量与 JSON null 的统一编码)或旧编码
1870 | |     /// i32(-1)(历史 `null` 字面量/CREATE_NONE)或 i32(i32::MIN+1)
1871 | |     /// (历史 `nil` 字面量)。EQ/NE/NULL_COALESCE 用它在等值/合并语义上
...    |
1875 | |     /// PLAN-026 T-03 配套: 宽整数值归一(i32/i64 tag → i64 按值;算术
1876 | |     /// 兜底臂与序比较宽整臂共用)。
     | |_____------------------------------^
     |       |
     |       rustdoc does not generate documentation for macro invocations
     |
     = help: to document an item produced by a macro, the macro must produce the documentation as part of its expansion

warning: unused import: `std::sync::atomic::Ordering`
    --> crates\auto-lang\src\vm\engine.rs:1030:13
     |
1030 |         use std::sync::atomic::Ordering;
     |             ^^^^^^^^^^^^^^^^^^^^^^^^^^^

warning: unused import: `crate::vm::ffi::VMConvertible`
     --> crates\auto-lang\src\vm\engine.rs:11787:9
      |
11787 |     use crate::vm::ffi::VMConvertible;
      |         ^^^^^^^^^^^^^^^^^^^^^^^^^^^^^

warning: unused import: `crate::vm::task::AutoTask`
     --> crates\auto-lang\src\vm\engine.rs:11788:9
      |
11788 |     use crate::vm::task::AutoTask;
      |         ^^^^^^^^^^^^^^^^^^^^^^^^^

warning: unused import: `dashmap::DashMap`
  --> crates\auto-lang\src\vm\rc.rs:20:5
   |
20 | use dashmap::DashMap;
   |     ^^^^^^^^^^^^^^^^

warning: unused import: `AtomicU64`
  --> crates\auto-lang\src\vm\rc.rs:22:36
   |
22 | use std::sync::atomic::{AtomicU32, AtomicU64, Ordering};
   |                                    ^^^^^^^^^

warning: unused doc comment
    --> crates\auto-lang\src\vm\ffi\stdlib.rs:2977:1
     |
2977 | /// 原始（inventory rust_fn）shim 的暂存表：wrapper 规整首参后委托原实现。
     | ^^^^^^^^^^^^^^^^^^^^^^^^^^^^^^^^^^^^^^^^^^^^^^^^^^^^^^^^^^^^^^^^^^^^^^^^^^ rustdoc does not generate documentation for macro invocations
     |
     = help: to document an item produced by a macro, the macro must produce the documentation as part of its expansion

warning: unused doc comment
   --> crates\auto-lang\src\vm\ffi\dep_methods.rs:878:1
    |
878 | / /// 同步调用期有效的回调帧(裸指针仅在 marshaller 调用窗口内解引用;
879 | | /// 单线程原型,深度 1)。Option 空即"不在回调窗口"。
    | |_--------------------------------------------------^
    |   |
    |   rustdoc does not generate documentation for macro invocations
    |
    = help: to document an item produced by a macro, the macro must produce the documentation as part of its expansion

warning: unused doc comment
   --> crates\auto-lang\src\vm\ffi\term_engine.rs:917:1
    |
917 | / /// PLAN-020 T-00b:窗口尺寸面(逻辑 px)。读 iced_adapter 窗口全局
918 | | /// (renderer 每帧 set_window_width/height),与引擎零耦合——分屏矩形
919 | | /// 投影的前端 px 类几何标定源。非 ui 特性(无窗口)返缺省槽位值。
920 | | ///
...   |
923 | | /// (run_app/动态轨,022 T-03 写入路)与 vm 无窗口轨不注入 override,
924 | | /// 读路径与既有行为零变化。
    | |_---------------------------^
    |   |
    |   rustdoc does not generate documentation for macro invocations
    |
    = help: to document an item produced by a macro, the macro must produce the documentation as part of its expansion

warning: unnecessary parentheses around assigned value
    --> crates\auto-lang\src\vm\ffi\term_engine.rs:1051:26
     |
1051 |         let Ok(paused) = (lib.get::<unsafe extern "C" fn(*mut core::ffi::c_void) -> c_int>(
     |                          ^
1052 |             b"autoterm_engine_backlog_paused\0",
1053 |         )) else {
     |          ^
     |
help: remove these parentheses
     |
1051 ~         let Ok(paused) = lib.get::<unsafe extern "C" fn(*mut core::ffi::c_void) -> c_int>(
1052 |             b"autoterm_engine_backlog_paused\0",
1053 ~         ) else {
     |

warning: unnecessary parentheses around assigned value
    --> crates\auto-lang\src\vm\ffi\term_engine.rs:1090:27
     |
1090 |         let Ok(dropped) = (lib.get::<unsafe extern "C" fn(*mut core::ffi::c_void) -> c_int>(
     |                           ^
1091 |             b"autoterm_engine_overflow_count\0",
1092 |         )) else {
     |          ^
     |
help: remove these parentheses
     |
1090 ~         let Ok(dropped) = lib.get::<unsafe extern "C" fn(*mut core::ffi::c_void) -> c_int>(
1091 |             b"autoterm_engine_overflow_count\0",
1092 ~         ) else {
     |

warning: unused import: `crate::run`
  --> crates\auto-lang\src\vm\tests_chart_geometry.rs:12:5
   |
12 | use crate::run;
   |     ^^^^^^^^^^

warning: unused imports: `VueGenerator` and `VueMode`
    --> crates\auto-lang\src\lib.rs:6988:76
     |
6988 |     use crate::ui_gen::{generate_component_from_file, ComponentGenOptions, VueGenerator, VueMode};
     |                                                                            ^^^^^^^^^^^^  ^^^^^^^

warning: unused import: `syntect::easy::HighlightLines`
   --> crates\auto-lang\src\ui\code_editor\core\highlight.rs:333:9
    |
333 |     use syntect::easy::HighlightLines;
    |         ^^^^^^^^^^^^^^^^^^^^^^^^^^^^^

warning: unused import: `syntect::util::LinesWithEndings`
   --> crates\auto-lang\src\ui\code_editor\core\highlight.rs:334:9
    |
334 |     use syntect::util::LinesWithEndings;
    |         ^^^^^^^^^^^^^^^^^^^^^^^^^^^^^^^

warning: unused import: `Family`
  --> crates\auto-lang\src\ui\code_editor\core\render.rs:14:41
   |
14 |     Attrs, AttrsList, BufferLine, Edit, Family, FontSystem, LineEnding, Metrics, Selection, Wrap,
   |                                         ^^^^^^

warning: unused import: `Weak`
  --> crates\auto-lang\src\ui\code_editor\core\mod.rs:27:39
   |
27 | use std::sync::{Arc, Mutex, OnceLock, Weak};
   |                                       ^^^^

warning: unused import: `Family`
  --> crates\auto-lang\src\ui\code_editor\iced\gutter.rs:21:35
   |
21 |     Attrs, AttrsList, BufferLine, Family, FontSystem, LayoutLine, LineEnding, Shaping, SwashCache,
   |                                   ^^^^^^

warning: unused import: `iced::advanced::graphics::text::Renderer as RawTextRenderer`
  --> crates\auto-lang\src\ui\code_editor\iced\widget.rs:13:5
   |
13 | use iced::advanced::graphics::text::Renderer as RawTextRenderer;
   |     ^^^^^^^^^^^^^^^^^^^^^^^^^^^^^^^^^^^^^^^^^^^^^^^^^^^^^^^^^^^

warning: unused import: `ScrollSource`
  --> crates\auto-lang\src\ui\scroll\controller.rs:22:47
   |
22 | use crate::ui::scroll::intent::{ScrollIntent, ScrollSource};
   |                                               ^^^^^^^^^^^^

warning: unused import: `scroll_range`
  --> crates\auto-lang\src\ui\scroll\host.rs:16:49
   |
16 | use crate::ui::scroll::geometry::{clamp_offset, scroll_range};
   |                                                 ^^^^^^^^^^^^

warning: unused import: `ScrollAxisState`
   --> crates\auto-lang\src\ui\scroll\intent.rs:107:38
    |
107 | use crate::ui::scroll::state::{Axis, ScrollAxisState, ScrollState};
    |                                      ^^^^^^^^^^^^^^^

warning: unused imports: `Point` and `Vector`
 --> crates\auto-lang\src\ui\anchor_slot.rs:9:29
  |
9 | use iced::{Element, Length, Point, Rectangle, Size, Theme, Vector};
  |                             ^^^^^                          ^^^^^^

warning: unused import: `AtomicBool`
  --> crates\auto-lang\src\ui\style\mod.rs:41:29
   |
41 |     use std::sync::atomic::{AtomicBool, AtomicU64, Ordering};
   |                             ^^^^^^^^^^

warning: unused doc comment
   --> crates\auto-lang\src\ui\style\theme\mod.rs:176:1
    |
176 | / /// PLAN-020 T-00b: 窗口高度(逻辑 px),与 window_width 同规约——renderer
177 | | /// 在 view() 前设值。窗口尺寸面(分屏矩形投影 px 类几何的标定源)。
    | |_-----------------------------------------------------------------^
    |   |
    |   rustdoc does not generate documentation for macro invocations
    |
    = help: to document an item produced by a macro, the macro must produce the documentation as part of its expansion

warning: unused import: `VNode`
  --> crates\auto-lang\src\ui\selection\output.rs:16:38
   |
16 | use crate::ui::vnode::{kind_keyword, VNode, VNodeId, VTree};
   |                                      ^^^^^

warning: unused import: `Try`
  --> crates\auto-lang\src\ui\handler_codegen.rs:22:73
   |
22 |     Arg, Body, Branch, Expr, Fn, FnKind, If, Member, Name, Param, Stmt, Try, Type, TypeDecl,
   |                                                                         ^^^

warning: unused import: `ReservedEdges`
  --> crates\auto-lang\src\ui\session.rs:32:37
   |
32 | use crate::ui::layout::{LayoutMode, ReservedEdges};
   |                                     ^^^^^^^^^^^^^

warning: unused doc comment
    --> crates\auto-lang\src\ui\session.rs:4409:13
     |
4409 |               /// 回收（无 respawn——spawned 复位，下次召唤重 spawn）。
     |               ^^^^^^^^^^^^^^^^^^^^^^^^^^^^^^^^^^^^^^^^^^^^^^^^^^^^^^^^
4410 | /             if self.desktop.launcher_pipe.as_deref() == Some(pipe.as_str()) {
4411 | |                 if let Some(lwid) = self.desktop.launcher_wid.take() {
4412 | |                     if Some(lwid) != client.wid {
4413 | |                         let _ = self.wm_remove_win(lwid);
...    |
4420 | |                 self.desktop.launcher_spawned = false;
4421 | |             }
     | |_____________- rustdoc does not generate documentation for expressions
     |
     = help: use `//` for a plain comment

warning: unused doc comment
    --> crates\auto-lang\src\ui\session.rs:4788:25
     |
4788 | /                         ///（add_win_above_bottom：z_order[1]，bg 上/窗下）；
4789 | |                         /// rect 初值 = 顶部带（全宽 × 缺省面板高），宿主随
4790 | |                         /// DashboardSnapshot 推送动态更新（命中带随几何）。
     | |____________________________________________________________________________^
4791 |                           let mut dashboard_wid: Option<Wid> = None;
     |                           ------------------------------------------ rustdoc does not generate documentation for statements
     |
     = help: use `//` for a plain comment

warning: unused doc comment
    --> crates\auto-lang\src\ui\session.rs:4796:29
     |
4796 |   ...                   /// 边距；push_dashboard_snapshot 随几何动态更新）。
     |                         ^^^^^^^^^^^^^^^^^^^^^^^^^^^^^^^^^^^^^^^^^^^^^^^^^^^^
4797 | / ...                   let d_rect = iced::Rectangle::new(
4798 | | ...                       iced::Point::new((width - d_decl.width - 12.0).max(12.0), 12.0),
4799 | | ...                       iced::Size::new(d_decl.width, d_decl.height),
4800 | | ...                   );
     | |________________________- rustdoc does not generate documentation for statements
     |
     = help: use `//` for a plain comment

warning: unused doc comment
    --> crates\auto-lang\src\ui\session.rs:4883:21
     |
4883 |                       ///[v1 记债]——死亡由 pump 回收，下次召唤重 spawn）。
     |                       ^^^^^^^^^^^^^^^^^^^^^^^^^^^^^^^^^^^^^^^^^^^^^^^^^^^^
4884 | /                     if app_name == "launcher" && !surfaces.is_empty() {
4885 | |                         let rect = iced::Rectangle::new(
4886 | |                             iced::Point::new(0.0, 0.0),
4887 | |                             iced::Size::new(width, height),
...    |
4924 | |                         continue;
4925 | |                     }
     | |_____________________- rustdoc does not generate documentation for expressions
     |
     = help: use `//` for a plain comment

warning: unused doc comment
    --> crates\auto-lang\src\ui\shell_projection.rs:1212:13
     |
1212 |             /// renderer in-proc 写点 Value::Int 同型）。
     |             ^^^^^^^^^^^^^^^^^^^^^^^^^^^^^^^^^^^^^^^^^^^^^
1213 |             ShellWrite::Scalar("__panel_max_h", auto_val::Value::Int(self.panel_max_h as i32)),
     |             ---------------------------------------------------------------------------------- rustdoc does not generate documentation for expressions
     |
     = help: use `//` for a plain comment

warning: unused import: `std::collections::HashMap`
  --> crates\auto-lang\src\ui\desktop_protocol\client_runtime.rs:13:5
   |
13 | use std::collections::HashMap;
   |     ^^^^^^^^^^^^^^^^^^^^^^^^^

warning: unused imports: `AuraNode`, `AuraPropValue`, `AuraTextContent`, and `aura_events_get_base`
  --> crates\auto-lang\src\ui\desktop_protocol\client_runtime.rs:16:19
   |
16 | use crate::aura::{aura_events_get_base, AuraNode, AuraPropValue, AuraTextContent};
   |                   ^^^^^^^^^^^^^^^^^^^^  ^^^^^^^^  ^^^^^^^^^^^^^  ^^^^^^^^^^^^^^^

warning: unused imports: `DrawList`, `DrawOp`, `ImageFit`, `InputMsg`, `MouseButton`, and `WRect`
  --> crates\auto-lang\src\ui\desktop_protocol\client_runtime.rs:19:17
   |
19 |     ControlMsg, DrawList, DrawOp, FrameMsg, ImageFit, InputMsg, MouseButton, ProtocolMsg, Rgba8,
   |                 ^^^^^^^^  ^^^^^^            ^^^^^^^^  ^^^^^^^^  ^^^^^^^^^^^
20 |     WRect,
   |     ^^^^^

warning: unused doc comment
   --> crates\auto-lang\src\ui\desktop_protocol\coverage.rs:317:13
    |
317 | /             /// §10-④ 另立，opacity/overflow 先例；018 fixed×2/021
318 | |             /// sticky×2 判定翻绿，保真边界显式随注）；top-/left-/right-/
    | |_________________________________________________________________________^
319 |               // bottom-/z- 偏移与层级 token。
320 |               "absolute",
    |               ---------- rustdoc does not generate documentation for expressions
    |
    = help: use `//` for a plain comment

warning: unused doc comment
   --> crates\auto-lang\src\ui\desktop_protocol\coverage.rs:830:9
    |
830 |         /// "flex-wrap"（既有 "flex" 前缀命中），渲染 no-op 单行随注。
    |         ^^^^^^^^^^^^^^^^^^^^^^^^^^^^^^^^^^^^^^^^^^^^^^^^^^^^^^^^^^^^^^
831 |         SC::FlexWrap => "flex-wrap".into(),
    |         ---------------------------------- rustdoc does not generate documentation for match arms
    |
    = help: use `//` for a plain comment

warning: unused import: `super::broker`
  --> crates\auto-lang\src\ui\desktop_protocol\dual_mode.rs:16:5
   |
16 | use super::broker;
   |     ^^^^^^^^^^^^^

warning: unused imports: `AppEndpoint` and `AppState`
  --> crates\auto-lang\src\ui\desktop_protocol\dual_mode.rs:17:23
   |
17 | use super::endpoint::{AppEndpoint, AppState, FrameSource};
   |                       ^^^^^^^^^^^  ^^^^^^^^

warning: unused imports: `FrameMsg` and `ProtocolMsg`
  --> crates\auto-lang\src\ui\desktop_protocol\dual_mode.rs:19:44
   |
19 | use super::message::{ControlMsg, DrawList, FrameMsg, InputMsg, MouseButton, ProtocolMsg, Rgba8, WRect};
   |                                            ^^^^^^^^                         ^^^^^^^^^^^

warning: unused import: `super::shm::SharedFrameBuffer`
  --> crates\auto-lang\src\ui\desktop_protocol\dual_mode.rs:20:5
   |
20 | use super::shm::SharedFrameBuffer;
   |     ^^^^^^^^^^^^^^^^^^^^^^^^^^^^^

warning: unused import: `self`
  --> crates\auto-lang\src\ui\desktop_protocol\dual_mode.rs:21:24
   |
21 | use super::transport::{self, Transport};
   |                        ^^^^

warning: unused import: `crate::ui::session::DesktopSession`
  --> crates\auto-lang\src\ui\desktop_protocol\dual_mode.rs:23:5
   |
23 | use crate::ui::session::DesktopSession;
   |     ^^^^^^^^^^^^^^^^^^^^^^^^^^^^^^^^^^

warning: unused import: `DISABLED_ALPHA`
  --> crates\auto-lang\src\ui\desktop_protocol\native_projector.rs:35:17
   |
35 |     BUTTON_PAD, DISABLED_ALPHA, LINE_H_FACTOR, MARGIN, TEXT_SIZE,
   |                 ^^^^^^^^^^^^^^

warning: unused doc comment
   --> crates\auto-lang\src\ui\desktop_protocol\native_projector.rs:319:5
    |
319 |       /// 无 GAP/高度推导）；Widget 锚 = 边缘 + GAP。
    |       ^^^^^^^^^^^^^^^^^^^^^^^^^^^^^^^^^^^^^^^^^^^^^^^
320 | /     let (below, above) = match site {
321 | |         PopoverAnchorSite::Point { y, .. } => (*y, *y - ph),
322 | |         PopoverAnchorSite::Widget(_) => (r.y + r.h + POP_GAP, r.y - POP_GAP - ph),
323 | |     };
    | |______- rustdoc does not generate documentation for statements
    |
    = help: use `//` for a plain comment

warning: unused doc comment
    --> crates\auto-lang\src\ui\desktop_protocol\native_projector.rs:1442:9
     |
1442 |         ///（延迟放置见块尾）。
     |         ^^^^^^^^^^^^^^^^^^^^^^^
1443 |         let style = node_style_of_view(view);
     |         ------------------------------------- rustdoc does not generate documentation for statements
     |
     = help: use `//` for a plain comment

warning: unused doc comment
    --> crates\auto-lang\src\ui\desktop_protocol\native_projector.rs:2953:9
     |
2953 |         ///（token "style-grid" 判定面不受影响）。
     |         ^^^^^^^^^^^^^^^^^^^^^^^^^^^^^^^^^^^^^^^^^^
2954 |         StyleClass::GridCols(n) => s.grid_cols = Some(usize::from(*n)),
     |         -------------------------------------------------------------- rustdoc does not generate documentation for match arms
     |
     = help: use `//` for a plain comment

warning: unused doc comment
    --> crates\auto-lang\src\ui\desktop_protocol\native_projector.rs:2957:9
     |
2957 | /         ///（layout_view_block 延迟放置消费）；fixed/sticky 降级放行
2958 | |         ///（in-flow no-op——opacity/overflow 先例，真渲债 §10-④）。
     | |___________________________________________________________________^
2959 |           StyleClass::Absolute => s.absolute = true,
     |           ----------------------------------------- rustdoc does not generate documentation for match arms
     |
     = help: use `//` for a plain comment

warning: unused doc comment
    --> crates\auto-lang\src\ui\desktop_protocol\native_projector.rs:2986:9
     |
2986 |         ///（underline 先例；真渲债 KNOWN-DEBT 随注）。
     |         ^^^^^^^^^^^^^^^^^^^^^^^^^^^^^^^^^^^^^^^^^^^^^^^
2987 |         StyleClass::LineClamp(_) | StyleClass::LineClampNone => {}
     |         ---------------------------------------------------------- rustdoc does not generate documentation for match arms
     |
     = help: use `//` for a plain comment

warning: unused import: `HostEndpoint`
  --> crates\auto-lang\src\ui\desktop_protocol\rqhost.rs:27:35
   |
27 | use super::endpoint::{HostAction, HostEndpoint, HostState};
   |                                   ^^^^^^^^^^^^

warning: unused import: `super::host::SurfaceStore`
  --> crates\auto-lang\src\ui\desktop_protocol\rqhost.rs:28:5
   |
28 | use super::host::SurfaceStore;
   |     ^^^^^^^^^^^^^^^^^^^^^^^^^

warning: unused import: `HandshakeMsg`
  --> crates\auto-lang\src\ui\desktop_protocol\rqhost.rs:30:48
   |
30 |     ControlMsg, DrawList, FrameMode, FrameMsg, HandshakeMsg, ImeReq, InputMsg, MouseButton,
   |                                                ^^^^^^^^^^^^

warning: unused doc comment
   --> crates\auto-lang\src\ui\desktop_protocol\shell_client.rs:342:13
    |
342 |               /// 错退出，宿主 respawn 链兜底）。
    |               ^^^^^^^^^^^^^^^^^^^^^^^^^^^^^^^^^^^
343 | /             shell_face::LAUNCHER => {
344 | |                 let Some(entry) = std::env::var_os("AUTO_LAUNCHER_ENTRY") else {
345 | |                     eprintln!("[p036-child] launcher 面：AUTO_LAUNCHER_ENTRY 缺席");
346 | |                     return false;
...   |
362 | |             }
    | |_____________- rustdoc does not generate documentation for match arms
    |
    = help: use `//` for a plain comment

warning: unused doc comment
   --> crates\auto-lang\src\ui\desktop_protocol\shell_client.rs:709:21
    |
709 |                     ///——首 OVERLAY=switcher、次=notification_center）。
    |                     ^^^^^^^^^^^^^^^^^^^^^^^^^^^^^^^^^^^^^^^^^^^^^^^^^^^^
710 |                     let mut overlay_idx = 0usize;
    |                     ----------------------------- rustdoc does not generate documentation for statements
    |
    = help: use `//` for a plain comment

warning: unused doc comment
   --> crates\auto-lang\src\ui\desktop_protocol\shell_client.rs:747:25
    |
747 | /                         /// 可产命令（SendCmd 总线写点）——与 wire 输入同路：
748 | |                         /// 命令读走 + DesktopBus 上行（e2e 钩子与生产同径）。
    | |______________________________________________________________________________^
749 | /                         for record in self.faces.drain_commands(face) {
750 | |                             let wid = self
751 | |                                 .routes
752 | |                                 .iter()
...   |
758 | |                             );
759 | |                         }
    | |_________________________- rustdoc does not generate documentation for expressions
    |
    = help: use `//` for a plain comment

warning: unused import: `NamedPipeClient`
   --> crates\auto-lang\src\ui\desktop_protocol\transport.rs:160:58
    |
160 |     use tokio::net::windows::named_pipe::{ClientOptions, NamedPipeClient, NamedPipeServer, ServerOptions};
    |                                                          ^^^^^^^^^^^^^^^

warning: unused imports: `GetIconInfo` and `ICONINFO`
   --> crates\auto-lang\src\ui\native_dock\win32.rs:674:27
    |
674 |         GetClassLongPtrW, GetIconInfo, SendMessageTimeoutW, GCLP_HICON, HICON, ICONINFO,
    |                           ^^^^^^^^^^^                                          ^^^^^^^^

warning: unnecessary trailing semicolon
     --> crates\auto-lang\src\ui\aura_view_builder.rs:12559:22
      |
12559 |                     };
      |                      ^ help: remove this semicolon
      |
      = note: `#[warn(redundant_semicolons)]` (part of `#[warn(unused)]`) on by default

warning: unused doc comment
   --> crates\auto-lang\src\ui\iced\renderer.rs:125:1
    |
125 | /// 独立 kill-ring(readline 语义:最近 16 条;不污染系统剪贴板)。
    | ^^^^^^^^^^^^^^^^^^^^^^^^^^^^^^^^^^^^^^^^^^^^^^^^^^^^^^^^^^^^^^^ rustdoc does not generate documentation for macro invocations
    |
    = help: to document an item produced by a macro, the macro must produce the documentation as part of its expansion

warning: unused doc comment
   --> crates\auto-lang\src\ui\iced\renderer.rs:983:1
    |
983 | /// 每个 textarea key 当前嵌入的 ghost 后缀(渲染时写入,编辑派发时读)。
    | ^^^^^^^^^^^^^^^^^^^^^^^^^^^^^^^^^^^^^^^^^^^^^^^^^^^^^^^^^^^^^^^^^^^^^^ rustdoc does not generate documentation for macro invocations
    |
    = help: to document an item produced by a macro, the macro must produce the documentation as part of its expansion

warning: unused import: `Fill`
    --> crates\auto-lang\src\ui\iced\renderer.rs:8648:36
     |
8648 |         use iced::widget::canvas::{Fill, Frame, Path, Stroke};
     |                                    ^^^^

warning: unused doc comment
     --> crates\auto-lang\src\ui\iced\renderer.rs:11007:5
      |
11007 |       /// RebuildNotes 事件重建 rows——in-proc 写集 + handler 同册语义）。
      |       ^^^^^^^^^^^^^^^^^^^^^^^^^^^^^^^^^^^^^^^^^^^^^^^^^^^^^^^^^^^^^^^^^^^
11008 | /     if state.desktop.shell_pipe.is_some() {
11009 | |         if state.desktop.notes_open {
11010 | |             push_notes_snapshot(
11011 | |                 state,
...     |
11015 | |         return;
11016 | |     }
      | |_____- rustdoc does not generate documentation for expressions
      |
      = help: use `//` for a plain comment

warning: unused doc comment
     --> crates\auto-lang\src\ui\iced\renderer.rs:11095:5
      |
11095 | /     /// 场）——launcher 独立 exe：已 attach 则快照推送（ApplyFilter 事件
11096 | |     /// + child 自主聚焦[D5 等价]）；未 spawn 则一次性 spawn（attach 异步
11097 | |     ///——ServiceTick 补推追赶）；伪窗聚焦承接键盘路由（D5 可聚焦语义）。
11098 | |     /// in-proc 轨原路径零变化（I2）。
      | |______________________________________^
11099 | /     if state.desktop.shell_pipe.is_some() {
11100 | |         state.desktop.launcher_open = true;
11101 | |         if state.desktop.launcher_pipe.is_some() {
11102 | |             if let Some(lwid) = state.desktop.launcher_wid {
...     |
11115 | |         return iced::Task::none();
11116 | |     }
      | |_____- rustdoc does not generate documentation for expressions
      |
      = help: use `//` for a plain comment

warning: unused doc comment
     --> crates\auto-lang\src\ui\iced\renderer.rs:11258:5
      |
11258 | /     ///（child 预装/懒装面 apply_writes + dispatch 重建 rows）；in-proc
11259 | |     /// 原路径零变化（I2）。开关镜像位 = switcher_open（层序/仲裁消费）。
      | |_________________________________________________________________________^
11260 | /     if state.desktop.shell_pipe.is_some() {
11261 | |         state.desktop.switcher_open = true;
11262 | |         push_switcher_snapshot(state, &[crate::ui::shell_projection::ShellEvent::RebuildMru]);
11263 | |         return iced::Task::none();
11264 | |     }
      | |_____- rustdoc does not generate documentation for expressions
      |
      = help: use `//` for a plain comment

warning: unused doc comment
     --> crates\auto-lang\src\ui\iced\renderer.rs:11353:5
      |
11353 | /     /// RebuildNotes 事件 + 未读清零；关 = visible=0 纯状态位）；in-proc
11354 | |     /// 原路径零变化（I2）。
      | |____________________________^
11355 | /     if state.desktop.shell_pipe.is_some() {
11356 | |         let open = !state.desktop.notes_open;
11357 | |         state.desktop.notes_open = open;
11358 | |         if open {
...     |
11364 | |         return iced::Task::none();
11365 | |     }
      | |_____- rustdoc does not generate documentation for expressions
      |
      = help: use `//` for a plain comment

warning: unused doc comment
     --> crates\auto-lang\src\ui\iced\renderer.rs:11665:5
      |
11665 |       ///（右上锚定：x = 视口 - w - 12，y = panel_top——035 固定外框契约）。
      |       ^^^^^^^^^^^^^^^^^^^^^^^^^^^^^^^^^^^^^^^^^^^^^^^^^^^^^^^^^^^^^^^^^^^^^
11666 | /     if let (Some(dwid), Some(host)) = (
11667 | |         state.desktop.shell_pseudo_wids.get(4).copied(),
11668 | |         state.host.as_mut(),
11669 | |     ) {
...     |
11686 | |     }
      | |_____- rustdoc does not generate documentation for expressions
      |
      = help: use `//` for a plain comment

warning: unused doc comment
     --> crates\auto-lang\src\ui\iced\renderer.rs:12225:5
      |
12225 |       /// 宿主行为两轨同源）+ 快照重推（RebuildFaces 事件重建 rows）。
      |       ^^^^^^^^^^^^^^^^^^^^^^^^^^^^^^^^^^^^^^^^^^^^^^^^^^^^^^^^^^^^^^^^
12226 | /     if state.desktop.shell_pipe.is_some() {
12227 | |         if state.desktop.dashboard_open {
12228 | |             push_dashboard_snapshot(
12229 | |                 state,
...     |
12233 | |         return;
12234 | |     }
      | |_____- rustdoc does not generate documentation for expressions
      |
      = help: use `//` for a plain comment

warning: unused doc comment
     --> crates\auto-lang\src\ui\iced\renderer.rs:12242:5
      |
12242 | /     ///（in-proc 注入与 outproc 快照两轨同源——孵化副作用/配置门/跨度/
12243 | |     /// 布局算式单一事实）。
      | |____________________________^
12244 |       let (faces, panel_w, panel_h, panel_top) = collect_dashboard_faces(state);
      |       -------------------------------------------------------------------------- rustdoc does not generate documentation for statements
      |
      = help: use `//` for a plain comment

warning: unused doc comment
     --> crates\auto-lang\src\ui\iced\renderer.rs:12305:5
      |
12305 | /     /// visible 置位 + RebuildFaces 事件快照；关 = visible=0 纯状态）；
12306 | |     /// in-proc 原路径零变化（I2）。
      | |____________________________________^
12307 | /     if state.desktop.shell_pipe.is_some() {
12308 | |         if state.desktop.dashboard_open {
12309 | |             state.desktop.dashboard_open = false;
12310 | |             push_dashboard_snapshot(state, &[]);
...     |
12318 | |         return iced::Task::none();
12319 | |     }
      | |_____- rustdoc does not generate documentation for expressions
      |
      = help: use `//` for a plain comment

warning: unused doc comment
     --> crates\auto-lang\src\ui\iced\renderer.rs:20462:25
      |
20462 | /                         /// spawn→attach 异步落差（launcher_open 挂起 +
20463 | |                         /// pipe 落地 + 指纹未建）时补推召唤快照。
      | |__________________________________________________________________^
20464 | /                         if state.desktop.launcher_open
20465 | |                             && state.desktop.launcher_pipe.is_some()
20466 | |                             && state.desktop.launcher_fp.is_none()
...     |
20474 | |                             );
20475 | |                         }
      | |_________________________- rustdoc does not generate documentation for expressions
      |
      = help: use `//` for a plain comment

warning: unused doc comment
     --> crates\auto-lang\src\ui\iced\renderer.rs:20841:25
      |
20841 | /                         /// 事件快照（child dispatch → SwitcherMsg::Advance）；
20842 | |                         /// 未可见 = 首召唤（switcher_open 置位 + RebuildMru +
20843 | |                         /// Advance 首步——in-proc 首按推进语义同册）。
      | |______________________________________________________________________^
20844 | /                         if state.desktop.shell_pipe.is_some() {
20845 | |                             if state.desktop.switcher_open {
20846 | |                                 push_switcher_snapshot(
20847 | |                                     state,
...     |
20860 | |                             return iced::Task::none();
20861 | |                         }
      | |_________________________- rustdoc does not generate documentation for expressions
      |
      = help: use `//` for a plain comment

warning: unused doc comment
     --> crates\auto-lang\src\ui\iced\renderer.rs:21139:29
      |
21139 | / ...                   /// ——Escape 事件快照（面板 .at Escape handler 置
21140 | | ...                   /// visible=0 + 镜像位复位；in-proc 走 app 内 bind
21141 | | ...                   /// 路径不动）。
      | |______________________________________^
21142 | / ...                   if state.desktop.shell_pipe.is_some() {
21143 | | ...                       if state.desktop.switcher_open {
21144 | | ...                           state.desktop.switcher_open = false;
21145 | | ...                           push_switcher_snapshot(
...     |
21174 | | ...                   }
      | |_______________________- rustdoc does not generate documentation for expressions
      |
      = help: use `//` for a plain comment

warning: unused doc comment
     --> crates\auto-lang\src\ui\iced\renderer.rs:21677:41
      |
21677 | / ...                   /// Pick 事件快照（child dispatch →
21678 | | ...                   /// SwitcherMsg::Pick 提交选中 →
21679 | | ...                   /// SendCmd focus 上行 DesktopBus）+
21680 | | ...                   /// 面板自隐（switcher_open 复位）。
      | |__________________________________________________________^
21681 | / ...                   if state.desktop.shell_pipe.is_some() {
21682 | | ...                       state.desktop.switcher_open = false;
21683 | | ...                       push_switcher_snapshot(
21684 | | ...                           state,
...     |
21687 | | ...                       return iced::Task::none();
21688 | | ...                   }
      | |_______________________- rustdoc does not generate documentation for expressions
      |
      = help: use `//` for a plain comment

warning: unused doc comment
     --> crates\auto-lang\src\ui\iced\renderer.rs:21964:17
      |
21964 | /                 /// 表面帧贴层（伪窗[4]，表面 = dashboard_layout 外框
21965 | |                 /// 720×176 spacer 链右上贴放）；in-proc = 面板 App 拆借
21966 | |                 /// 视图 wrapper（原路径零变化）。face 卡两轨共用（宿主
21967 | |                 /// 叠层——D1 修订：卡内容真渲保留宿主，面板 chrome/清单
21968 | |                 /// /grid = child）。
      | |_____________________________________^
21969 | /                 let msg_target = state
21970 | |                     .desktop
21971 | |                     .dashboard_app
21972 | |                     .unwrap_or(crate::ui::session::AppId(0));
      | |_____________________________________________________________- rustdoc does not generate documentation for statements
      |
      = help: use `//` for a plain comment

warning: unused doc comment
     --> crates\auto-lang\src\ui\iced\renderer.rs:22330:13
      |
22330 | /             ///（伪窗全屏——launcher 可见时置顶；child else 分支同语义
22331 | |             /// 渲透明空层）。
      | |______________________________^
22332 | /             if state.desktop.launcher_pipe.is_some() && state.launcher_visible() {
22333 | |                 if let Some(lwid) = state.desktop.launcher_wid {
22334 | |                     if let Some(el) = shell_surface_element_pipe(state, state.desktop.launcher_pipe.clone(), lwid) {
22335 | |                         let full = iced::widget::container(el)
...     |
22354 | |                 layers.push(launcher_client.map(move |m| DM::App(launcher_app, m)));
22355 | |             }
      | |_____________- rustdoc does not generate documentation for expressions
      |
      = help: use `//` for a plain comment

warning: unused doc comment
     --> crates\auto-lang\src\ui\iced\renderer.rs:22361:17
      |
22361 |                   /// 贴层（伪窗 [2]；面板内容/scrim 由 child DrawList 自绘）。
      |                   ^^^^^^^^^^^^^^^^^^^^^^^^^^^^^^^^^^^^^^^^^^^^^^^^^^^^^^^^^^^^^
22362 | /                 if state.desktop.shell_pipe.is_some() {
22363 | |                     let overlay_wid = state.desktop.shell_pseudo_wids.get(2).copied();
22364 | |                     if let Some(el) = overlay_wid.and_then(|w| shell_surface_element(state, w)) {
22365 | |                         let full = iced::widget::container(el)
...     |
22384 | |                 layers.push(switcher_client.map(move |m| DM::App(switcher_app, m)));
22385 | |                 }
      | |_________________- rustdoc does not generate documentation for expressions
      |
      = help: use `//` for a plain comment

warning: unused doc comment
     --> crates\auto-lang\src\ui\iced\renderer.rs:22397:17
      |
22397 |                   ///（伪窗 [3]；对齐/scrim 由 child 自绘）。
      |                   ^^^^^^^^^^^^^^^^^^^^^^^^^^^^^^^^^^^^^^^^^^^
22398 | /                 if state.desktop.shell_pipe.is_some() {
22399 | |                     let overlay_wid = state.desktop.shell_pseudo_wids.get(3).copied();
22400 | |                     if let Some(el) = overlay_wid.and_then(|w| shell_surface_element(state, w)) {
22401 | |                         let full = iced::widget::container(el)
...     |
22419 | |                 layers.push(panel_client.map(move |m| DM::App(panel_app, m)));
22420 | |                 }
      | |_________________- rustdoc does not generate documentation for expressions
      |
      = help: use `//` for a plain comment

warning: unused import: `Text`
   --> crates\auto-lang\src\ui\iced\broker_surface.rs:390:49
    |
390 |         use iced::widget::canvas::{Frame, Path, Text};
    |                                                 ^^^^

warning: unused import: `BorderSpec`
   --> crates\auto-lang\src\ui\iced\broker_surface.rs:561:5
    |
561 |     BorderSpec, DisplayList, DisplayOp, Fill as WireFill, ShadowSpec,
    |     ^^^^^^^^^^

warning: variable does not need to be mutable
    --> crates\auto-lang\src\vm\ffi\http_server.rs:3518:9
     |
3518 |     let mut loop_result = ();
     |         ----^^^^^^^^^^^
     |         |
     |         help: remove this `mut`
     |
     = note: `#[warn(unused_mut)]` (part of `#[warn(unused)]`) on by default

warning: variable does not need to be mutable
   --> crates\auto-lang\src\vm\ffi\http_stream.rs:208:13
    |
208 |         let mut space_wait = handle.space.notified();
    |             ----^^^^^^^^^^
    |             |
    |             help: remove this `mut`

warning: variable does not need to be mutable
   --> crates\auto-lang\src\vm\ffi\http_transport.rs:203:10
    |
203 |     let (mut parts, body) = request.into_parts();
    |          ----^^^^^
    |          |
    |          help: remove this `mut`

warning: falling back to `f32` as the trait bound `f32: From<f64>` is not satisfied
    --> crates\auto-lang\src\ui\terminal\iced\widget.rs:1063:28
     |
1063 |                     width: 0.0.into(),
     |                            ^^^ help: explicitly specify the type as `f32`: `0.0_f32`
     |
     = warning: this was previously accepted by the compiler but is being phased out; it will become a hard error in a future release!
     = note: for more information, see issue #154024 <https://github.com/rust-lang/rust/issues/154024>
     = note: `#[warn(float_literal_f32_fallback)]` (part of `#[warn(future_incompatible)]`) on by default

warning: falling back to `f32` as the trait bound `f32: From<f64>` is not satisfied
    --> crates\auto-lang\src\ui\terminal\iced\widget.rs:1348:32
     |
1348 |                         width: 1.0.into(),
     |                                ^^^ help: explicitly specify the type as `f32`: `1.0_f32`
     |
     = warning: this was previously accepted by the compiler but is being phased out; it will become a hard error in a future release!
     = note: for more information, see issue #154024 <https://github.com/rust-lang/rust/issues/154024>

warning: unused import: `HasWindowHandle`
   --> crates\auto-lang\src\ui\desktop_protocol\win_ime.rs:248:29
    |
248 |     use raw_window_handle::{HasWindowHandle, RawWindowHandle};
    |                             ^^^^^^^^^^^^^^^

warning: variable does not need to be mutable
   --> crates\auto-lang\src\aura\extract.rs:689:24
    |
689 |     let (mut handlers, mut handler_params) = if let Some(on) = &decl.on {
    |                        ----^^^^^^^^^^^^^^
    |                        |
    |                        help: remove this `mut`

warning: unused variable: `def`
   --> crates\auto-lang\src\aura\schema.rs:333:21
    |
333 |         if let Some(def) = self.elements.get(tag) {
    |                     ^^^ help: if this is intentional, prefix it with an underscore: `_def`
    |
    = note: `#[warn(unused_variables)]` (part of `#[warn(unused)]`) on by default

warning: variable does not need to be mutable
    --> crates\auto-lang\src\ui_gen\vue.rs:7025:34
     |
7025 | ...                   let (mut static_classes, _dc, _ds) = self.extract_classes(tag, props);
     |                            ----^^^^^^^^^^^^^^
     |                            |
     |                            help: remove this `mut`

warning: unreachable pattern
    --> crates\auto-lang\src\ui_gen\vue.rs:9705:13
     |
9676 |             "option" | "Option" => "option".to_string(),
     |             ------------------- matches all the relevant values
...
9705 |             "option" | "Option" => "option".to_string(),
     |             ^^^^^^^^^^^^^^^^^^^ no value can reach this
     |
     = note: `#[warn(unreachable_patterns)]` (part of `#[warn(unused)]`) on by default

warning: unreachable pattern
     --> crates\auto-lang\src\ui_gen\vue.rs:10370:17
      |
10370 |                 _ => {}
      |                 ^ no value can reach this
      |
note: multiple earlier patterns match some of the same values
     --> crates\auto-lang\src\ui_gen\vue.rs:10370:17
      |
10235 |                 AuraPropValue::StyleBinding(bindings) => {
      |                 ------------------------------------- matches some of the same values
...
10254 |                 AuraPropValue::Expr(crate::ast::Expr::Str(s)) => {
      |                 --------------------------------------------- matches some of the same values
...
10284 |                 AuraPropValue::Expr(crate::ast::Expr::If(if_stmt)) => {
      |                 -------------------------------------------------- matches some of the same values
...
10297 |                 AuraPropValue::Expr(crate::ast::Expr::Array(elems)) => {
      |                 --------------------------------------------------- matches some of the same values
...
10370 |                 _ => {}
      |                 ^ ...and 1 other patterns collectively make this unreachable

warning: unused variable: `store_check`
    --> crates\auto-lang\src\ui_gen\rust.rs:7920:21
     |
7920 |                 let store_check = format!("{}.{}", first, part);
     |                     ^^^^^^^^^^^ help: if this is intentional, prefix it with an underscore: `_store_check`

warning: variable does not need to be mutable
   --> crates\auto-lang\src\ui_gen\widget\registry.rs:417:13
    |
417 |         let mut scroll_scrollbar = WidgetSpec::new("ScrollAreaScrollbar", WidgetCategory::Layout)
    |             ----^^^^^^^^^^^^^^^^
    |             |
    |             help: remove this `mut`

warning: variable does not need to be mutable
   --> crates\auto-lang\src\ui_gen\widget\registry.rs:422:13
    |
422 |         let mut scroll_thumb = WidgetSpec::new("ScrollAreaThumb", WidgetCategory::Layout)
    |             ----^^^^^^^^^^^^
    |             |
    |             help: remove this `mut`

warning: variable does not need to be mutable
   --> crates\auto-lang\src\ui_gen\widget\registry.rs:615:13
    |
615 |         let mut select_value = WidgetSpec::new("SelectValue", WidgetCategory::Form)
    |             ----^^^^^^^^^^^^
    |             |
    |             help: remove this `mut`

warning: variable does not need to be mutable
    --> crates\auto-lang\src\ui_gen\widget\registry.rs:1225:13
     |
1225 |         let mut breadcrumb_sep = WidgetSpec::new("BreadcrumbSeparator", WidgetCategory::Navigation)
     |             ----^^^^^^^^^^^^^^
     |             |
     |             help: remove this `mut`

warning: variable does not need to be mutable
    --> crates\auto-lang\src\ui_gen\widget\registry.rs:1290:13
     |
1290 |         let mut pagination_link = WidgetSpec::new("PaginationLink", WidgetCategory::Navigation)
     |             ----^^^^^^^^^^^^^^^
     |             |
     |             help: remove this `mut`

warning: variable does not need to be mutable
    --> crates\auto-lang\src\ui_gen\widget\registry.rs:1295:13
     |
1295 |         let mut pagination_ellipsis = WidgetSpec::new("PaginationEllipsis", WidgetCategory::Navigation)
     |             ----^^^^^^^^^^^^^^^^^^^
     |             |
     |             help: remove this `mut`

warning: variable does not need to be mutable
    --> crates\auto-lang\src\ui_gen\widget\registry.rs:1300:13
     |
1300 |         let mut pagination_next = WidgetSpec::new("PaginationNext", WidgetCategory::Navigation)
     |             ----^^^^^^^^^^^^^^^
     |             |
     |             help: remove this `mut`

warning: variable does not need to be mutable
    --> crates\auto-lang\src\ui_gen\widget\registry.rs:1305:13
     |
1305 |         let mut pagination_prev = WidgetSpec::new("PaginationPrevious", WidgetCategory::Navigation)
     |             ----^^^^^^^^^^^^^^^
     |             |
     |             help: remove this `mut`

warning: variable does not need to be mutable
    --> crates\auto-lang\src\ui_gen\widget\registry.rs:2054:13
     |
2054 |         let mut toast_viewport = WidgetSpec::new("ToastViewport", WidgetCategory::Feedback)
     |             ----^^^^^^^^^^^^^^
     |             |
     |             help: remove this `mut`

warning: variable does not need to be mutable
    --> crates\auto-lang\src\ui_gen\widget\registry.rs:2065:13
     |
2065 |         let mut toast_close = WidgetSpec::new("ToastClose", WidgetCategory::Feedback)
     |             ----^^^^^^^^^^^
     |             |
     |             help: remove this `mut`

warning: variable does not need to be mutable
    --> crates\auto-lang\src\ui_gen\widget\registry.rs:2103:13
     |
2103 |         let mut sonner = WidgetSpec::new("Sonner", WidgetCategory::Feedback)
     |             ----^^^^^^
     |             |
     |             help: remove this `mut`

warning: variable does not need to be mutable
    --> crates\auto-lang\src\ui_gen\widget\registry.rs:2274:13
     |
2274 |         let mut calendar_day = WidgetSpec::new("CalendarDay", WidgetCategory::Data)
     |             ----^^^^^^^^^^^^
     |             |
     |             help: remove this `mut`

warning: value assigned to `sub_widgets_out` is never read
   --> crates\auto-lang\src\ui_gen\api.rs:849:44
    |
849 |     let mut sub_widgets_out: Vec<String> = Vec::new();
    |                                            ^^^^^^^^^^ this value is reassigned later and never used
...
912 |         sub_widgets_out = package_names;
    |         --------------- `sub_widgets_out` is overwritten here before the previous value is read
    |
    = note: `#[warn(unused_assignments)]` (part of `#[warn(unused)]`) on by default

warning: unused variable: `count`
   --> crates\auto-lang\src\ui_gen\validators.rs:674:9
    |
674 |     let count = template.matches("AutoDownEditor").count();
    |         ^^^^^ help: if this is intentional, prefix it with an underscore: `_count`

warning: unused variable: `w`
    --> crates\auto-lang\src\parser.rs:1383:21
     |
1383 |                 let w = "__w".to_string();
     |                     ^ help: if this is intentional, prefix it with an underscore: `_w`

warning: variable does not need to be mutable
    --> crates\auto-lang\src\parser.rs:2542:13
     |
2542 |         let mut rollback = |slf: &mut Self| {
     |             ----^^^^^^^^
     |             |
     |             help: remove this `mut`

warning: unused variable: `open`
     --> crates\auto-lang\src\parser.rs:10882:14
      |
10882 |         let (open, close, close_text) = if self.is_kind(TokenKind::Lt) {
      |              ^^^^ help: if this is intentional, prefix it with an underscore: `_open`

warning: unused variable: `events`
     --> crates\auto-lang\src\parser.rs:13242:45
      |
13242 |             ViewNode::Element { tag, props, events, children, .. } => {
      |                                             ^^^^^^ help: try ignoring the field: `events: _`

warning: unused variable: `method`
    --> crates\auto-lang\src\trans\rust.rs:1041:31
     |
1041 |         if let Expr::Dot(obj, method) = call.name.as_ref() {
     |                               ^^^^^^ help: if this is intentional, prefix it with an underscore: `_method`

warning: unreachable pattern
    --> crates\auto-lang\src\trans\rust.rs:6542:34
     |
6442 |                         "Json" => match method.as_str() {
     |                         ------ matches all the relevant values
...
6542 |                         "json" | "Json" => match method.as_str() {
     |                                  ^^^^^^ no value can reach this

warning: unreachable pattern
    --> crates\auto-lang\src\trans\rust.rs:6686:29
     |
6608 | ...                   "as_int" => {
     |                       -------- matches all the relevant values
...
6686 | ...                   "as_int" => {
     |                       ^^^^^^^^ no value can reach this

warning: unused variable: `i`
    --> crates\auto-lang\src\trans\rust.rs:6947:38
     |
6947 | ...                   for (i, arg) in call.args.args.iter().enumerate().skip(1) {
     |                            ^ help: if this is intentional, prefix it with an underscore: `_i`

warning: unused variable: `name`
     --> crates\auto-lang\src\trans\rust.rs:12990:13
      |
12990 |         let name = td.name.as_str();
      |             ^^^^ help: if this is intentional, prefix it with an underscore: `_name`

warning: unused variable: `name`
     --> crates\auto-lang\src\trans\rust.rs:13542:9
      |
13542 |         name: &str,
      |         ^^^^ help: if this is intentional, prefix it with an underscore: `_name`

warning: irrefutable `if let` pattern
     --> crates\auto-lang\src\trans\rust.rs:21084:20
      |
21084 |                 if let crate::ast::Cover::Tag(tc) = cover {
      |                    ^^^^^^^^^^^^^^^^^^^^^^^^^^^^^^^^^^^^^^
      |
      = note: this pattern will always match, so the `if let` is useless
      = help: consider replacing the `if let` with a `let`
      = note: `#[warn(irrefutable_let_patterns)]` on by default

warning: unused variable: `derive_attr`
     --> crates\auto-lang\src\trans\rust.rs:23391:21
      |
23391 |                 let derive_attr = caps.get(1).unwrap().as_str();
      |                     ^^^^^^^^^^^ help: if this is intentional, prefix it with an underscore: `_derive_attr`

warning: unused variable: `has_kw`
  --> crates\auto-lang\src\trans\s2s_rules.rs:90:21
   |
90 |                 let has_kw = c
   |                     ^^^^^^ help: if this is intentional, prefix it with an underscore: `_has_kw`

warning: unused variable: `spec_decl`
    --> crates\auto-lang\src\vm\codegen.rs:2702:28
     |
2702 |             Stmt::SpecDecl(spec_decl) => {
     |                            ^^^^^^^^^ help: if this is intentional, prefix it with an underscore: `_spec_decl`

warning: unused variable: `enum_method`
    --> crates\auto-lang\src\vm\codegen.rs:8192:61
     |
8192 | ...                   let enum_method = format!("{}.{}", enum_name, method.as_ref());
     |                           ^^^^^^^^^^^ help: if this is intentional, prefix it with an underscore: `_enum_method`

warning: unreachable pattern
   --> crates\auto-lang\src\vm\abt\asm.rs:175:11
    |
151 |         | OpCode::LOAD_GLOBAL | OpCode::STORE_GLOBAL
    |           ------------------- matches all the relevant values
...
175 |         | OpCode::LOAD_GLOBAL | OpCode::STORE_GLOBAL
    |           ^^^^^^^^^^^^^^^^^^^ no value can reach this

warning: unreachable pattern
   --> crates\auto-lang\src\vm\abt\asm.rs:175:33
    |
151 |         | OpCode::LOAD_GLOBAL | OpCode::STORE_GLOBAL
    |                                 -------------------- matches all the relevant values
...
175 |         | OpCode::LOAD_GLOBAL | OpCode::STORE_GLOBAL
    |                                 ^^^^^^^^^^^^^^^^^^^^ no value can reach this

warning: unreachable pattern
   --> crates\auto-lang\src\vm\abt\disasm.rs:263:11
    |
239 |         | OpCode::LOAD_GLOBAL | OpCode::STORE_GLOBAL
    |           ------------------- matches all the relevant values
...
263 |         | OpCode::LOAD_GLOBAL | OpCode::STORE_GLOBAL
    |           ^^^^^^^^^^^^^^^^^^^ no value can reach this

warning: unreachable pattern
   --> crates\auto-lang\src\vm\abt\disasm.rs:263:33
    |
239 |         | OpCode::LOAD_GLOBAL | OpCode::STORE_GLOBAL
    |                                 -------------------- matches all the relevant values
...
263 |         | OpCode::LOAD_GLOBAL | OpCode::STORE_GLOBAL
    |                                 ^^^^^^^^^^^^^^^^^^^^ no value can reach this

warning: variable does not need to be mutable
  --> crates\auto-lang\src\vm\abt\mod.rs:87:13
   |
87 | ...   let mut emit_line = |s: &str, src_line: Option<u32>, out: &mut String, map: &mut Vec<crate::trans::SourceMapEntry>, line_no: &...
   |           ----^^^^^^^^^
   |           |
   |           help: remove this `mut`

warning: unused variable: `saved_saved_closure_id`
    --> crates\auto-lang\src\vm\engine.rs:2333:13
     |
2333 |         let saved_saved_closure_id = task.saved_closure_id;
     |             ^^^^^^^^^^^^^^^^^^^^^^ help: if this is intentional, prefix it with an underscore: `_saved_saved_closure_id`

warning: unused variable: `handle`
    --> crates\auto-lang\src\vm\engine.rs:7686:33
     |
7686 |                     if let Some(handle) = http_response_handle {
     |                                 ^^^^^^ help: if this is intentional, prefix it with an underscore: `_handle`

warning: unused variable: `other`
    --> crates\auto-lang\src\vm\engine.rs:8713:42
     |
8713 | ...                   Some(other) => {
     |                            ^^^^^ help: if this is intentional, prefix it with an underscore: `_other`

warning: value assigned to `old_field_ref` is never read
    --> crates\auto-lang\src\vm\engine.rs:5738:58
     |
5738 |                       let mut old_field_ref: Option<u64> = None;
     |                                                            ^^^^ this value is reassigned later and never used
...
5752 | /                                 old_field_ref = instance.fields.get(field_index).and_then(|v| match v {
5753 | |                                     Value::VmRef(r) => Some(r.id as u64),
5754 | |                                     _ => None,
5755 | |                                 });
     | |__________________________________- `old_field_ref` is overwritten here before the previous value is read

warning: variable does not need to be mutable
   --> crates\auto-lang\src\vm\rc.rs:355:22
    |
355 |             let Some(mut e) = self.heap_rc.get_mut(&id) else {
    |                      ----^
    |                      |
    |                      help: remove this `mut`

warning: unused variable: `k`
   --> crates\auto-lang\src\vm\rc.rs:694:25
    |
694 |             if let Some(k) = &key {
    |                         ^ help: if this is intentional, prefix it with an underscore: `_k`

warning: unused variable: `key`
  --> crates\auto-lang\src\vm\autodown_natives.rs:59:9
   |
59 |     let key = pop_string_arg(task, vm);
   |         ^^^ help: if this is intentional, prefix it with an underscore: `_key`

warning: unused variable: `vm`
   --> crates\auto-lang\src\vm\native.rs:320:38
    |
320 | fn shim_int_and(task: &mut AutoTask, vm: &AutoVM) -> Result<(), VMError> {
    |                                      ^^ help: if this is intentional, prefix it with an underscore: `_vm`

warning: unused variable: `vm`
   --> crates\auto-lang\src\vm\native.rs:328:37
    |
328 | fn shim_int_or(task: &mut AutoTask, vm: &AutoVM) -> Result<(), VMError> {
    |                                     ^^ help: if this is intentional, prefix it with an underscore: `_vm`

warning: unused variable: `vm`
   --> crates\auto-lang\src\vm\native.rs:336:38
    |
336 | fn shim_int_xor(task: &mut AutoTask, vm: &AutoVM) -> Result<(), VMError> {
    |                                      ^^ help: if this is intentional, prefix it with an underscore: `_vm`

warning: unused variable: `vm`
   --> crates\auto-lang\src\vm\native.rs:345:38
    |
345 | fn shim_int_not(task: &mut AutoTask, vm: &AutoVM) -> Result<(), VMError> {
    |                                      ^^ help: if this is intentional, prefix it with an underscore: `_vm`

warning: unused variable: `vm`
   --> crates\auto-lang\src\vm\native.rs:353:38
    |
353 | fn shim_int_shl(task: &mut AutoTask, vm: &AutoVM) -> Result<(), VMError> {
    |                                      ^^ help: if this is intentional, prefix it with an underscore: `_vm`

warning: unused variable: `vm`
   --> crates\auto-lang\src\vm\native.rs:364:38
    |
364 | fn shim_int_shr(task: &mut AutoTask, vm: &AutoVM) -> Result<(), VMError> {
    |                                      ^^ help: if this is intentional, prefix it with an underscore: `_vm`

warning: unused variable: `vm`
   --> crates\auto-lang\src\vm\native.rs:375:38
    |
375 | fn shim_int_sar(task: &mut AutoTask, vm: &AutoVM) -> Result<(), VMError> {
    |                                      ^^ help: if this is intentional, prefix it with an underscore: `_vm`

warning: unused variable: `vm`
   --> crates\auto-lang\src\vm\native.rs:389:38
    |
389 | fn shim_int_rol(task: &mut AutoTask, vm: &AutoVM) -> Result<(), VMError> {
    |                                      ^^ help: if this is intentional, prefix it with an underscore: `_vm`

warning: unused variable: `vm`
   --> crates\auto-lang\src\vm\native.rs:397:38
    |
397 | fn shim_int_ror(task: &mut AutoTask, vm: &AutoVM) -> Result<(), VMError> {
    |                                      ^^ help: if this is intentional, prefix it with an underscore: `_vm`

warning: unused variable: `vm`
   --> crates\auto-lang\src\vm\native.rs:405:45
    |
405 | fn shim_int_count_ones(task: &mut AutoTask, vm: &AutoVM) -> Result<(), VMError> {
    |                                             ^^ help: if this is intentional, prefix it with an underscore: `_vm`

warning: unused variable: `vm`
   --> crates\auto-lang\src\vm\native.rs:412:48
    |
412 | fn shim_int_leading_zeros(task: &mut AutoTask, vm: &AutoVM) -> Result<(), VMError> {
    |                                                ^^ help: if this is intentional, prefix it with an underscore: `_vm`

warning: unused variable: `vm`
   --> crates\auto-lang\src\vm\native.rs:419:49
    |
419 | fn shim_int_trailing_zeros(task: &mut AutoTask, vm: &AutoVM) -> Result<(), VMError> {
    |                                                 ^^ help: if this is intentional, prefix it with an underscore: `_vm`

warning: unused variable: `vm`
   --> crates\auto-lang\src\vm\native.rs:426:41
    |
426 | fn shim_int_bitrev(task: &mut AutoTask, vm: &AutoVM) -> Result<(), VMError> {
    |                                         ^^ help: if this is intentional, prefix it with an underscore: `_vm`

warning: unused variable: `vm`
   --> crates\auto-lang\src\vm\native.rs:435:43
    |
435 | fn shim_int_bit_read(task: &mut AutoTask, vm: &AutoVM) -> Result<(), VMError> {
    |                                           ^^ help: if this is intentional, prefix it with an underscore: `_vm`

warning: unused variable: `vm`
   --> crates\auto-lang\src\vm\native.rs:447:43
    |
447 | fn shim_int_bit_test(task: &mut AutoTask, vm: &AutoVM) -> Result<(), VMError> {
    |                                           ^^ help: if this is intentional, prefix it with an underscore: `_vm`

warning: unused variable: `vm`
   --> crates\auto-lang\src\vm\native.rs:458:41
    |
458 | fn shim_int_bit_on(task: &mut AutoTask, vm: &AutoVM) -> Result<(), VMError> {
    |                                         ^^ help: if this is intentional, prefix it with an underscore: `_vm`

warning: unused variable: `vm`
   --> crates\auto-lang\src\vm\native.rs:468:42
    |
468 | fn shim_int_bit_off(task: &mut AutoTask, vm: &AutoVM) -> Result<(), VMError> {
    |                                          ^^ help: if this is intentional, prefix it with an underscore: `_vm`

warning: unused variable: `vm`
   --> crates\auto-lang\src\vm\native.rs:478:43
    |
478 | fn shim_int_bit_flip(task: &mut AutoTask, vm: &AutoVM) -> Result<(), VMError> {
    |                                           ^^ help: if this is intentional, prefix it with an underscore: `_vm`

warning: unused variable: `vm`
   --> crates\auto-lang\src\vm\native.rs:509:43
    |
509 |         pub fn $name(task: &mut AutoTask, vm: &AutoVM) -> Result<(), VMError> {
    |                                           ^^
...
528 | math_unary_shim!(shim_math_sin, sin);
    | ------------------------------------ in this macro invocation
    |
help: `vm` is captured in macro and introduced a unused variable
   --> crates\auto-lang\src\vm\native.rs:509:43
    |
509 |         pub fn $name(task: &mut AutoTask, vm: &AutoVM) -> Result<(), VMError> {
    |                                           ^^
...
528 | math_unary_shim!(shim_math_sin, sin);
    | ------------------------------------ in this macro invocation
    = note: this warning originates in the macro `math_unary_shim` (in Nightly builds, run with -Z macro-backtrace for more info)

warning: unused variable: `vm`
   --> crates\auto-lang\src\vm\native.rs:509:43
    |
509 |         pub fn $name(task: &mut AutoTask, vm: &AutoVM) -> Result<(), VMError> {
    |                                           ^^
...
529 | math_unary_shim!(shim_math_cos, cos);
    | ------------------------------------ in this macro invocation
    |
help: `vm` is captured in macro and introduced a unused variable
   --> crates\auto-lang\src\vm\native.rs:509:43
    |
509 |         pub fn $name(task: &mut AutoTask, vm: &AutoVM) -> Result<(), VMError> {
    |                                           ^^
...
529 | math_unary_shim!(shim_math_cos, cos);
    | ------------------------------------ in this macro invocation
    = note: this warning originates in the macro `math_unary_shim` (in Nightly builds, run with -Z macro-backtrace for more info)

warning: unused variable: `vm`
   --> crates\auto-lang\src\vm\native.rs:509:43
    |
509 |         pub fn $name(task: &mut AutoTask, vm: &AutoVM) -> Result<(), VMError> {
    |                                           ^^
...
530 | math_unary_shim!(shim_math_tan, tan);
    | ------------------------------------ in this macro invocation
    |
help: `vm` is captured in macro and introduced a unused variable
   --> crates\auto-lang\src\vm\native.rs:509:43
    |
509 |         pub fn $name(task: &mut AutoTask, vm: &AutoVM) -> Result<(), VMError> {
    |                                           ^^
...
530 | math_unary_shim!(shim_math_tan, tan);
    | ------------------------------------ in this macro invocation
    = note: this warning originates in the macro `math_unary_shim` (in Nightly builds, run with -Z macro-backtrace for more info)

warning: unused variable: `vm`
   --> crates\auto-lang\src\vm\native.rs:509:43
    |
509 |         pub fn $name(task: &mut AutoTask, vm: &AutoVM) -> Result<(), VMError> {
    |                                           ^^
...
533 | math_unary_shim!(shim_math_abs_f, abs);
    | -------------------------------------- in this macro invocation
    |
help: `vm` is captured in macro and introduced a unused variable
   --> crates\auto-lang\src\vm\native.rs:509:43
    |
509 |         pub fn $name(task: &mut AutoTask, vm: &AutoVM) -> Result<(), VMError> {
    |                                           ^^
...
533 | math_unary_shim!(shim_math_abs_f, abs);
    | -------------------------------------- in this macro invocation
    = note: this warning originates in the macro `math_unary_shim` (in Nightly builds, run with -Z macro-backtrace for more info)

warning: unused variable: `vm`
   --> crates\auto-lang\src\vm\native.rs:509:43
    |
509 |         pub fn $name(task: &mut AutoTask, vm: &AutoVM) -> Result<(), VMError> {
    |                                           ^^
...
534 | math_unary_shim!(shim_math_floor, floor);
    | ---------------------------------------- in this macro invocation
    |
help: `vm` is captured in macro and introduced a unused variable
   --> crates\auto-lang\src\vm\native.rs:509:43
    |
509 |         pub fn $name(task: &mut AutoTask, vm: &AutoVM) -> Result<(), VMError> {
    |                                           ^^
...
534 | math_unary_shim!(shim_math_floor, floor);
    | ---------------------------------------- in this macro invocation
    = note: this warning originates in the macro `math_unary_shim` (in Nightly builds, run with -Z macro-backtrace for more info)

warning: unused variable: `vm`
   --> crates\auto-lang\src\vm\native.rs:509:43
    |
509 |         pub fn $name(task: &mut AutoTask, vm: &AutoVM) -> Result<(), VMError> {
    |                                           ^^
...
535 | math_unary_shim!(shim_math_ceil, ceil);
    | -------------------------------------- in this macro invocation
    |
help: `vm` is captured in macro and introduced a unused variable
   --> crates\auto-lang\src\vm\native.rs:509:43
    |
509 |         pub fn $name(task: &mut AutoTask, vm: &AutoVM) -> Result<(), VMError> {
    |                                           ^^
...
535 | math_unary_shim!(shim_math_ceil, ceil);
    | -------------------------------------- in this macro invocation
    = note: this warning originates in the macro `math_unary_shim` (in Nightly builds, run with -Z macro-backtrace for more info)

warning: unused variable: `vm`
   --> crates\auto-lang\src\vm\native.rs:509:43
    |
509 |         pub fn $name(task: &mut AutoTask, vm: &AutoVM) -> Result<(), VMError> {
    |                                           ^^
...
536 | math_unary_shim!(shim_math_round, round);
    | ---------------------------------------- in this macro invocation
    |
help: `vm` is captured in macro and introduced a unused variable
   --> crates\auto-lang\src\vm\native.rs:509:43
    |
509 |         pub fn $name(task: &mut AutoTask, vm: &AutoVM) -> Result<(), VMError> {
    |                                           ^^
...
536 | math_unary_shim!(shim_math_round, round);
    | ---------------------------------------- in this macro invocation
    = note: this warning originates in the macro `math_unary_shim` (in Nightly builds, run with -Z macro-backtrace for more info)

warning: unused variable: `vm`
   --> crates\auto-lang\src\vm\native.rs:509:43
    |
509 |         pub fn $name(task: &mut AutoTask, vm: &AutoVM) -> Result<(), VMError> {
    |                                           ^^
...
537 | math_unary_shim!(shim_math_exp, exp);
    | ------------------------------------ in this macro invocation
    |
help: `vm` is captured in macro and introduced a unused variable
   --> crates\auto-lang\src\vm\native.rs:509:43
    |
509 |         pub fn $name(task: &mut AutoTask, vm: &AutoVM) -> Result<(), VMError> {
    |                                           ^^
...
537 | math_unary_shim!(shim_math_exp, exp);
    | ------------------------------------ in this macro invocation
    = note: this warning originates in the macro `math_unary_shim` (in Nightly builds, run with -Z macro-backtrace for more info)

warning: unused variable: `vm`
   --> crates\auto-lang\src\vm\native.rs:509:43
    |
509 |         pub fn $name(task: &mut AutoTask, vm: &AutoVM) -> Result<(), VMError> {
    |                                           ^^
...
538 | math_unary_shim!(shim_math_ln, ln);
    | ---------------------------------- in this macro invocation
    |
help: `vm` is captured in macro and introduced a unused variable
   --> crates\auto-lang\src\vm\native.rs:509:43
    |
509 |         pub fn $name(task: &mut AutoTask, vm: &AutoVM) -> Result<(), VMError> {
    |                                           ^^
...
538 | math_unary_shim!(shim_math_ln, ln);
    | ---------------------------------- in this macro invocation
    = note: this warning originates in the macro `math_unary_shim` (in Nightly builds, run with -Z macro-backtrace for more info)

warning: unused variable: `vm`
   --> crates\auto-lang\src\vm\native.rs:509:43
    |
509 |         pub fn $name(task: &mut AutoTask, vm: &AutoVM) -> Result<(), VMError> {
    |                                           ^^
...
539 | math_unary_shim!(shim_math_log2, log2);
    | -------------------------------------- in this macro invocation
    |
help: `vm` is captured in macro and introduced a unused variable
   --> crates\auto-lang\src\vm\native.rs:509:43
    |
509 |         pub fn $name(task: &mut AutoTask, vm: &AutoVM) -> Result<(), VMError> {
    |                                           ^^
...
539 | math_unary_shim!(shim_math_log2, log2);
    | -------------------------------------- in this macro invocation
    = note: this warning originates in the macro `math_unary_shim` (in Nightly builds, run with -Z macro-backtrace for more info)

warning: unused variable: `vm`
   --> crates\auto-lang\src\vm\native.rs:509:43
    |
509 |         pub fn $name(task: &mut AutoTask, vm: &AutoVM) -> Result<(), VMError> {
    |                                           ^^
...
540 | math_unary_shim!(shim_math_log10, log10);
    | ---------------------------------------- in this macro invocation
    |
help: `vm` is captured in macro and introduced a unused variable
   --> crates\auto-lang\src\vm\native.rs:509:43
    |
509 |         pub fn $name(task: &mut AutoTask, vm: &AutoVM) -> Result<(), VMError> {
    |                                           ^^
...
540 | math_unary_shim!(shim_math_log10, log10);
    | ---------------------------------------- in this macro invocation
    = note: this warning originates in the macro `math_unary_shim` (in Nightly builds, run with -Z macro-backtrace for more info)

warning: unused variable: `vm`
   --> crates\auto-lang\src\vm\native.rs:509:43
    |
509 |         pub fn $name(task: &mut AutoTask, vm: &AutoVM) -> Result<(), VMError> {
    |                                           ^^
...
541 | math_unary_shim!(shim_math_signum, signum);
    | ------------------------------------------ in this macro invocation
    |
help: `vm` is captured in macro and introduced a unused variable
   --> crates\auto-lang\src\vm\native.rs:509:43
    |
509 |         pub fn $name(task: &mut AutoTask, vm: &AutoVM) -> Result<(), VMError> {
    |                                           ^^
...
541 | math_unary_shim!(shim_math_signum, signum);
    | ------------------------------------------ in this macro invocation
    = note: this warning originates in the macro `math_unary_shim` (in Nightly builds, run with -Z macro-backtrace for more info)

warning: unused variable: `vm`
   --> crates\auto-lang\src\vm\native.rs:509:43
    |
509 |         pub fn $name(task: &mut AutoTask, vm: &AutoVM) -> Result<(), VMError> {
    |                                           ^^
...
542 | math_unary_shim!(shim_math_asin, asin);
    | -------------------------------------- in this macro invocation
    |
help: `vm` is captured in macro and introduced a unused variable
   --> crates\auto-lang\src\vm\native.rs:509:43
    |
509 |         pub fn $name(task: &mut AutoTask, vm: &AutoVM) -> Result<(), VMError> {
    |                                           ^^
...
542 | math_unary_shim!(shim_math_asin, asin);
    | -------------------------------------- in this macro invocation
    = note: this warning originates in the macro `math_unary_shim` (in Nightly builds, run with -Z macro-backtrace for more info)

warning: unused variable: `vm`
   --> crates\auto-lang\src\vm\native.rs:509:43
    |
509 |         pub fn $name(task: &mut AutoTask, vm: &AutoVM) -> Result<(), VMError> {
    |                                           ^^
...
543 | math_unary_shim!(shim_math_acos, acos);
    | -------------------------------------- in this macro invocation
    |
help: `vm` is captured in macro and introduced a unused variable
   --> crates\auto-lang\src\vm\native.rs:509:43
    |
509 |         pub fn $name(task: &mut AutoTask, vm: &AutoVM) -> Result<(), VMError> {
    |                                           ^^
...
543 | math_unary_shim!(shim_math_acos, acos);
    | -------------------------------------- in this macro invocation
    = note: this warning originates in the macro `math_unary_shim` (in Nightly builds, run with -Z macro-backtrace for more info)

warning: unused variable: `vm`
   --> crates\auto-lang\src\vm\native.rs:509:43
    |
509 |         pub fn $name(task: &mut AutoTask, vm: &AutoVM) -> Result<(), VMError> {
    |                                           ^^
...
544 | math_unary_shim!(shim_math_atan, atan);
    | -------------------------------------- in this macro invocation
    |
help: `vm` is captured in macro and introduced a unused variable
   --> crates\auto-lang\src\vm\native.rs:509:43
    |
509 |         pub fn $name(task: &mut AutoTask, vm: &AutoVM) -> Result<(), VMError> {
    |                                           ^^
...
544 | math_unary_shim!(shim_math_atan, atan);
    | -------------------------------------- in this macro invocation
    = note: this warning originates in the macro `math_unary_shim` (in Nightly builds, run with -Z macro-backtrace for more info)

warning: unused variable: `vm`
   --> crates\auto-lang\src\vm\native.rs:509:43
    |
509 |         pub fn $name(task: &mut AutoTask, vm: &AutoVM) -> Result<(), VMError> {
    |                                           ^^
...
545 | math_unary_shim!(shim_math_to_radians, to_radians);
    | -------------------------------------------------- in this macro invocation
    |
help: `vm` is captured in macro and introduced a unused variable
   --> crates\auto-lang\src\vm\native.rs:509:43
    |
509 |         pub fn $name(task: &mut AutoTask, vm: &AutoVM) -> Result<(), VMError> {
    |                                           ^^
...
545 | math_unary_shim!(shim_math_to_radians, to_radians);
    | -------------------------------------------------- in this macro invocation
    = note: this warning originates in the macro `math_unary_shim` (in Nightly builds, run with -Z macro-backtrace for more info)

warning: unused variable: `vm`
   --> crates\auto-lang\src\vm\native.rs:509:43
    |
509 |         pub fn $name(task: &mut AutoTask, vm: &AutoVM) -> Result<(), VMError> {
    |                                           ^^
...
546 | math_unary_shim!(shim_math_to_degrees, to_degrees);
    | -------------------------------------------------- in this macro invocation
    |
help: `vm` is captured in macro and introduced a unused variable
   --> crates\auto-lang\src\vm\native.rs:509:43
    |
509 |         pub fn $name(task: &mut AutoTask, vm: &AutoVM) -> Result<(), VMError> {
    |                                           ^^
...
546 | math_unary_shim!(shim_math_to_degrees, to_degrees);
    | -------------------------------------------------- in this macro invocation
    = note: this warning originates in the macro `math_unary_shim` (in Nightly builds, run with -Z macro-backtrace for more info)

warning: unused variable: `vm`
   --> crates\auto-lang\src\vm\native.rs:519:43
    |
519 |         pub fn $name(task: &mut AutoTask, vm: &AutoVM) -> Result<(), VMError> {
    |                                           ^^
...
547 | math_binary_shim!(shim_math_pow, powf);
    | -------------------------------------- in this macro invocation
    |
help: `vm` is captured in macro and introduced a unused variable
   --> crates\auto-lang\src\vm\native.rs:519:43
    |
519 |         pub fn $name(task: &mut AutoTask, vm: &AutoVM) -> Result<(), VMError> {
    |                                           ^^
...
547 | math_binary_shim!(shim_math_pow, powf);
    | -------------------------------------- in this macro invocation
    = note: this warning originates in the macro `math_binary_shim` (in Nightly builds, run with -Z macro-backtrace for more info)

warning: unused variable: `vm`
   --> crates\auto-lang\src\vm\native.rs:519:43
    |
519 |         pub fn $name(task: &mut AutoTask, vm: &AutoVM) -> Result<(), VMError> {
    |                                           ^^
...
548 | math_binary_shim!(shim_math_powf, powf);
    | --------------------------------------- in this macro invocation
    |
help: `vm` is captured in macro and introduced a unused variable
   --> crates\auto-lang\src\vm\native.rs:519:43
    |
519 |         pub fn $name(task: &mut AutoTask, vm: &AutoVM) -> Result<(), VMError> {
    |                                           ^^
...
548 | math_binary_shim!(shim_math_powf, powf);
    | --------------------------------------- in this macro invocation
    = note: this warning originates in the macro `math_binary_shim` (in Nightly builds, run with -Z macro-backtrace for more info)

warning: unused variable: `vm`
   --> crates\auto-lang\src\vm\native.rs:559:45
    |
559 | pub fn shim_math_atan2(task: &mut AutoTask, vm: &AutoVM) -> Result<(), VMError> {
    |                                             ^^ help: if this is intentional, prefix it with an underscore: `_vm`

warning: unused variable: `vm`
    --> crates\auto-lang\src\vm\native.rs:2146:48
     |
2146 | pub fn shim_console_clear(task: &mut AutoTask, vm: &AutoVM) -> Result<(), VMError> {
     |                                                ^^ help: if this is intentional, prefix it with an underscore: `_vm`

warning: unused variable: `vm`
    --> crates\auto-lang\src\vm\native.rs:7660:46
     |
7660 | pub fn shim_rand_random(task: &mut AutoTask, vm: &AutoVM) -> Result<(), VMError> {
     |                                              ^^ help: if this is intentional, prefix it with an underscore: `_vm`

warning: unused variable: `vm`
    --> crates\auto-lang\src\vm\native.rs:7678:44
     |
7678 | pub fn shim_log_noop(_task: &mut AutoTask, vm: &AutoVM) -> Result<(), VMError> {
     |                                            ^^ help: if this is intentional, prefix it with an underscore: `_vm`

warning: unused variable: `vm`
    --> crates\auto-lang\src\vm\native.rs:9466:45
     |
9466 | pub fn shim_result_ok(_task: &mut AutoTask, vm: &AutoVM) -> Result<(), VMError> {
     |                                             ^^ help: if this is intentional, prefix it with an underscore: `_vm`

warning: unused variable: `vm`
    --> crates\auto-lang\src\vm\native.rs:9520:45
     |
9520 | pub fn shim_rand_float(task: &mut AutoTask, vm: &AutoVM) -> Result<(), VMError> {
     |                                             ^^ help: if this is intentional, prefix it with an underscore: `_vm`

warning: unused variable: `vm`
    --> crates\auto-lang\src\vm\native.rs:9533:44
     |
9533 | pub fn shim_rand_bool(task: &mut AutoTask, vm: &AutoVM) -> Result<(), VMError> {
     |                                            ^^ help: if this is intentional, prefix it with an underscore: `_vm`

warning: unused variable: `vm`
    --> crates\auto-lang\src\vm\ffi\stdlib.rs:3752:58
     |
3752 | pub fn shim_net_tcp_listener_accept(task: &mut AutoTask, vm: &AutoVM) -> Result<(), VMError> {
     |                                                          ^^ help: if this is intentional, prefix it with an underscore: `_vm`

warning: unused variable: `vm`
    --> crates\auto-lang\src\vm\ffi\stdlib.rs:3791:57
     |
3791 | pub fn shim_net_tcp_listener_close(task: &mut AutoTask, vm: &AutoVM) -> Result<(), VMError> {
     |                                                         ^^ help: if this is intentional, prefix it with an underscore: `_vm`

warning: unused variable: `vm`
    --> crates\auto-lang\src\vm\ffi\stdlib.rs:3933:55
     |
3933 | pub fn shim_net_tcp_stream_close(task: &mut AutoTask, vm: &AutoVM) -> Result<(), VMError> {
     |                                                       ^^ help: if this is intentional, prefix it with an underscore: `_vm`

warning: unused variable: `vm`
    --> crates\auto-lang\src\vm\ffi\stdlib.rs:3954:66
     |
3954 | pub fn shim_net_tcp_stream_set_read_timeout(task: &mut AutoTask, vm: &AutoVM) -> Result<(), VMError> {
     |                                                                  ^^ help: if this is intentional, prefix it with an underscore: `_vm`

warning: unused variable: `vm`
    --> crates\auto-lang\src\vm\ffi\stdlib.rs:3973:67
     |
3973 | pub fn shim_net_tcp_stream_set_write_timeout(task: &mut AutoTask, vm: &AutoVM) -> Result<(), VMError> {
     |                                                                   ^^ help: if this is intentional, prefix it with an underscore: `_vm`

warning: unused variable: `vm`
    --> crates\auto-lang\src\vm\ffi\stdlib.rs:3995:55
     |
3995 | pub fn shim_net_tcp_stream_flush(task: &mut AutoTask, vm: &AutoVM) -> Result<(), VMError> {
     |                                                       ^^ help: if this is intentional, prefix it with an underscore: `_vm`

warning: unused variable: `vm`
    --> crates\auto-lang\src\vm\ffi\stdlib.rs:4011:61
     |
4011 | pub fn shim_net_tcp_stream_set_nodelay(task: &mut AutoTask, vm: &AutoVM) -> Result<(), VMError> {
     |                                                             ^^ help: if this is intentional, prefix it with an underscore: `_vm`

warning: unused variable: `vm`
    --> crates\auto-lang\src\vm\ffi\stdlib.rs:4143:46
     |
4143 | pub fn shim_http_server(task: &mut AutoTask, vm: &AutoVM) -> Result<(), VMError> {
     |                                              ^^ help: if this is intentional, prefix it with an underscore: `_vm`

warning: unused variable: `vm`
    --> crates\auto-lang\src\vm\ffi\stdlib.rs:4762:48
     |
4762 | pub fn shim_http_response(task: &mut AutoTask, vm: &AutoVM) -> Result<(), VMError> {
     |                                                ^^ help: if this is intentional, prefix it with an underscore: `_vm`

warning: unused variable: `vm`
    --> crates\auto-lang\src\vm\ffi\stdlib.rs:4775:55
     |
4775 | pub fn shim_http_response_status(task: &mut AutoTask, vm: &AutoVM) -> Result<(), VMError> {
     |                                                       ^^ help: if this is intentional, prefix it with an underscore: `_vm`

warning: unused variable: `vm`
    --> crates\auto-lang\src\vm\ffi\stdlib.rs:4899:50
     |
4899 | pub fn shim_http_rate_limit(task: &mut AutoTask, vm: &AutoVM) -> Result<(), VMError> {
     |                                                  ^^ help: if this is intentional, prefix it with an underscore: `_vm`

warning: unused variable: `vm`
    --> crates\auto-lang\src\vm\ffi\stdlib.rs:6115:55
     |
6115 | pub fn shim_response_status_code(task: &mut AutoTask, vm: &AutoVM) -> Result<(), VMError> {
     |                                                       ^^ help: if this is intentional, prefix it with an underscore: `_vm`

warning: unused variable: `vm`
    --> crates\auto-lang\src\vm\ffi\stdlib.rs:7827:51
     |
7827 | pub fn shim_http_last_status(task: &mut AutoTask, vm: &AutoVM) -> Result<(), VMError> {
     |                                                   ^^ help: if this is intentional, prefix it with an underscore: `_vm`

warning: unused variable: `vm`
    --> crates\auto-lang\src\vm\ffi\stdlib.rs:7859:47
     |
7859 | pub fn shim_http_listen(_task: &mut AutoTask, vm: &AutoVM) -> Result<(), VMError> {
     |                                               ^^ help: if this is intentional, prefix it with an underscore: `_vm`

warning: variable does not need to be mutable
    --> crates\auto-lang\src\vm\ffi\http_server.rs:3895:5
     |
3895 |     mut ctx: DispatchCtx,
     |     ----^^^
     |     |
     |     help: remove this `mut`

warning: unused variable: `stream_id`
   --> crates\auto-lang\src\vm\ffi\http_stream.rs:394:5
    |
394 |     stream_id: u64,
    |     ^^^^^^^^^ help: if this is intentional, prefix it with an underscore: `_stream_id`

warning: unused variable: `mod_ast`
    --> crates\auto-lang\src\lib.rs:3252:20
     |
3252 |             let Ok(mod_ast) = parser.parse() else { continue };
     |                    ^^^^^^^ help: if this is intentional, prefix it with an underscore: `_mod_ast`

warning: taking a mutable reference to a `const` item
    --> crates\auto-lang\src\lib.rs:6042:54
     |
6042 |         scan_at_files(&src_root, &mut type_store, 0, &mut SCAN_MAX_FILES);
     |                                                      ^^^^^^^^^^^^^^^^^^^
     |
     = note: each usage of a `const` item creates a new temporary
     = note: the mutable reference will refer to this temporary, not the original `const` item
note: `const` item defined here
    --> crates\auto-lang\src\lib.rs:5992:9
     |
5992 |         const SCAN_MAX_FILES: usize = 400;
     |         ^^^^^^^^^^^^^^^^^^^^^^^^^^^
     = note: `#[warn(const_item_mutation)]` on by default

warning: unused variable: `ext`
   --> crates\auto-lang\src\ui\code_editor\core\highlight.rs:337:14
    |
337 |     let Some(ext) = lang_to_extension(lang) else {
    |              ^^^ help: if this is intentional, prefix it with an underscore: `_ext`

warning: variable does not need to be mutable
   --> crates\auto-lang\src\ui\code_editor\diff\envelope.rs:307:9
    |
307 |     let mut push_row = |rows: &mut Vec<Row>, row_idx: &mut usize, row: Row| {
    |         ----^^^^^^^^
    |         |
    |         help: remove this `mut`

warning: variable does not need to be mutable
   --> crates\auto-lang\src\ui\vm_bridge.rs:851:21
    |
851 |                 let mut od = crate::vm::types::ObjectData::new();
    |                     ----^^
    |                     |
    |                     help: remove this `mut`

warning: unused variable: `g`
    --> crates\auto-lang\src\ui\vm_bridge.rs:1244:25
     |
1244 |                     let g = obj.read().unwrap();
     |                         ^ help: if this is intentional, prefix it with an underscore: `_g`

warning: unused variable: `name`
    --> crates\auto-lang\src\ui\vm_bridge.rs:1487:14
     |
1487 |         for (name, val) in result.iter_mut() {
     |              ^^^^ help: if this is intentional, prefix it with an underscore: `_name`

warning: unused variable: `state_dot`
    --> crates\auto-lang\src\ui\handler_codegen.rs:1082:9
     |
1082 |     let state_dot = |field: &str| {
     |         ^^^^^^^^^ help: if this is intentional, prefix it with an underscore: `_state_dot`

warning: unused variable: `store_fields`
    --> crates\auto-lang\src\ui\handler_codegen.rs:1955:5
     |
1955 |     store_fields: &HashMap<String, Vec<String>>,
     |     ^^^^^^^^^^^^ help: if this is intentional, prefix it with an underscore: `_store_fields`

warning: unused variable: `store_widget_names`
    --> crates\auto-lang\src\ui\handler_codegen.rs:1956:5
     |
1956 |     store_widget_names: &HashMap<String, String>,
     |     ^^^^^^^^^^^^^^^^^^ help: if this is intentional, prefix it with an underscore: `_store_widget_names`

warning: unused variable: `app_root`
    --> crates\auto-lang\src\ui\session.rs:3931:26
     |
3931 |         let (child_name, app_root) = Self::outproc_child_identity(&spec, name);
     |                          ^^^^^^^^ help: if this is intentional, prefix it with an underscore: `_app_root`

warning: variable does not need to be mutable
   --> crates\auto-lang\src\ui\desktop_protocol\client_entry.rs:151:17
    |
151 |             let mut projector = RqProjector::new(component, opts.width, opts.height);
    |                 ----^^^^^^^^^
    |                 |
    |                 help: remove this `mut`

warning: unused variable: `e`
   --> crates\auto-lang\src\ui\desktop_protocol\client_runtime.rs:549:26
    |
549 |                 Some(Err(e)) => {
    |                          ^ help: if this is intentional, prefix it with an underscore: `_e`

warning: unreachable pattern
   --> crates\auto-lang\src\ui\desktop_protocol\coverage.rs:859:9
    |
783 |         SC::Opacity(_) => "opacity-50".into(),
    |         -------------- matches all the relevant values
...
859 |         SC::Opacity(_) => "opacity-50".into(),
    |         ^^^^^^^^^^^^^^ no value can reach this

warning: unused variable: `component`
   --> crates\auto-lang\src\ui\desktop_protocol\coverage.rs:927:5
    |
927 |     component: &crate::ui::dynamic::DynamicComponent,
    |     ^^^^^^^^^ help: if this is intentional, prefix it with an underscore: `_component`

warning: unreachable pattern
    --> crates\auto-lang\src\ui\desktop_protocol\native_projector.rs:2921:9
     |
2886 |         StyleClass::GradientFrom(c) => s.bg = s.bg.or(resolve_typed_color(c)),
     |         --------------------------- matches all the relevant values
...
2921 |         StyleClass::GradientFrom(c) => s.grad_from = resolve_typed_color(c),
     |         ^^^^^^^^^^^^^^^^^^^^^^^^^^^ no value can reach this

warning: variable does not need to be mutable
   --> crates\auto-lang\src\ui\desktop_protocol\rqhost.rs:651:5
    |
651 |     mut end: Box<dyn Transport + Send>,
    |     ----^^^
    |     |
    |     help: remove this `mut`

warning: variable does not need to be mutable
  --> crates\auto-lang\src\ui\desktop_protocol\render_cli.rs:99:13
   |
99 |         let mut next = |i: &mut usize, flag: &str| -> Result<String, String> {
   |             ----^^^^
   |             |
   |             help: remove this `mut`

warning: variable does not need to be mutable
   --> crates\auto-lang\src\ui\desktop_protocol\shell_client.rs:287:13
    |
287 |         let mut chrome =
    |             ----^^^^^^
    |             |
    |             help: remove this `mut`

warning: variable does not need to be mutable
   --> crates\auto-lang\src\ui\desktop_protocol\shell_client.rs:289:13
    |
289 |         let mut background =
    |             ----^^^^^^^^^^
    |             |
    |             help: remove this `mut`

warning: unused variable: `pid`
    --> crates\auto-lang\src\ui\native_dock\win32.rs:2073:30
     |
2073 | pub fn main_window_minimized(pid: u32) -> bool {
     |                              ^^^ help: if this is intentional, prefix it with an underscore: `_pid`

warning: variable does not need to be mutable
   --> crates\auto-lang\src\ui\snapshot_builder.rs:305:21
    |
305 |                 let mut props = vec![
    |                     ----^^^^^
    |                     |
    |                     help: remove this `mut`

warning: unused variable: `shared_handle`
    --> crates\auto-lang\src\ui\mcp_server.rs:1274:22
     |
1274 | fn tool_editor_state(shared_handle: &SharedStateHandle, args: serde_json::Value) -> serde_json::Value {
     |                      ^^^^^^^^^^^^^ help: if this is intentional, prefix it with an underscore: `_shared_handle`

warning: unused variable: `ids`
    --> crates\auto-lang\src\ui\mcp_server.rs:4075:13
     |
4075 |         let ids: Vec<String> = matches.iter()
     |             ^^^ help: if this is intentional, prefix it with an underscore: `_ids`

warning: unused variable: `stripped`
   --> crates\auto-lang\src\ui\aura_view_builder.rs:895:21
    |
895 |                 let stripped = store_field.as_deref().unwrap_or(stripped);
    |                     ^^^^^^^^ help: if this is intentional, prefix it with an underscore: `_stripped`

warning: unused variable: `index`
    --> crates\auto-lang\src\ui\aura_view_builder.rs:1244:9
     |
1244 |         index: &Option<String>,
     |         ^^^^^ help: if this is intentional, prefix it with an underscore: `_index`

warning: unused variable: `stripped`
    --> crates\auto-lang\src\ui\aura_view_builder.rs:7578:13
     |
7578 |         let stripped = store_field.as_deref().unwrap_or(stripped);
     |             ^^^^^^^^ help: if this is intentional, prefix it with an underscore: `_stripped`

warning: unreachable pattern
     --> crates\auto-lang\src\ui\aura_view_builder.rs:12198:13
      |
12122 |             Expr::Bina(_, Op::Add, _) => {
      |             ------------------------- matches all the relevant values
...
12198 |             Expr::Bina(l, Op::Add, r) => format!(
      |             ^^^^^^^^^^^^^^^^^^^^^^^^^ no value can reach this

warning: unused variable: `cond`
     --> crates\auto-lang\src\ui\aura_view_builder.rs:12735:13
      |
12735 |         let cond = condition.trim();
      |             ^^^^ help: if this is intentional, prefix it with an underscore: `_cond`

warning: unused variable: `keymap`
    --> crates\auto-lang\src\ui\iced\renderer.rs:4971:95
     |
4971 |             AbstractView::Textarea { placeholder, value, on_change, on_submit, height, style, keymap, .. } => {
     |                                                                                               ^^^^^^ help: try ignoring the field: `keymap: _`

warning: variable does not need to be mutable
    --> crates\auto-lang\src\ui\iced\renderer.rs:9161:9
     |
9161 |     let mut lock = match guard.lock() {
     |         ----^^^^
     |         |
     |         help: remove this `mut`

warning: variable does not need to be mutable
     --> crates\auto-lang\src\ui\iced\renderer.rs:10615:14
      |
10615 |     let Some(mut v) = state.split_mut(app_id) else {
      |              ----^
      |              |
      |              help: remove this `mut`

warning: variable does not need to be mutable
     --> crates\auto-lang\src\ui\iced\renderer.rs:11200:13
      |
11200 |         let mut app = state.apps.get_mut(&launcher).expect("launcher mounted");
      |             ----^^^
      |             |
      |             help: remove this `mut`

warning: unused variable: `dragged_slot`
     --> crates\auto-lang\src\ui\iced\renderer.rs:15381:9
      |
15381 |     let dragged_slot = cells
      |         ^^^^^^^^^^^^ help: if this is intentional, prefix it with an underscore: `_dragged_slot`

warning: variable does not need to be mutable
     --> crates\auto-lang\src\ui\iced\renderer.rs:20988:36
      |
20988 |                         let (exit, mut tasks) = drain_and_execute_desktop_commands(state);
      |                                    ----^^^^^
      |                                    |
      |                                    help: remove this `mut`

warning: variable does not need to be mutable
     --> crates\auto-lang\src\ui\iced\renderer.rs:21010:36
      |
21010 |                         let (exit, mut tasks) = drain_and_execute_desktop_commands(state);
      |                                    ----^^^^^
      |                                    |
      |                                    help: remove this `mut`

warning: variable does not need to be mutable
     --> crates\auto-lang\src\ui\iced\renderer.rs:21057:32
      |
21057 |                     let (exit, mut tasks) = drain_and_execute_desktop_commands(state);
      |                                ----^^^^^
      |                                |
      |                                help: remove this `mut`

warning: variable does not need to be mutable
     --> crates\auto-lang\src\ui\iced\renderer.rs:23315:13
      |
23315 |         let mut buf = state.app.devtools.console_buffer.lock().unwrap();
      |             ----^^^
      |             |
      |             help: remove this `mut`

warning: variable does not need to be mutable
     --> crates\auto-lang\src\ui\iced\renderer.rs:25507:15
      |
25507 | fn apply_edit(mut state: crate::ui::session::SessionViewMut) {
      |               ----^^^^^
      |               |
      |               help: remove this `mut`

warning: unused variable: `on_change`
     --> crates\auto-lang\src\ui\iced\renderer.rs:26115:5
      |
26115 |     on_change: Option<M>,
      |     ^^^^^^^^^ help: if this is intentional, prefix it with an underscore: `_on_change`

warning: unused variable: `placeholder`
     --> crates\auto-lang\src\ui\iced\renderer.rs:26117:5
      |
26117 |     placeholder: Option<String>,
      |     ^^^^^^^^^^^ help: if this is intentional, prefix it with an underscore: `_placeholder`

warning: unreachable pattern
     --> crates\auto-lang\src\ui\iced\renderer.rs:26422:9
      |
26404 |         AbstractView::Popover { anchor, content, .. } => {
      |         --------------------------------------------- matches all the relevant values
...
26422 |         AbstractView::Popover { anchor, content, .. } => {
      |         ^^^^^^^^^^^^^^^^^^^^^^^^^^^^^^^^^^^^^^^^^^^^^ no value can reach this

warning: unused variable: `key`
     --> crates\auto-lang\src\ui\iced\renderer.rs:27343:40
      |
27343 |         AbstractView::AutodownEditor { key, value, is_final, on_change, on_focus, placeholder, style: _ } => {
      |                                        ^^^ help: try ignoring the field: `key: _`

warning: unused variable: `is_final`
     --> crates\auto-lang\src\ui\iced\renderer.rs:27343:52
      |
27343 |         AbstractView::AutodownEditor { key, value, is_final, on_change, on_focus, placeholder, style: _ } => {
      |                                                    ^^^^^^^^ help: try ignoring the field: `is_final: _`

warning: unused variable: `on_change`
     --> crates\auto-lang\src\ui\iced\renderer.rs:27343:62
      |
27343 |         AbstractView::AutodownEditor { key, value, is_final, on_change, on_focus, placeholder, style: _ } => {
      |                                                              ^^^^^^^^^ help: try ignoring the field: `on_change: _`

warning: unused variable: `placeholder`
     --> crates\auto-lang\src\ui\iced\renderer.rs:27343:83
      |
27343 |         AbstractView::AutodownEditor { key, value, is_final, on_change, on_focus, placeholder, style: _ } => {
      |                                                                                   ^^^^^^^^^^^ help: try ignoring the field: `placeholder: _`

warning: unused variable: `tick_msg`
     --> crates\auto-lang\src\ui\iced\renderer.rs:28747:19
      |
28747 |     let (tick_ms, tick_msg) = (tick.tick_interval_ms(), tick.tick_msg());
      |                   ^^^^^^^^ help: if this is intentional, prefix it with an underscore: `_tick_msg`

warning: unused variable: `interval`
     --> crates\auto-lang\src\ui\iced\renderer.rs:28748:9
      |
28748 |     let interval = tick_ms.map(|ms| std::time::Duration::from_millis(ms as u64));
      |         ^^^^^^^^ help: if this is intentional, prefix it with an underscore: `_interval`

warning: variable does not need to be mutable
   --> crates\auto-lang\src\ui\iced\table_resize.rs:193:17
    |
193 |             let mut lay_row =
    |                 ----^^^^^^^
    |                 |
    |                 help: remove this `mut`

warning: type `TodoItem` is more private than the item `ui::session::AppState::todos`
    --> crates\auto-lang\src\ui\session.rs:49:5
     |
  49 |     pub todos: Vec<TodoItem>,
     |     ^^^^^^^^^^^^^^^^^^^^^^^^ field `ui::session::AppState::todos` is reachable at visibility `pub`
     |
note: but type `TodoItem` is only usable at visibility `pub(crate)`
    --> crates\auto-lang\src\ui\iced\renderer.rs:7545:1
     |
7545 | pub(crate) struct TodoItem {
     | ^^^^^^^^^^^^^^^^^^^^^^^^^^
     = note: `#[warn(private_interfaces)]` on by default

warning: type `DebugElementInfo` is more private than the item `ui::session::DevToolsState::debug_element_styles`
     --> crates\auto-lang\src\ui\session.rs:150:5
      |
  150 |     pub debug_element_styles: RefCell<HashMap<String, DebugElementInfo>>,
      |     ^^^^^^^^^^^^^^^^^^^^^^^^^^^^^^^^^^^^^^^^^^^^^^^^^^^^^^^^^^^^^^^^^^^^ field `ui::session::DevToolsState::debug_element_styles` is reachable at visibility `pub`
      |
note: but type `DebugElementInfo` is only usable at visibility `pub(crate)`
     --> crates\auto-lang\src\ui\iced\renderer.rs:25667:1
      |
25667 | pub(crate) struct DebugElementInfo {
      | ^^^^^^^^^^^^^^^^^^^^^^^^^^^^^^^^^^

warning: type `InspectorSubTab` is more private than the item `ui::session::DevToolsState::inspector_subtab`
     --> crates\auto-lang\src\ui\session.rs:155:5
      |
  155 |     pub inspector_subtab: RefCell<InspectorSubTab>,
      |     ^^^^^^^^^^^^^^^^^^^^^^^^^^^^^^^^^^^^^^^^^^^^^^ field `ui::session::DevToolsState::inspector_subtab` is reachable at visibility `pub`
      |
note: but type `InspectorSubTab` is only usable at visibility `pub(crate)`
     --> crates\auto-lang\src\ui\iced\renderer.rs:10517:1
      |
10517 | pub(crate) enum InspectorSubTab {
      | ^^^^^^^^^^^^^^^^^^^^^^^^^^^^^^^

warning: type `InspectorSections` is more private than the item `ui::session::DevToolsState::inspector_sections`
     --> crates\auto-lang\src\ui\session.rs:156:5
      |
  156 |     pub inspector_sections: RefCell<InspectorSections>,
      |     ^^^^^^^^^^^^^^^^^^^^^^^^^^^^^^^^^^^^^^^^^^^^^^^^^^ field `ui::session::DevToolsState::inspector_sections` is reachable at visibility `pub`
      |
note: but type `InspectorSections` is only usable at visibility `pub(crate)`
     --> crates\auto-lang\src\ui\iced\renderer.rs:10557:1
      |
10557 | pub(crate) struct InspectorSections {
      | ^^^^^^^^^^^^^^^^^^^^^^^^^^^^^^^^^^^

warning: type `DevToolsTab` is more private than the item `ui::session::DevToolsState::devtools_tab`
     --> crates\auto-lang\src\ui\session.rs:158:5
      |
  158 |     pub devtools_tab: RefCell<DevToolsTab>,
      |     ^^^^^^^^^^^^^^^^^^^^^^^^^^^^^^^^^^^^^^ field `ui::session::DevToolsState::devtools_tab` is reachable at visibility `pub`
      |
note: but type `DevToolsTab` is only usable at visibility `pub(crate)`
     --> crates\auto-lang\src\ui\iced\renderer.rs:10504:1
      |
10504 | pub(crate) enum DevToolsTab {
      | ^^^^^^^^^^^^^^^^^^^^^^^^^^^

warning: type `DebugTreeNode` is more private than the item `ui::session::DevToolsState::component_tree`
     --> crates\auto-lang\src\ui\session.rs:165:5
      |
  165 |     pub component_tree: RefCell<Option<DebugTreeNode>>,
      |     ^^^^^^^^^^^^^^^^^^^^^^^^^^^^^^^^^^^^^^^^^^^^^^^^^^ field `ui::session::DevToolsState::component_tree` is reachable at visibility `pub`
      |
note: but type `DebugTreeNode` is only usable at visibility `pub(crate)`
     --> crates\auto-lang\src\ui\iced\renderer.rs:25622:1
      |
25622 | pub(crate) struct DebugTreeNode {
      | ^^^^^^^^^^^^^^^^^^^^^^^^^^^^^^^

warning: type `ToastReq` is more private than the item `DesktopState::toasts`
     --> crates\auto-lang\src\ui\session.rs:301:5
      |
  301 |     pub toasts: RefCell<Vec<ToastReq>>,
      |     ^^^^^^^^^^^^^^^^^^^^^^^^^^^^^^^^^^ field `DesktopState::toasts` is reachable at visibility `pub`
      |
note: but type `ToastReq` is only usable at visibility `pub(crate)`
     --> crates\auto-lang\src\ui\iced\renderer.rs:10572:1
      |
10572 | pub(crate) struct ToastReq {
      | ^^^^^^^^^^^^^^^^^^^^^^^^^^

warning: type `NotificationEntry` is more private than the item `DesktopState::notifications`
   --> crates\auto-lang\src\ui\session.rs:316:5
    |
316 |     pub notifications: RefCell<Vec<NotificationEntry>>,
    |     ^^^^^^^^^^^^^^^^^^^^^^^^^^^^^^^^^^^^^^^^^^^^^^^^^^ field `DesktopState::notifications` is reachable at visibility `pub`
    |
note: but type `NotificationEntry` is only usable at visibility `pub(crate)`
   --> crates\auto-lang\src\ui\session.rs:274:1
    |
274 | pub(crate) struct NotificationEntry {
    | ^^^^^^^^^^^^^^^^^^^^^^^^^^^^^^^^^^^

warning: type `sendinput::Input` is more private than the item `unicode_inputs`
  --> crates\auto-lang\src\ui\desktop_protocol\sendinput.rs:89:1
   |
89 | pub fn unicode_inputs(text: &str) -> Vec<Input> {
   | ^^^^^^^^^^^^^^^^^^^^^^^^^^^^^^^^^^^^^^^^^^^^^^^ function `unicode_inputs` is reachable at visibility `pub`
   |
note: but type `sendinput::Input` is only usable at visibility `pub(self)`
  --> crates\auto-lang\src\ui\desktop_protocol\sendinput.rs:54:1
   |
54 | struct Input {
   | ^^^^^^^^^^^^

warning: type `sendinput::Input` is more private than the item `vk_inputs`
   --> crates\auto-lang\src\ui\desktop_protocol\sendinput.rs:100:1
    |
100 | pub fn vk_inputs(vk: u32) -> Vec<Input> {
    | ^^^^^^^^^^^^^^^^^^^^^^^^^^^^^^^^^^^^^^^ function `vk_inputs` is reachable at visibility `pub`
    |
note: but type `sendinput::Input` is only usable at visibility `pub(self)`
   --> crates\auto-lang\src\ui\desktop_protocol\sendinput.rs:54:1
    |
 54 | struct Input {
    | ^^^^^^^^^^^^

warning: type `sendinput::Input` is more private than the item `sendinput::send`
   --> crates\auto-lang\src\ui\desktop_protocol\sendinput.rs:106:1
    |
106 | pub fn send(inputs: &[Input]) -> u32 {
    | ^^^^^^^^^^^^^^^^^^^^^^^^^^^^^^^^^^^^ function `sendinput::send` is reachable at visibility `pub`
    |
note: but type `sendinput::Input` is only usable at visibility `pub(self)`
   --> crates\auto-lang\src\ui\desktop_protocol\sendinput.rs:54:1
    |
 54 | struct Input {
    | ^^^^^^^^^^^^

warning: type `PreviewCardUiState` is more private than the item `aura_view_builder::AuraViewBuilder::<'a>::with_preview_states`
   --> crates\auto-lang\src\ui\aura_view_builder.rs:423:5
    |
423 |     pub fn with_preview_states(mut self, states: &'a std::collections::HashMap<String, crate::ui::dynamic::PreviewCardUiState>) -> Self {
    |     ^^^^^^^^^^^^^^^^^^^^^^^^^^^^^^^^^^^^^^^^^^^^^^^^^^^^^^^^^^^^^^^^^^^^^^^^^^^^^^^^^^^^^^^^^^^^^^^^^^^^^^^^^^^^^^^^^^^^^^^^^^^^^^^^^^^ method `aura_view_builder::AuraViewBuilder::<'a>::with_preview_states` is reachable at visibility `pub`
    |
note: but type `PreviewCardUiState` is only usable at visibility `pub(crate)`
   --> crates\auto-lang\src\ui\dynamic.rs:355:1
    |
355 | pub(crate) struct PreviewCardUiState {
    | ^^^^^^^^^^^^^^^^^^^^^^^^^^^^^^^^^^^^

warning: constant `AUTO_LIB_FILES_V2` is never used
    --> crates\auto-lang\src\lib.rs:1893:18
     |
1893 | pub(crate) const AUTO_LIB_FILES_V2: &[&str] = &[
     |                  ^^^^^^^^^^^^^^^^^
     |
     = note: `#[warn(dead_code)]` (part of `#[warn(unused)]`) on by default

warning: function `aavm2_lib_source` is never used
    --> crates\auto-lang\src\lib.rs:1909:15
     |
1909 | pub(crate) fn aavm2_lib_source(project_root: &std::path::Path) -> AutoResult<String> {
     |               ^^^^^^^^^^^^^^^^

warning: function `extract_api_imports_from_ast` is never used
    --> crates\auto-lang\src\lib.rs:6759:4
     |
6759 | fn extract_api_imports_from_ast(code: &crate::ast::Code) -> Vec<String> {
     |    ^^^^^^^^^^^^^^^^^^^^^^^^^^^^

warning: function `is_api_use_stmt` is never used
    --> crates\auto-lang\src\lib.rs:6772:4
     |
6772 | fn is_api_use_stmt(use_stmt: &crate::ast::Use) -> bool {
     |    ^^^^^^^^^^^^^^^

warning: method `has_subscribers` is never used
    --> crates\auto-lang\src\back_proxy.rs:1118:8
     |
1102 | impl SessionBus {
     | --------------- method in this implementation
...
1118 |     fn has_subscribers(&self) -> bool {
     |        ^^^^^^^^^^^^^^^

warning: function `key_of` is never used
   --> crates\auto-lang\src\ui_gen\vue.rs:198:8
    |
198 |     fn key_of(node: &AuraNode) -> Option<String> {
    |        ^^^^^^

warning: struct `EnvGuard` is never constructed
   --> crates\auto-lang\src\ui_gen\bp\registry.rs:370:12
    |
370 |     struct EnvGuard(&'static str);
    |            ^^^^^^^^

warning: associated function `set` is never used
   --> crates\auto-lang\src\ui_gen\bp\registry.rs:372:12
    |
371 |     impl EnvGuard {
    |     ------------- associated function in this implementation
372 |         fn set(var: &'static str, value: &std::ffi::OsStr) -> Self {
    |            ^^^

warning: associated function `collect_pattern_idents` is never used
     --> crates\auto-lang\src\trans\rust.rs:21068:8
      |
  485 | impl RustTrans {
      | -------------- associated function in this implementation
...
21068 |     fn collect_pattern_idents(expr: &Expr, out: &mut HashSet<AutoStr>) {
      |        ^^^^^^^^^^^^^^^^^^^^^^

warning: function `test_a2p` is never used
    --> crates\auto-lang\src\trans\python.rs:2599:8
     |
2599 |     fn test_a2p(case: &str) -> AutoResult<()> {
     |        ^^^^^^^^

warning: function `pop_str_idx` is never used
  --> crates\auto-lang\src\vm\engine.rs:91:4
   |
91 | fn pop_str_idx(ram: &mut VirtualRAM) -> usize {
   |    ^^^^^^^^^^^

warning: methods `decode_tagged_value` and `intern_string` are never used
    --> crates\auto-lang\src\vm\engine.rs:936:8
     |
 695 | impl AutoVM {
     | ----------- methods in this implementation
...
 936 |     fn decode_tagged_value(&self, raw: i32) -> auto_val::Value {
     |        ^^^^^^^^^^^^^^^^^^^
...
1122 |     fn intern_string(&mut self, bytes: &[u8]) -> usize {
     |        ^^^^^^^^^^^^^

warning: function `vm_with` is never used
     --> crates\auto-lang\src\vm\engine.rs:11733:8
      |
11733 |     fn vm_with(code: Vec<u8>) -> AutoVM {
      |        ^^^^^^^

warning: function `pop_str` is never used
     --> crates\auto-lang\src\vm\engine.rs:11737:8
      |
11737 |     fn pop_str(vm: &AutoVM, task: &mut AutoTask) -> String {
      |        ^^^^^^^

warning: function `vm_idle` is never used
     --> crates\auto-lang\src\vm\engine.rs:11791:8
      |
11791 |     fn vm_idle() -> AutoVM {
      |        ^^^^^^^

warning: function `vm_with` is never used
     --> crates\auto-lang\src\vm\engine.rs:11868:8
      |
11868 |     fn vm_with(code: Vec<u8>) -> AutoVM {
      |        ^^^^^^^

warning: function `push_result_instance` is never used
     --> crates\auto-lang\src\vm\engine.rs:11872:8
      |
11872 |     fn push_result_instance(vm: &AutoVM, task: &mut AutoTask, kind: &str, field: auto_val::Value) {
      |        ^^^^^^^^^^^^^^^^^^^^

warning: field `req_id` is never read
    --> crates\auto-lang\src\vm\ffi\stdlib.rs:7008:5
     |
7004 | struct HttpJsonJob {
     |        ----------- field in this struct
...
7008 |     req_id: u64,
     |     ^^^^^^

warning: function `http_status_reason` is never used
   --> crates\auto-lang\src\vm\ffi\http_server.rs:480:4
    |
480 | fn http_status_reason(code: u16) -> &'static str {
    |    ^^^^^^^^^^^^^^^^^^

warning: field `0` is never read
    --> crates\auto-lang\src\vm\ffi\http_server.rs:5282:12
     |
5282 |     Future(u32),
     |     ------ ^^^
     |     |
     |     field in this variant
     |
help: consider changing the field to be of unit type to suppress this warning while preserving the field numbering, or remove the field
     |
5282 -     Future(u32),
5282 +     Future(()),
     |

warning: function `stream_remove` is never used
   --> crates\auto-lang\src\vm\ffi\http_stream.rs:311:15
    |
311 | pub(crate) fn stream_remove(stream_id: u64) {
    |               ^^^^^^^^^^^^^

warning: field `root` is never read
   --> crates\auto-lang\src\ui\image_pipeline.rs:983:5
    |
981 | struct MediaSession {
    |        ------------ field in this struct
982 |     id: String,
983 |     root: PathBuf,
    |     ^^^^
    |
    = note: `MediaSession` has a derived impl for the trait `Debug`, but this is intentionally ignored during dead code analysis

warning: method `take_scroll_bind_suppress` is never used
   --> crates\auto-lang\src\ui\terminal\mod.rs:360:19
    |
254 | impl TerminalCore {
    | ----------------- method in this implementation
...
360 |     pub(crate) fn take_scroll_bind_suppress(&self) -> bool {
    |                   ^^^^^^^^^^^^^^^^^^^^^^^^^

warning: constant `DEFAULT_FG` is never used
   --> crates\auto-lang\src\ui\terminal\iced\widget.rs:102:7
    |
102 | const DEFAULT_FG: Color = Color::from_rgb8(0xe8, 0xe8, 0xe8);
    |       ^^^^^^^^^^

warning: function `row_rebuilds` is never used
   --> crates\auto-lang\src\ui\terminal\iced\widget.rs:160:15
    |
160 | pub(crate) fn row_rebuilds() -> u64 {
    |               ^^^^^^^^^^^^

warning: function `row_rebuilds_reset` is never used
   --> crates\auto-lang\src\ui\terminal\iced\widget.rs:165:15
    |
165 | pub(crate) fn row_rebuilds_reset() -> u64 {
    |               ^^^^^^^^^^^^^^^^^^

warning: associated function `view_y_to_offset` is never used
   --> crates\auto-lang\src\ui\terminal\iced\widget.rs:433:19
    |
370 | impl<M: Clone> Terminal<M> {
    | -------------------------- associated function in this implementation
...
433 |     pub(crate) fn view_y_to_offset(view_y: f32, history: usize) -> usize {
    |                   ^^^^^^^^^^^^^^^^

warning: method `retain_heap_result` is never used
    --> crates\auto-lang\src\ui\vm_bridge.rs:2550:8
     |
 557 | impl VmBridge {
     | ------------- method in this implementation
...
2550 |     fn retain_heap_result(&self, out: &Value) {
     |        ^^^^^^^^^^^^^^^^^^

warning: function `rewrite_stmt` is never used
   --> crates\auto-lang\src\ui\handler_codegen.rs:338:4
    |
338 | fn rewrite_stmt(stmt: &mut Stmt, state_fields: &HashSet<String>) {
    |    ^^^^^^^^^^^^

warning: function `synthesize_handler_fn_from_decl` is never used
    --> crates\auto-lang\src\ui\handler_codegen.rs:1819:4
     |
1819 | fn synthesize_handler_fn_from_decl(
     |    ^^^^^^^^^^^^^^^^^^^^^^^^^^^^^^^

warning: function `skeleton_children` is never used
   --> crates\auto-lang\src\ui\memo_deps.rs:941:4
    |
941 | fn skeleton_children(children: &[AuraNode], h: &mut std::collections::hash_map::DefaultHasher) {
    |    ^^^^^^^^^^^^^^^^^

warning: constant `INPUT_H` is never used
   --> crates\auto-lang\src\ui\desktop_protocol\client_runtime.rs:113:7
    |
113 | const INPUT_H: f32 = 32.0;
    |       ^^^^^^^

warning: constant `INPUT_PAD` is never used
   --> crates\auto-lang\src\ui\desktop_protocol\client_runtime.rs:114:7
    |
114 | const INPUT_PAD: f32 = 10.0;
    |       ^^^^^^^^^

warning: field `font_italic` is never read
   --> crates\auto-lang\src\ui\desktop_protocol\client_runtime.rs:149:16
    |
124 | pub(crate) struct NodeStyle {
    |                   --------- field in this struct
...
149 |     pub(crate) font_italic: bool,
    |                ^^^^^^^^^^^
    |
    = note: `NodeStyle` has a derived impl for the trait `Clone`, but this is intentionally ignored during dead code analysis

warning: function `handler_token` is never used
   --> crates\auto-lang\src\ui\desktop_protocol\client_runtime.rs:230:4
    |
230 | fn handler_token(pattern: &str) -> Option<String> {
    |    ^^^^^^^^^^^^^

warning: function `fstr_template_and_bindings` is never used
   --> crates\auto-lang\src\ui\desktop_protocol\client_runtime.rs:245:4
    |
245 | fn fstr_template_and_bindings(expr: &Expr) -> (String, Vec<String>) {
    |    ^^^^^^^^^^^^^^^^^^^^^^^^^^

warning: function `interpolate` is never used
   --> crates\auto-lang\src\ui\desktop_protocol\client_runtime.rs:283:4
    |
283 | fn interpolate(comp: &DynamicComponent, template: &str, bindings: &[String]) -> String {
    |    ^^^^^^^^^^^

warning: function `format_value` is never used
   --> crates\auto-lang\src\ui\desktop_protocol\client_runtime.rs:297:4
    |
297 | fn format_value(value: &auto_val::Value) -> String {
    |    ^^^^^^^^^^^^

warning: static `PUMP_T0` is never used
   --> crates\auto-lang\src\ui\desktop_protocol\client_runtime.rs:472:8
    |
472 | static PUMP_T0: std::sync::OnceLock<std::time::Instant> = std::sync::OnceLock::new();
    |        ^^^^^^^

warning: function `t0` is never used
   --> crates\auto-lang\src\ui\desktop_protocol\client_runtime.rs:474:4
    |
474 | fn t0() -> std::time::Instant {
    |    ^^

warning: constant `CHILD_ENV` is never used
  --> crates\auto-lang\src\ui\desktop_protocol\dual_mode.rs:26:7
   |
26 | const CHILD_ENV: &str = "AUTO_386_CHILD_PIPE";
   |       ^^^^^^^^^

warning: constant `CHILD_MARKER` is never used
  --> crates\auto-lang\src\ui\desktop_protocol\dual_mode.rs:28:7
   |
28 | const CHILD_MARKER: &str = "AUTO386-STANDALONE";
   |       ^^^^^^^^^^^^

warning: constant `COUNTER_SRC` is never used
  --> crates\auto-lang\src\ui\desktop_protocol\dual_mode.rs:31:7
   |
31 | const COUNTER_SRC: &str = "widget SpawnCounter {\n    model { var count int = 0 }\n    view {\n        button \"+\" { onclick: () =>...
   |       ^^^^^^^^^^^

warning: struct `SpawnCounterSource` is never constructed
  --> crates\auto-lang\src\ui\desktop_protocol\dual_mode.rs:34:8
   |
34 | struct SpawnCounterSource {
   |        ^^^^^^^^^^^^^^^^^^

warning: associated items `new` and `count` are never used
  --> crates\auto-lang\src\ui\desktop_protocol\dual_mode.rs:41:8
   |
40 | impl SpawnCounterSource {
   | ----------------------- associated items in this implementation
41 |     fn new(component: DynamicComponent) -> Self {
   |        ^^^
...
45 |     fn count(&self) -> i64 {
   |        ^^^^^

warning: function `pump_host` is never used
  --> crates\auto-lang\src\ui\desktop_protocol\dual_mode.rs:99:4
   |
99 | fn pump_host(server_end: &mut Box<dyn Transport + Send>, ph: &mut ProtocolHost<'_>) {
   |    ^^^^^^^^^

warning: function `git_status_porcelain` is never used
    --> crates\auto-lang\src\ui\desktop_protocol\stage3.rs:6672:4
     |
6672 | fn git_status_porcelain(repo: &std::path::Path, scope: &str) -> Vec<String> {
     |    ^^^^^^^^^^^^^^^^^^^^

warning: struct `RestoreFiles` is never constructed
    --> crates\auto-lang\src\ui\desktop_protocol\stage3.rs:6686:8
     |
6686 | struct RestoreFiles(Vec<(std::path::PathBuf, Vec<u8>)>);
     |        ^^^^^^^^^^^^

warning: method `run` is never used
    --> crates\auto-lang\src\ui\desktop_protocol\stage3.rs:6689:8
     |
6688 | impl RestoreFiles {
     | ----------------- method in this implementation
6689 |     fn run(&self) {
     |        ^^^

warning: function `load_blue_test_icon` is never used
    --> crates\auto-lang\src\ui\native_dock\win32.rs:1841:4
     |
1841 | fn load_blue_test_icon() -> windows::Win32::UI::WindowsAndMessaging::HICON {
     |    ^^^^^^^^^^^^^^^^^^^

warning: function `parse_aura_id` is never used
    --> crates\auto-lang\src\ui\mcp_server.rs:3336:4
     |
3336 | fn parse_aura_id(s: &str) -> Option<AuraNodeId> {
     |    ^^^^^^^^^^^^^

warning: function `view_kind_str` is never used
    --> crates\auto-lang\src\ui\mcp_server.rs:3476:4
     |
3476 | fn view_kind_str(view: &View<DynamicMessage>) -> &'static str {
     |    ^^^^^^^^^^^^^

warning: multiple associated items are never used
     --> crates\auto-lang\src\ui\aura_view_builder.rs:3616:8
      |
  298 | impl<'a> AuraViewBuilder<'a> {
      | ---------------------------- associated items in this implementation
...
 3616 |     fn autodown_scroll_binding(
      |        ^^^^^^^^^^^^^^^^^^^^^^^
...
 3729 |     fn autodown_table_widths(
      |        ^^^^^^^^^^^^^^^^^^^^^
...
 3770 |     fn autodown_on_col_resize_binding(
      |        ^^^^^^^^^^^^^^^^^^^^^^^^^^^^^^
...
 3795 |     fn autodown_padding_class(
      |        ^^^^^^^^^^^^^^^^^^^^^^
...
 3814 |     fn autodown_placeholder(
      |        ^^^^^^^^^^^^^^^^^^^^
...
 3853 |     fn autodown_on_focus_binding(
      |        ^^^^^^^^^^^^^^^^^^^^^^^^^
...
 5321 |     fn icon_to_emoji(icon: &str) -> Option<&'static str> {
      |        ^^^^^^^^^^^^^
...
 5450 |     fn render_outlet(&self, bindings: &Bindings) -> View<DynamicMessage> {
      |        ^^^^^^^^^^^^^
...
 9308 |     fn modal_dialog_family(tag: &str) -> ModalDialogFamily {
      |        ^^^^^^^^^^^^^^^^^^^
...
13933 |     fn extract_f64(
      |        ^^^^^^^^^^^

warning: constant `LEADING_EMPTY` is never used
    --> crates\auto-lang\src\ui\aura_view_builder.rs:9191:35
     |
9191 | ...                   const LEADING_EMPTY: &str = "w-4 h-4 shrink-0";
     |                             ^^^^^^^^^^^^^

warning: function `svg_attr_literal` is never used
     --> crates\auto-lang\src\ui\aura_view_builder.rs:20357:4
      |
20357 | fn svg_attr_literal(expr: &Expr) -> Option<String> {
      |    ^^^^^^^^^^^^^^^^

warning: function `vf_widget` is never used
     --> crates\auto-lang\src\ui\aura_view_builder.rs:23960:8
      |
23960 |     fn vf_widget() -> AuraWidget {
      |        ^^^^^^^^^

warning: function `vf_row` is never used
     --> crates\auto-lang\src\ui\aura_view_builder.rs:24000:8
      |
24000 |     fn vf_row(id: i32, name: &str) -> Value {
      |        ^^^^^^

warning: function `vf_rows` is never used
     --> crates\auto-lang\src\ui\aura_view_builder.rs:24007:8
      |
24007 |     fn vf_rows(rows: &[Value]) -> Value {
      |        ^^^^^^^

warning: function `vf_node` is never used
     --> crates\auto-lang\src\ui\aura_view_builder.rs:24011:8
      |
24011 |     fn vf_node() -> AuraNode {
      |        ^^^^^^^

warning: function `vf_build` is never used
     --> crates\auto-lang\src\ui\aura_view_builder.rs:24026:8
      |
24026 |     fn vf_build(bridge: &VmBridge, node: &AuraNode) -> String {
      |        ^^^^^^^^

warning: function `vf_kinds` is never used
     --> crates\auto-lang\src\ui\aura_view_builder.rs:24032:8
      |
24032 |     fn vf_kinds(bridge: &VmBridge) -> (u64, u64, u64) {
      |        ^^^^^^^^

warning: function `sig_widget` is never used
     --> crates\auto-lang\src\ui\aura_view_builder.rs:24169:8
      |
24169 |     fn sig_widget(computed: AuraComputed) -> AuraWidget {
      |        ^^^^^^^^^^

warning: function `inline_mirror` is never used
     --> crates\auto-lang\src\ui\aura_view_builder.rs:24210:8
      |
24210 |     fn inline_mirror() -> AuraComputed {
      |        ^^^^^^^^^^^^^

warning: function `block_mirror` is never used
     --> crates\auto-lang\src\ui\aura_view_builder.rs:24218:8
      |
24218 |     fn block_mirror() -> AuraComputed {
      |        ^^^^^^^^^^^^

warning: function `sig_view` is never used
     --> crates\auto-lang\src\ui\aura_view_builder.rs:24232:8
      |
24232 |     fn sig_view() -> AuraNode {
      |        ^^^^^^^^

warning: function `sig_build` is never used
     --> crates\auto-lang\src\ui\aura_view_builder.rs:24237:8
      |
24237 |     fn sig_build(bridge: &VmBridge, computed: &[AuraComputed], node: &AuraNode) -> String {
      |        ^^^^^^^^^

warning: function `sig_counts` is never used
     --> crates\auto-lang\src\ui\aura_view_builder.rs:24244:8
      |
24244 |     fn sig_counts(bridge: &VmBridge) -> (u64, u64) {
      |        ^^^^^^^^^^

warning: function `conv_widget` is never used
     --> crates\auto-lang\src\ui\aura_view_builder.rs:24354:8
      |
24354 |     fn conv_widget() -> AuraWidget {
      |        ^^^^^^^^^^^

warning: function `conv_menubar` is never used
     --> crates\auto-lang\src\ui\aura_view_builder.rs:24399:8
      |
24399 |     fn conv_menubar(memo: bool) -> AuraNode {
      |        ^^^^^^^^^^^^

warning: function `conv_build` is never used
     --> crates\auto-lang\src\ui\aura_view_builder.rs:24418:8
      |
24418 |     fn conv_build(
      |        ^^^^^^^^^^

warning: function `onkeydown_suffix` is never used
    --> crates\auto-lang\src\ui\dynamic.rs:3058:4
     |
3058 | fn onkeydown_suffix(event_key: &str) -> Option<&str> {
     |    ^^^^^^^^^^^^^^^^

warning: variants `Handler` and `Swallow` are never constructed
   --> crates\auto-lang\src\ui\iced\renderer.rs:153:5
    |
138 | enum LineEditOp {
    |      ---------- variants in this enum
...
153 |     Handler,
    |     ^^^^^^^
...
161 |     Swallow,
    |     ^^^^^^^
    |
    = note: `LineEditOp` has derived impls for the traits `Clone` and `Debug`, but these are intentionally ignored during dead code analysis

warning: function `table_cell_container` is never used
    --> crates\auto-lang\src\ui\iced\renderer.rs:1578:4
     |
1578 | fn table_cell_container<'a, M: 'static>(
     |    ^^^^^^^^^^^^^^^^^^^^

warning: function `col_fixed_width` is never used
    --> crates\auto-lang\src\ui\iced\renderer.rs:1597:4
     |
1597 | fn col_fixed_width(col_widths: Option<&[f32]>, col: usize) -> Option<f32> {
     |    ^^^^^^^^^^^^^^^

warning: function `table_row_rule` is never used
    --> crates\auto-lang\src\ui\iced\renderer.rs:1603:4
     |
1603 | fn table_row_rule<M: 'static>() -> iced::Element<'static, M> {
     |    ^^^^^^^^^^^^^^

warning: function `build_floating_layer` is never used
    --> crates\auto-lang\src\ui\iced\renderer.rs:3054:4
     |
3054 | fn build_floating_layer<M: Clone + Debug + 'static>(
     |    ^^^^^^^^^^^^^^^^^^^^

warning: function `build_floating_layer_capture` is never used
    --> crates\auto-lang\src\ui\iced\renderer.rs:3063:4
     |
3063 | fn build_floating_layer_capture<M: Clone + Debug + 'static>(
     |    ^^^^^^^^^^^^^^^^^^^^^^^^^^^^

warning: function `lucide_svg` is never used
    --> crates\auto-lang\src\ui\iced\renderer.rs:7156:4
     |
7156 | fn lucide_svg(name: &str) -> Option<&'static str> {
     |    ^^^^^^^^^^

warning: function `parse_drag_points` is never used
    --> crates\auto-lang\src\ui\iced\renderer.rs:7445:4
     |
7445 | fn parse_drag_points(pts: &str) -> Vec<(f32, f32)> {
     |    ^^^^^^^^^^^^^^^^^

warning: function `widget_tick` is never used
    --> crates\auto-lang\src\ui\iced\renderer.rs:8400:4
     |
8400 | fn widget_tick(
     |    ^^^^^^^^^^^

warning: field `id` is never read
     --> crates\auto-lang\src\ui\iced\renderer.rs:10573:5
      |
10572 | pub(crate) struct ToastReq {
      |                   -------- field in this struct
10573 |     id: u64,
      |     ^^

warning: function `load_desktop_positions` is never used
     --> crates\auto-lang\src\ui\iced\renderer.rs:15215:4
      |
15215 | fn load_desktop_positions() -> Vec<(String, (usize, usize))> {
      |    ^^^^^^^^^^^^^^^^^^^^^^

warning: function `target_slot_default` is never used
     --> crates\auto-lang\src\ui\iced\renderer.rs:15303:4
      |
15303 | fn target_slot_default() -> usize {
      |    ^^^^^^^^^^^^^^^^^^^

warning: function `ade_fg_dark` is never used
     --> crates\auto-lang\src\ui\iced\renderer.rs:36869:4
      |
36869 | fn ade_fg_dark() -> crate::ui::code_editor::theme::Rgba {
      |    ^^^^^^^^^^^

warning: function `ade_fg_light` is never used
     --> crates\auto-lang\src\ui\iced\renderer.rs:36872:4
      |
36872 | fn ade_fg_light() -> crate::ui::code_editor::theme::Rgba {
      |    ^^^^^^^^^^^^

warning: constant `LUCIDE_SOURCE_VERSION` is never used
    --> crates\auto-lang\src\ui\iced\lucide_generated.rs:1418:18
     |
1418 | pub(super) const LUCIDE_SOURCE_VERSION: &str = "0.312.0";
     |                  ^^^^^^^^^^^^^^^^^^^^^

warning: variable `_stake__disc` should have a snake case name
    --> crates\auto-lang\src\vm\native.rs:3845:13
     |
3845 |         let _stake__disc = crate::vm::native::StakeGuard::nv(vm, _disc);
     |             ^^^^^^^^^^^^ help: convert the identifier to snake case: `_stake_disc`
     |
     = note: `#[warn(non_snake_case)]` (part of `#[warn(nonstandard_style)]`) on by default

warning: variable `_stake__closure_id` should have a snake case name
    --> crates\auto-lang\src\vm\native.rs:4209:9
     |
4209 |     let _stake__closure_id = crate::vm::native::StakeGuard::new(vm, _closure_id as i64 as u64);
     |         ^^^^^^^^^^^^^^^^^^ help: convert the identifier to snake case: `_stake_closure_id`

warning: variable `_stake__func_addr` should have a snake case name
    --> crates\auto-lang\src\vm\native.rs:5215:9
     |
5215 |     let _stake__func_addr = crate::vm::native::StakeGuard::new(vm, _func_addr as i64 as u64); // Not used in MVP
     |         ^^^^^^^^^^^^^^^^^ help: convert the identifier to snake case: `_stake_func_addr`

warning: variable `_stake__func_addr` should have a snake case name
    --> crates\auto-lang\src\vm\native.rs:5269:9
     |
5269 |     let _stake__func_addr = crate::vm::native::StakeGuard::new(vm, _func_addr as i64 as u64); // Not used in MVP
     |         ^^^^^^^^^^^^^^^^^ help: convert the identifier to snake case: `_stake_func_addr`

warning: variable `_stake__capacity` should have a snake case name
    --> crates\auto-lang\src\vm\native.rs:6026:9
     |
6026 |     let _stake__capacity = crate::vm::native::StakeGuard::new(vm, _capacity as i64 as u64);
     |         ^^^^^^^^^^^^^^^^ help: convert the identifier to snake case: `_stake_capacity`

warning: variable `_stake__capacity` should have a snake case name
    --> crates\auto-lang\src\vm\native.rs:6858:9
     |
6858 |     let _stake__capacity = crate::vm::native::StakeGuard::new(vm, _capacity as i64 as u64);
     |         ^^^^^^^^^^^^^^^^ help: convert the identifier to snake case: `_stake_capacity`

warning: variable `_stake__arr_id` should have a snake case name
    --> crates\auto-lang\src\vm\native.rs:7371:9
     |
7371 |     let _stake__arr_id = crate::vm::native::StakeGuard::new(vm, _arr_id as i64 as u64);
     |         ^^^^^^^^^^^^^^ help: convert the identifier to snake case: `_stake_arr_id`

warning: variable `_stake__inst_id` should have a snake case name
    --> crates\auto-lang\src\vm\native.rs:7476:9
     |
7476 |     let _stake__inst_id = crate::vm::native::StakeGuard::new(vm, _inst_id as i64 as u64);
     |         ^^^^^^^^^^^^^^^ help: convert the identifier to snake case: `_stake_inst_id`

warning: variable `_stake__inst_id` should have a snake case name
    --> crates\auto-lang\src\vm\native.rs:7489:9
     |
7489 |     let _stake__inst_id = crate::vm::native::StakeGuard::new(vm, _inst_id as i64 as u64);
     |         ^^^^^^^^^^^^^^^ help: convert the identifier to snake case: `_stake_inst_id`

warning: calls to `std::mem::drop` with a value that implements `Copy` does nothing
    --> crates\auto-lang\src\vm\ffi\stdlib.rs:9779:13
     |
9779 |             drop(i64::pop_from_stack(task, vm).unwrap_or(0));
     |             ^^^^^------------------------------------------^
     |                  |
     |                  argument has type `i64`
     |
     = note: `#[warn(dropping_copy_types)]` on by default
help: use `let _ = ...` to ignore the expression or result
     |
9779 -             drop(i64::pop_from_stack(task, vm).unwrap_or(0));
9779 +             let _ = i64::pop_from_stack(task, vm).unwrap_or(0);
     |

warning: calls to `std::mem::drop` with a value that implements `Copy` does nothing
    --> crates\auto-lang\src\vm\ffi\stdlib.rs:9783:13
     |
9783 |             drop(i64::pop_from_stack(task, vm).unwrap_or(0));
     |             ^^^^^------------------------------------------^
     |                  |
     |                  argument has type `i64`
     |
help: use `let _ = ...` to ignore the expression or result
     |
9783 -             drop(i64::pop_from_stack(task, vm).unwrap_or(0));
9783 +             let _ = i64::pop_from_stack(task, vm).unwrap_or(0);
     |

warning: variable `_stake__cfg` should have a snake case name
   --> crates\auto-lang\src\vm\ffi\musk_response_ctor.rs:836:16
    |
836 |     let (_cfg, _stake__cfg) = pop_value_staked(task, vm); // config Value (unused for the default)
    |                ^^^^^^^^^^^ help: convert the identifier to snake case: `_stake_cfg`

warning: for loop over a `&Option`. This is more readably written as an `if let` statement
   --> crates\auto-lang\src\ui\vm_bridge.rs:539:15
    |
539 |     for on in &decl.on {
    |               ^^^^^^^^
    |
    = note: `#[warn(for_loops_over_fallibles)]` on by default
help: to check pattern in a loop use `while let`
    |
539 -     for on in &decl.on {
539 +     while let Some(on) = &decl.on {
    |
help: consider using `if let` to clear intent
    |
539 -     for on in &decl.on {
539 +     if let Some(on) = &decl.on {
    |

warning: unused `BOOL` that must be used
   --> crates\auto-lang\src\ui\desktop_protocol\win_ime.rs:321:9
    |
321 |         ImmReleaseContext(hwnd, himc);
    |         ^^^^^^^^^^^^^^^^^^^^^^^^^^^^^
    |
    = note: `#[warn(unused_must_use)]` (part of `#[warn(unused)]`) on by default
help: use `let _ = ...` to ignore the resulting value
    |
321 |         let _ = ImmReleaseContext(hwnd, himc);
    |         +++++++

warning: unused `BOOL` that must be used
   --> crates\auto-lang\src\ui\desktop_protocol\win_ime.rs:151:26
    |
151 |                 unsafe { ImmReleaseContext(hwnd, himc) };
    |                          ^^^^^^^^^^^^^^^^^^^^^^^^^^^^^
    |
help: use `let _ = ...` to ignore the resulting value
    |
151 |                 unsafe { let _ = ImmReleaseContext(hwnd, himc); };
    |                          +++++++                              +

warning: direct cast of function item into an integer
   --> crates\auto-lang\src\ui\desktop_protocol\win_ime.rs:177:25
    |
177 |             ime_wndproc as usize as isize,
    |                         ^^^^^^^^
    |
    = note: `#[warn(function_casts_as_integer)]` on by default
help: first cast to a pointer `as *const ()`
    |
177 |             ime_wndproc as *const () as usize as isize,
    |                         ++++++++++++

warning: structure field `PageFaultCount` should have a snake case name
   --> crates\auto-lang\src\ui\desktop_protocol\stage3.rs:162:13
    |
162 |         pub PageFaultCount: u32,
    |             ^^^^^^^^^^^^^^ help: convert the identifier to snake case: `page_fault_count`

warning: structure field `PeakWorkingSetSize` should have a snake case name
   --> crates\auto-lang\src\ui\desktop_protocol\stage3.rs:163:13
    |
163 |         pub PeakWorkingSetSize: usize,
    |             ^^^^^^^^^^^^^^^^^^ help: convert the identifier to snake case: `peak_working_set_size`

warning: structure field `WorkingSetSize` should have a snake case name
   --> crates\auto-lang\src\ui\desktop_protocol\stage3.rs:164:13
    |
164 |         pub WorkingSetSize: usize,
    |             ^^^^^^^^^^^^^^ help: convert the identifier to snake case: `working_set_size`

warning: structure field `QuotaPeakPagedPoolUsage` should have a snake case name
   --> crates\auto-lang\src\ui\desktop_protocol\stage3.rs:165:13
    |
165 |         pub QuotaPeakPagedPoolUsage: usize,
    |             ^^^^^^^^^^^^^^^^^^^^^^^ help: convert the identifier to snake case: `quota_peak_paged_pool_usage`

warning: structure field `QuotaPagedPoolUsage` should have a snake case name
   --> crates\auto-lang\src\ui\desktop_protocol\stage3.rs:166:13
    |
166 |         pub QuotaPagedPoolUsage: usize,
    |             ^^^^^^^^^^^^^^^^^^^ help: convert the identifier to snake case: `quota_paged_pool_usage`

warning: structure field `QuotaPeakNonPagedPoolUsage` should have a snake case name
   --> crates\auto-lang\src\ui\desktop_protocol\stage3.rs:167:13
    |
167 |         pub QuotaPeakNonPagedPoolUsage: usize,
    |             ^^^^^^^^^^^^^^^^^^^^^^^^^^ help: convert the identifier to snake case: `quota_peak_non_paged_pool_usage`

warning: structure field `QuotaNonPagedPoolUsage` should have a snake case name
   --> crates\auto-lang\src\ui\desktop_protocol\stage3.rs:168:13
    |
168 |         pub QuotaNonPagedPoolUsage: usize,
    |             ^^^^^^^^^^^^^^^^^^^^^^ help: convert the identifier to snake case: `quota_non_paged_pool_usage`

warning: structure field `PagefileUsage` should have a snake case name
   --> crates\auto-lang\src\ui\desktop_protocol\stage3.rs:169:13
    |
169 |         pub PagefileUsage: usize,
    |             ^^^^^^^^^^^^^ help: convert the identifier to snake case: `pagefile_usage`

warning: structure field `PeakPagefileUsage` should have a snake case name
   --> crates\auto-lang\src\ui\desktop_protocol\stage3.rs:170:13
    |
170 |         pub PeakPagefileUsage: usize,
    |             ^^^^^^^^^^^^^^^^^ help: convert the identifier to snake case: `peak_pagefile_usage`

warning: structure field `PrivateUsage` should have a snake case name
   --> crates\auto-lang\src\ui\desktop_protocol\stage3.rs:171:13
    |
171 |         pub PrivateUsage: usize,
    |             ^^^^^^^^^^^^ help: convert the identifier to snake case: `private_usage`

warning: calls to `std::mem::drop` with a reference instead of an owned value does nothing
     --> crates\auto-lang\src\ui\iced\renderer.rs:14003:5
      |
14003 |     drop(host);
      |     ^^^^^----^
      |          |
      |          argument has type `&HostCtx`
      |
      = note: `#[warn(dropping_references)]` on by default
help: use `let _ = ...` to ignore the expression or result
      |
14003 -     drop(host);
14003 +     let _ = host;
      |

warning: `K32GetProcessMemoryInfo` redeclared with a different signature
   --> crates\auto-lang\src\ui\desktop_protocol\stage3.rs:148:9
    |
148 | /         fn K32GetProcessMemoryInfo(
149 | |             hProcess: isize,
150 | |             ppsmemCounters: *mut PROCESS_MEMORY_COUNTERS,
151 | |             cb: u32,
152 | |         ) -> i32;
    | |_________________^ this signature doesn't match the previous declaration
    |
   ::: crates\auto-lang\src\ui\mem_guard.rs:256:9
    |
256 | /         fn K32GetProcessMemoryInfo(
257 | |             process: *mut core::ffi::c_void,
258 | |             counters: *mut ProcessMemoryCounters,
259 | |             cb: u32,
260 | |         ) -> i32;
    | |_________________- `K32GetProcessMemoryInfo` previously declared here
    |
    = note: expected `unsafe extern "system" fn(*mut c_void, *mut ProcessMemoryCounters, u32) -> i32`
               found `unsafe extern "system" fn(isize, *mut PROCESS_MEMORY_COUNTERS, u32) -> i32`
    = note: `#[warn(clashing_extern_declarations)]` on by default

warning: `auto-lang` (lib) generated 382 warnings (run `cargo fix --lib -p auto-lang` to apply 178 suggestions)
warning: unused import: `ApiExtractor`
 --> crates\auto-lang\src\api\integration_tests.rs:8:53
  |
8 |         ApiAnnotationParser, ApiAttrs, ApiEndpoint, ApiExtractor, ApiField, ApiModule, ApiParam,
  |                                                     ^^^^^^^^^^^^
  |
  = note: `#[warn(unused_imports)]` (part of `#[warn(unused)]`) on by default

warning: unused import: `ViewProp`
  --> crates\auto-lang\src\aura\extract.rs:13:50
   |
13 | use crate::ast::{Expr, Type, Key, ViewPropValue, ViewProp, ViewEvent};
   |                                                  ^^^^^^^^

warning: duplicated attribute
     --> crates\auto-lang\src\ui_gen\vue.rs:21205:5
      |
21205 |     #[test]
      |     ^^^^^^^
      |
      = note: `#[warn(duplicate_macro_attributes)]` on by default

warning: duplicated attribute
     --> crates\auto-lang\src\ui_gen\vue.rs:24552:5
      |
24552 |     #[test]
      |     ^^^^^^^

warning: unused import: `super::*`
    --> crates\auto-lang\src\ui_gen\validators.rs:1151:9
     |
1151 |     use super::*;
     |         ^^^^^^^^

warning: unused import: `Mutex`
   --> crates\auto-lang\src\state_file.rs:196:26
    |
196 |     use std::sync::{Arc, Mutex};
    |                          ^^^^^

warning: unused import: `super::*`
   --> crates\auto-lang\src\mode.rs:239:9
    |
239 |     use super::*;
    |         ^^^^^^^^

warning: duplicated attribute
     --> crates\auto-lang\src\parser.rs:20005:5
      |
20005 |     #[test]
      |     ^^^^^^^

warning: unused import: `super::*`
     --> crates\auto-lang\src\parser.rs:17580:9
      |
17580 |     use super::*;
      |         ^^^^^^^^

warning: unused import: `Expr`
   --> crates\auto-lang\src\trans\auto_s2s.rs:161:26
    |
161 |         use crate::ast::{Expr, Stmt};
    |                          ^^^^

warning: unused import: `super::*`
     --> crates\auto-lang\src\vm\native.rs:10903:13
      |
10903 |         use super::*;
      |             ^^^^^^^^

warning: unused import: `super::cleanup_sse_iterator`
    --> crates\auto-lang\src\vm\ffi\http_server.rs:5827:9
     |
5827 |     use super::cleanup_sse_iterator;
     |         ^^^^^^^^^^^^^^^^^^^^^^^^^^^

warning: unused import: `axum::extract::Request`
    --> crates\auto-lang\src\vm\ffi\http_server.rs:5957:9
     |
5957 |     use axum::extract::Request;
     |         ^^^^^^^^^^^^^^^^^^^^^^

warning: unused import: `axum::response::Response`
    --> crates\auto-lang\src\vm\ffi\http_server.rs:5958:9
     |
5958 |     use axum::response::Response;
     |         ^^^^^^^^^^^^^^^^^^^^^^^^

warning: unused imports: `AdocDocument`, `AdocInline`, `AdocLexer`, `AdocSection`, and `LexerMode`
 --> crates\auto-lang\src\tests\autodown_tests.rs:3:16
  |
3 |     AdocBlock, AdocDocument, AdocInline, AdocMath, AdocParser, AdocSection,
  |                ^^^^^^^^^^^^  ^^^^^^^^^^                        ^^^^^^^^^^^
4 |     AdocLexer, LexerMode,
  |     ^^^^^^^^^  ^^^^^^^^^

warning: unused import: `std::path::PathBuf`
   --> crates\auto-lang\src\tests\plan340_tests.rs:124:13
    |
124 |         use std::path::PathBuf;
    |             ^^^^^^^^^^^^^^^^^^

warning: unused import: `std::path::PathBuf`
   --> crates\auto-lang\src\tests\plan340_tests.rs:263:13
    |
263 |         use std::path::PathBuf;
    |             ^^^^^^^^^^^^^^^^^^

warning: unused import: `std::path::PathBuf`
   --> crates\auto-lang\src\tests\plan340_tests.rs:813:13
    |
813 |         use std::path::PathBuf;
    |             ^^^^^^^^^^^^^^^^^^

warning: unused imports: `ParkedWait` and `SegmentOutcome`
  --> crates\auto-lang\src\tests\plan712_http_error_semantics_tests.rs:14:25
   |
14 | use crate::vm::engine::{ParkedWait, SegmentOutcome};
   |                         ^^^^^^^^^^  ^^^^^^^^^^^^^^

warning: unused import: `crate::vm::task::AutoTask`
  --> crates\auto-lang\src\tests\plan712_http_error_semantics_tests.rs:15:5
   |
15 | use crate::vm::task::AutoTask;
   |     ^^^^^^^^^^^^^^^^^^^^^^^^^

warning: unused imports: `Read` and `Write`
   --> crates\auto-lang\src\tests\plan705_spike_tests.rs:949:19
    |
949 |     use std::io::{Read, Write};
    |                   ^^^^  ^^^^^

warning: duplicated attribute
    --> crates\auto-lang\src\ui\view.rs:4678:5
     |
4678 |     #[test]
     |     ^^^^^^^

warning: duplicated attribute
   --> crates\auto-lang\src\ui\debug\inspector_cache.rs:311:5
    |
311 |     #[test]
    |     ^^^^^^^

warning: unused import: `crate::parser::Parser`
    --> crates\auto-lang\src\ui\vm_bridge.rs:5709:13
     |
5709 |         use crate::parser::Parser;
     |             ^^^^^^^^^^^^^^^^^^^^^

warning: unused import: `crate::session::CompilerSession`
    --> crates\auto-lang\src\ui\vm_bridge.rs:5710:13
     |
5710 |         use crate::session::CompilerSession;
     |             ^^^^^^^^^^^^^^^^^^^^^^^^^^^^^^^

warning: duplicated attribute
    --> crates\auto-lang\src\ui\shell_projection.rs:1440:5
     |
1440 |     #[test]
     |     ^^^^^^^

warning: unused imports: `AuraTextContent` and `aura_events_get_base`
  --> crates\auto-lang\src\ui\desktop_protocol\client_runtime.rs:16:19
   |
16 | use crate::aura::{aura_events_get_base, AuraNode, AuraPropValue, AuraTextContent};
   |                   ^^^^^^^^^^^^^^^^^^^^                           ^^^^^^^^^^^^^^^

warning: unused import: `ImageFit`
  --> crates\auto-lang\src\ui\desktop_protocol\client_runtime.rs:19:45
   |
19 |     ControlMsg, DrawList, DrawOp, FrameMsg, ImageFit, InputMsg, MouseButton, ProtocolMsg, Rgba8,
   |                                             ^^^^^^^^

warning: unused doc comment
    --> crates\auto-lang\src\ui\desktop_protocol\coverage.rs:1579:9
     |
1579 | /         ///（resolve_native_frame_mode Covered 臂 Commands，p032 报告）
1580 | |         ///——judged 跌破 95% 门即红：降级需显式裁定（台账裁定行 + 报告
1581 | |         /// 更新），禁静默回归。
     | |________________________________^
1582 |           let flip = judged_pct >= 95.0;
     |           ------------------------------ rustdoc does not generate documentation for statements
     |
     = help: use `//` for a plain comment

warning: unused import: `ControlMsg`
    --> crates\auto-lang\src\ui\desktop_protocol\endpoint.rs:1377:27
     |
1377 |             surface_role, ControlMsg, FrameMsg, ProtocolMsg, SurfaceDecl, WelcomeSurface,
     |                           ^^^^^^^^^^

warning: unused doc comment
    --> crates\auto-lang\src\ui\desktop_protocol\native_projector.rs:3743:9
     |
3743 |         /// 延后），父内容高 = 纯流内件（button 128）。
     |         ^^^^^^^^^^^^^^^^^^^^^^^^^^^^^^^^^^^^^^^^^^^^^^^ rustdoc does not generate documentation for macro invocations
     |
     = help: to document an item produced by a macro, the macro must produce the documentation as part of its expansion

warning: unused doc comment
    --> crates\auto-lang\src\ui\desktop_protocol\native_projector.rs:3722:9
     |
3722 |         ///（left 胜——CSS ltr 同语义），x = 父左 10。
     |         ^^^^^^^^^^^^^^^^^^^^^^^^^^^^^^^^^^^^^^^^^^^^^
3723 |         let (bx, by) = find("badge");
     |         ----------------------------- rustdoc does not generate documentation for statements
     |
     = help: use `//` for a plain comment

warning: unused doc comment
    --> crates\auto-lang\src\ui\desktop_protocol\native_projector.rs:3727:9
     |
3727 |         ///（ops 序 = 覆盖序，稳定排序文档序同 z）。
     |         ^^^^^^^^^^^^^^^^^^^^^^^^^^^^^^^^^^^^^^^^^^^^
3728 |         let (tx, ty) = find("tag");
     |         --------------------------- rustdoc does not generate documentation for statements
     |
     = help: use `//` for a plain comment

warning: unused import: `crate::ui::desktop_protocol::broker`
   --> crates\auto-lang\src\ui\desktop_protocol\remote.rs:244:9
    |
244 |     use crate::ui::desktop_protocol::broker;
    |         ^^^^^^^^^^^^^^^^^^^^^^^^^^^^^^^^^^^

warning: unused import: `super::*`
   --> crates\auto-lang\src\ui\desktop_protocol\remote.rs:621:9
    |
621 |     use super::*;
    |         ^^^^^^^^

warning: unused imports: `self` and `ws`
   --> crates\auto-lang\src\ui\desktop_protocol\remote.rs:622:50
    |
622 |     use crate::ui::desktop_protocol::transport::{self, ws};
    |                                                  ^^^^  ^^

warning: unused import: `crate::ui::desktop_protocol::endpoint::FrameSource`
    --> crates\auto-lang\src\ui\desktop_protocol\rqhost.rs:2263:13
     |
2263 |         use crate::ui::desktop_protocol::endpoint::FrameSource;
     |             ^^^^^^^^^^^^^^^^^^^^^^^^^^^^^^^^^^^^^^^^^^^^^^^^^^

warning: unused import: `crate::ui::desktop_protocol::endpoint::FrameSource`
    --> crates\auto-lang\src\ui\desktop_protocol\rqhost.rs:2437:13
     |
2437 |         use crate::ui::desktop_protocol::endpoint::FrameSource;
     |             ^^^^^^^^^^^^^^^^^^^^^^^^^^^^^^^^^^^^^^^^^^^^^^^^^^

warning: unused doc comment
    --> crates\auto-lang\src\ui\desktop_protocol\shell_client.rs:1109:9
     |
1109 | /         /// 按可解码即应用（wire 解码无判别位；生产宿主按 face 定载体
1110 | |         /// 不混发，D6 注记）。
     | |_________----------------------^
     |           |
     |           rustdoc does not generate documentation for macro invocations
     |
     = help: to document an item produced by a macro, the macro must produce the documentation as part of its expansion

warning: unused doc comment
   --> crates\auto-lang\src\ui\desktop_protocol\stage3.rs:581:9
    |
581 | /         /// .at 合并解析 + ensure_covered 门 + RqProjector）；native-
582 | |         /// auto-full = auto 档翻转抽样腿（resolve_native_frame_mode
583 | |         ///（Auto）裁决断言 Commands——flipped@ramp3 后缺省 queue，观测
584 | |         /// 行随行）。
    | |______________________^
585 | /         if mode == "native-full" || mode == "native-auto-full" {
586 | |             // 生产同型装载：单 app.at + path 上下文（`use` 模块声明由
587 | |             // loader 按 path 兄弟文件解析——018 book_store/021 页组件）。
588 | |             let base = concat!(env!("CARGO_MANIFEST_DIR"), "/../../examples/ui/");
...   |
614 | |             return;
615 | |         }
    | |_________- rustdoc does not generate documentation for expressions
    |
    = help: use `//` for a plain comment

warning: unused doc comment
    --> crates\auto-lang\src\ui\desktop_protocol\stage3.rs:1208:9
     |
1208 |           /// 同快照同几何 → DrawList 文本逐行全等）。
     |           ^^^^^^^^^^^^^^^^^^^^^^^^^^^^^^^^^^^^^^^^^^^^
1209 | /         {
1210 | |             use crate::ui::desktop_protocol::shell_client::ShellFaces;
1211 | |             let mut local =
1212 | |                 ShellFaces::load(geometry).expect("本地解释装配（内嵌 pin 兜底）");
...    |
1242 | |             println!("AUTO036 leg2 parity-switcher-frames PASS ({} 行)", n);
1243 | |         }
     | |_________- rustdoc does not generate documentation for expressions
     |
     = help: use `//` for a plain comment

warning: unused doc comment
    --> crates\auto-lang\src\ui\desktop_protocol\stage3.rs:1429:9
     |
1429 |           /// 回收 + 壳管线/帧不连坐。
     |           ^^^^^^^^^^^^^^^^^^^^^^^^^^^^
1430 | /         {
1431 | |             let children_len = session.desktop.outproc_children.len();
1432 | |             let mut launcher_child = session
1433 | |                 .desktop
...    |
1447 | |             );
1448 | |         }
     | |_________- rustdoc does not generate documentation for expressions
     |
     = help: use `//` for a plain comment

warning: unused import: `FrameMode`
    --> crates\auto-lang\src\ui\desktop_protocol\stage3.rs:2759:60
     |
2759 |         use crate::ui::desktop_protocol::message::{DrawOp, FrameMode, MouseButton};
     |                                                            ^^^^^^^^^

warning: unused doc comment
    --> crates\auto-lang\src\ui\desktop_protocol\stage3.rs:3068:9
     |
3068 |           /// 命中区序选（row 内第 idx 个匹配；002 的 "+" 是第三个按钮）。
     |           ^^^^^^^^^^^^^^^^^^^^^^^^^^^^^^^^^^^^^^^^^^^^^^^^^^^^^^^^^^^^^^^^
3069 | /         let twin_hit_nth = |app: &str, needle: &str, idx: usize| -> Option<(f32, f32)> {
3070 | |             twins
3071 | |                 .iter()
3072 | |                 .find(|(n, _)| n == app)
...    |
3079 | |                 })
3080 | |         };
     | |__________- rustdoc does not generate documentation for statements
     |
     = help: use `//` for a plain comment

warning: unused import: `HandshakeMsg`
    --> crates\auto-lang\src\ui\desktop_protocol\stage3.rs:3867:23
     |
3867 |             FrameMsg, HandshakeMsg, PixelFormat, ProtocolMsg, WRect,
     |                       ^^^^^^^^^^^^

warning: unused doc comment
    --> crates\auto-lang\src\ui\desktop_protocol\stage3.rs:5156:9
     |
5156 |           /// 拒收留痕腿（见尾部——native_gate_runtime_views_of_six 钉）。
     |           ^^^^^^^^^^^^^^^^^^^^^^^^^^^^^^^^^^^^^^^^^^^^^^^^^^^^^^^^^^^^^^^
5157 | /         let legs: &[(&str, &str, &str)] = &[
5158 | |             ("012-clock", "native-auto-full", "时钟 Clock"),
5159 | |             ("021-blog-viewer", "native-full", "My Blog"),
5160 | |             ("024-charts", "native-full", "图表工坊"),
5161 | |             ("046-tabs-variants", "native-full", "Alpha panel"),
5162 | |         ];
     | |__________- rustdoc does not generate documentation for statements
     |
     = help: use `//` for a plain comment

warning: unused doc comment
    --> crates\auto-lang\src\ui\desktop_protocol\stage3.rs:5289:9
     |
5289 | /         ///（truncate/codeeditor）——queue 门 ensure_covered 拒绝退出，
5290 | |         /// 缺项载荷逐字断言（I3/AC-04 纪律的 e2e 面）。
     | |________________________________________________________^
5291 | /         {
5292 | |             let base = concat!(env!("CARGO_MANIFEST_DIR"), "/../../examples/ui/");
5293 | |             for (name, want) in [
5294 | |                 ("018-book-reader", "style:truncate"),
...    |
5310 | |         }
     | |_________- rustdoc does not generate documentation for expressions
     |
     = help: use `//` for a plain comment

warning: unused import: `crate::ui_gen::nav_contract as nc`
     --> crates\auto-lang\src\ui\aura_view_builder.rs:19699:13
      |
19699 |         use crate::ui_gen::nav_contract as nc;
      |             ^^^^^^^^^^^^^^^^^^^^^^^^^^^^^^^^^

warning: unused imports: `AuraPropValue` and `AuraTextContent`
    --> crates\auto-lang\src\ui\dynamic.rs:3248:58
     |
3248 |     use crate::aura::{AuraNode, AuraStateDef, AuraEvent, AuraPropValue, AuraTextContent};
     |                                                          ^^^^^^^^^^^^^  ^^^^^^^^^^^^^^^

warning: duplicated attribute
     --> crates\auto-lang\src\ui\iced\renderer.rs:31062:5
      |
31062 |     #[test]
      |     ^^^^^^^

warning: duplicated attribute
     --> crates\auto-lang\src\ui\iced\renderer.rs:31100:5
      |
31100 |     #[test]
      |     ^^^^^^^

warning: duplicated attribute
     --> crates\auto-lang\src\ui\iced\renderer.rs:31161:5
      |
31161 |     #[test]
      |     ^^^^^^^

warning: duplicated attribute
     --> crates\auto-lang\src\ui\iced\renderer.rs:31331:5
      |
31331 |     #[test]
      |     ^^^^^^^

warning: unused import: `super::*`
     --> crates\auto-lang\src\ui\iced\renderer.rs:30344:9
      |
30344 |     use super::*;
      |         ^^^^^^^^

warning: unused import: `super::*`
  --> crates\auto-lang\src\ui\host.rs:99:9
   |
99 |     use super::*;
   |         ^^^^^^^^

warning: use of deprecated struct `ui_gen::jet::components::Material3Registry`: Use WidgetRegistry instead
   --> crates\auto-lang\src\ui_gen\jet\components.rs:168:24
    |
168 |         let registry = Material3Registry::new();
    |                        ^^^^^^^^^^^^^^^^^
    |
    = note: `#[warn(deprecated)]` on by default

warning: use of deprecated struct `ui_gen::jet::components::Material3Registry`: Use WidgetRegistry instead
   --> crates\auto-lang\src\ui_gen\jet\components.rs:176:24
    |
176 |         let registry = Material3Registry::new();
    |                        ^^^^^^^^^^^^^^^^^

warning: use of deprecated struct `ui_gen::jet::components::Material3Registry`: Use WidgetRegistry instead
   --> crates\auto-lang\src\ui_gen\jet\components.rs:184:24
    |
184 |         let registry = Material3Registry::new();
    |                        ^^^^^^^^^^^^^^^^^

warning: use of deprecated struct `ui_gen::jet::components::Material3Registry`: Use WidgetRegistry instead
   --> crates\auto-lang\src\ui_gen\jet\components.rs:192:24
    |
192 |         let registry = Material3Registry::new();
    |                        ^^^^^^^^^^^^^^^^^

warning: use of deprecated unit variant `ast::fun::ParamMode::Take`: Use 'move' instead of 'take'
  --> crates\auto-lang\src\tests\plan_088_tests.rs:30:45
   |
30 |         assert_eq!(format!("{}", ParamMode::Take), "move"); // Displays as "move" per Plan 122
   |                                             ^^^^

warning: unused attribute
   --> crates\auto-lang\src\tests\vm_file_tests.rs:486:19
    |
486 | ...e] #[ignore = "BUG: (-1).to(String) outputs '<invalid string index: 0>' — TYPE_TO_STR misidentifies negative integers as string pool indices"]
    |       ^^^^^^^^^^^^^^^^^^^^^^^^^^^^^^^^^^^^^^^^^^^^^^^^^^^^^^^^^^^^^^^^^^^^^^^^^^^^^^^^^^^^^^^^^^^^^^^^^^^^^^^^^^^^^^^^^^^^^^^^^^^^^^^^^^^^^^^^^^^ help: remove this attribute
    |
note: attribute also specified here
   --> crates\auto-lang\src\tests\vm_file_tests.rs:486:9
    |
486 | #[test] #[ignore] #[ignore = "BUG: (-1).to(String) outputs '<invalid string index: 0>' — TYPE_TO_STR misidentifies negative integer...
    |         ^^^^^^^^^
    = note: `#[warn(unused_attributes)]` (part of `#[warn(unused)]`) on by default

warning: variable does not need to be mutable
    --> crates\auto-lang\src\vm\ffi\http_server.rs:6139:30
     |
6139 |                     let (tx, mut rx) = tokio::sync::mpsc::channel::<String>(1);
     |                              ----^^
     |                              |
     |                              help: remove this `mut`

warning: unused variable: `p`
   --> crates\auto-lang\src\ast\task.rs:948:14
    |
948 |         let (p, g, _) = &on_block.handlers[0];
    |              ^ help: if this is intentional, prefix it with an underscore: `_p`
    |
    = note: `#[warn(unused_variables)]` (part of `#[warn(unused)]`) on by default

warning: unused variable: `def`
   --> crates\auto-lang\src\aura\schema.rs:333:21
    |
333 |         if let Some(def) = self.elements.get(tag) {
    |                     ^^^ help: if this is intentional, prefix it with an underscore: `_def`

warning: unreachable pattern
   --> crates\auto-lang\src\a2ui\schema.rs:485:13
    |
478 |             A2UIMessage::SurfaceUpdate(update) => match &update.components[0].body {
    |             ---------------------------------- matches all the relevant values
...
485 |             _ => panic!("Expected SurfaceUpdate"),
    |             ^ no value can reach this
    |
    = note: `#[warn(unreachable_patterns)]` (part of `#[warn(unused)]`) on by default

warning: unreachable pattern
    --> crates\auto-lang\src\ui_gen\vue.rs:9705:13
     |
9676 |             "option" | "Option" => "option".to_string(),
     |             ------------------- matches all the relevant values
...
9705 |             "option" | "Option" => "option".to_string(),
     |             ^^^^^^^^^^^^^^^^^^^ no value can reach this

warning: unused variable: `attrs`
     --> crates\auto-lang\src\ui_gen\vue.rs:21708:14
      |
21708 |         let (attrs, _slot_content, slot_children) = gen.generate_shadcn_attrs("button", &props, &events);
      |              ^^^^^ help: if this is intentional, prefix it with an underscore: `_attrs`

warning: variable does not need to be mutable
     --> crates\auto-lang\src\ui_gen\vue.rs:21781:13
      |
21781 |         let mut gen = VueGenerator::new();
      |             ----^^^
      |             |
      |             help: remove this `mut`

warning: unused variable: `attrs`
     --> crates\auto-lang\src\ui_gen\vue.rs:22367:14
      |
22367 |         let (attrs, slot_content, _) = gen.generate_shadcn_attrs("tree_item", &props, &events);
      |              ^^^^^ help: if this is intentional, prefix it with an underscore: `_attrs`

warning: unused variable: `primary_component`
     --> crates\auto-lang\src\ui_gen\vue.rs:22382:13
      |
22382 |         let primary_component =
      |             ^^^^^^^^^^^^^^^^^ help: if this is intentional, prefix it with an underscore: `_primary_component`

warning: variable does not need to be mutable
     --> crates\auto-lang\src\ui_gen\vue.rs:30144:13
      |
30144 |         let mut gen = VueGenerator::new();
      |             ----^^^
      |             |
      |             help: remove this `mut`

warning: variable does not need to be mutable
     --> crates\auto-lang\src\ui_gen\vue.rs:30149:13
      |
30149 |         let mut gen_shadcn = VueGenerator::new_shadcn();
      |             ----^^^^^^^^^^
      |             |
      |             help: remove this `mut`

warning: unused variable: `known_tags`
     --> crates\auto-lang\src\ui_gen\rust.rs:13325:13
      |
13325 |         let known_tags: &[&str] = &[
      |             ^^^^^^^^^^ help: if this is intentional, prefix it with an underscore: `_known_tags`

warning: variable does not need to be mutable
    --> crates\auto-lang\src\ui_gen\jet\generator.rs:2937:13
     |
2937 |         let mut gen = JetGenerator::new();
     |             ----^^^
     |             |
     |             help: remove this `mut`

warning: unused variable: `gen`
    --> crates\auto-lang\src\ui_gen\jet\generator.rs:2937:13
     |
2937 |         let mut gen = JetGenerator::new();
     |             ^^^^^^^ help: if this is intentional, prefix it with an underscore: `_gen`

warning: variable does not need to be mutable
   --> crates\auto-lang\src\ui_gen\jet\layout.rs:833:13
    |
833 |         let mut props = HashMap::new();
    |             ----^^^^^
    |             |
    |             help: remove this `mut`

warning: unused variable: `key`
    --> crates\auto-lang\src\ui_gen\widget\registry.rs:2854:13
     |
2854 |         let key = a.widgets.keys().next().cloned().expect("non-empty defaults");
     |             ^^^ help: if this is intentional, prefix it with an underscore: `_key`

warning: unused variable: `same_line`
     --> crates\auto-lang\src\parser.rs:17718:13
      |
17718 |         let same_line = code.replace("};
      |             ^^^^^^^^^ help: if this is intentional, prefix it with an underscore: `_same_line`

warning: unused variable: `task_id`
   --> crates\auto-lang\src\vm\abt\tests.rs:197:9
    |
197 |     let task_id = vm.spawn_task(main_entry, 16384);
    |         ^^^^^^^ help: if this is intentional, prefix it with an underscore: `_task_id`

warning: variable does not need to be mutable
  --> crates\auto-lang\src\vm\tests_parser_stack.rs:30:13
   |
30 |         let mut session = crate::compile::CompileSession::new();
   |             ----^^^^^^^
   |             |
   |             help: remove this `mut`

warning: variable does not need to be mutable
  --> crates\auto-lang\src\vm\tests_parser_stack.rs:70:13
   |
70 |         let mut session = crate::compile::CompileSession::new();
   |             ----^^^^^^^
   |             |
   |             help: remove this `mut`

warning: variable does not need to be mutable
  --> crates\auto-lang\src\vm\tests_parser_stack.rs:93:13
   |
93 |         let mut session = crate::compile::CompileSession::new();
   |             ----^^^^^^^
   |             |
   |             help: remove this `mut`

warning: variable does not need to be mutable
   --> crates\auto-lang\src\vm\tests_parser_stack.rs:112:13
    |
112 |         let mut session = crate::compile::CompileSession::new();
    |             ----^^^^^^^
    |             |
    |             help: remove this `mut`

warning: variable does not need to be mutable
   --> crates\auto-lang\src\vm\tests_parser_stack.rs:130:13
    |
130 |         let mut session = crate::compile::CompileSession::new();
    |             ----^^^^^^^
    |             |
    |             help: remove this `mut`

warning: variable does not need to be mutable
   --> crates\auto-lang\src\vm\task_system.rs:950:13
    |
950 |         let mut instance = TaskInstance::new("TestTask".to_string(), 2);
    |             ----^^^^^^^^
    |             |
    |             help: remove this `mut`

warning: unused variable: `iter_id`
     --> crates\auto-lang\src\vm\ffi\stdlib.rs:11715:23
      |
11715 |         let (task_id, iter_id, stream_id) = {
      |                       ^^^^^^^ help: if this is intentional, prefix it with an underscore: `_iter_id`

warning: variable does not need to be mutable
  --> crates\auto-lang\src\tests\plan710_supply_probes.rs:95:13
   |
95 |         let mut widget = crate::aura::extract::extract_widget_from_decl(decl).expect("extract");
   |             ----^^^^^^
   |             |
   |             help: remove this `mut`

warning: variable does not need to be mutable
   --> crates\auto-lang\src\tests\plan710_supply_probes.rs:373:13
    |
373 |         let mut widget = crate::aura::extract::extract_widget_from_decl(decl).expect("extract");
    |             ----^^^^^^
    |             |
    |             help: remove this `mut`

warning: variable does not need to be mutable
  --> crates\auto-lang\src\tests\plan716_supply_probes.rs:87:13
   |
87 |         let mut widget = crate::aura::extract::extract_widget_from_decl(decl).expect("extract");
   |             ----^^^^^^
   |             |
   |             help: remove this `mut`

warning: unused variable: `lines`
   --> crates\auto-lang\src\tests\plan716_supply_probes.rs:329:13
    |
329 |         let lines = hunks * 40; // ~19B/行 → 全尺寸≈300MB? 控制在 ~100MB：~5.2M 行
    |             ^^^^^ help: if this is intentional, prefix it with an underscore: `_lines`

warning: unused variable: `case`
   --> crates\auto-lang\src\tests\ffi_dep_parity_tests.rs:123:11
    |
123 | fn vm_leg(case: &str, src: &str) -> AutoResult<String> {
    |           ^^^^ help: if this is intentional, prefix it with an underscore: `_case`

warning: unused variable: `r`
    --> crates\auto-lang\src\tests\list_tests.rs:1006:10
     |
1006 |     let (r, s) = crate::run_with_capture(code).unwrap();
     |          ^ help: if this is intentional, prefix it with an underscore: `_r`

warning: variable does not need to be mutable
  --> crates\auto-lang\src\tests\plan066_native_widget_tests.rs:96:13
   |
96 |         let mut dc = match build_app("src/front/app.at") {
   |             ----^^
   |             |
   |             help: remove this `mut`

warning: unused variable: `out`
  --> crates\auto-lang\src\tests\plan046_obj_natives_tests.rs:48:13
   |
48 |         let out = run(
   |             ^^^ help: if this is intentional, prefix it with an underscore: `_out`

warning: variable does not need to be mutable
   --> crates\auto-lang\src\tests\plan705_spike_tests.rs:950:9
    |
950 |     let mut stream = std::net::TcpStream::connect(("127.0.0.1", server_port)).expect("connect");
    |         ----^^^^^^
    |         |
    |         help: remove this `mut`

warning: value assigned to `got` is never read
   --> crates\auto-lang\src\tests\plan707_spike_tests.rs:180:19
    |
180 |     let mut got = String::new();
    |                   ^^^^^^^^^^^^^ this value is reassigned later and never used
...
191 |             got = s;
    |             --- `got` is overwritten here before the previous value is read

warning: unused variable: `tx`
   --> crates\auto-lang\src\tests\plan707_stream_tests.rs:357:10
    |
357 |     let (tx, _rx) = tokio::sync::oneshot::channel::<()>();
    |          ^^ help: if this is intentional, prefix it with an underscore: `_tx`

warning: variable does not need to be mutable
    --> crates\auto-lang\src\ui\code_editor\core\rope.rs:1387:13
     |
1387 |         let mut r = Rope::from_str(&text);
     |             ----^
     |             |
     |             help: remove this `mut`

warning: unused variable: `fs`
    --> crates\auto-lang\src\ui\code_editor\core\mod.rs:2712:31
     |
2712 |             with_font_system(|fs| {
     |                               ^^ help: if this is intentional, prefix it with an underscore: `_fs`

warning: unused variable: `fs`
    --> crates\auto-lang\src\ui\code_editor\core\mod.rs:2798:44
     |
2798 |         let abs_bottom = with_font_system(|fs| {
     |                                            ^^ help: if this is intentional, prefix it with an underscore: `_fs`

warning: unused variable: `fs`
    --> crates\auto-lang\src\ui\code_editor\core\mod.rs:2787:37
     |
2787 |         let abs = with_font_system(|fs| {
     |                                     ^^ help: if this is intentional, prefix it with an underscore: `_fs`

warning: unused variable: `fs`
    --> crates\auto-lang\src\ui\code_editor\core\mod.rs:2873:50
     |
2873 |         let (line, vertical) = with_font_system(|fs| {
     |                                                  ^^ help: if this is intentional, prefix it with an underscore: `_fs`

warning: unused variable: `core`
    --> crates\auto-lang\src\ui\code_editor\core\mod.rs:3052:13
     |
3052 |         let core = code_editor(&key, &config);
     |             ^^^^ help: if this is intentional, prefix it with an underscore: `_core`

warning: unused variable: `core`
    --> crates\auto-lang\src\ui\code_editor\core\mod.rs:3096:13
     |
3096 |         let core = code_editor(&key, &config);
     |             ^^^^ help: if this is intentional, prefix it with an underscore: `_core`

warning: unused variable: `col`
    --> crates\auto-lang\src\ui\code_editor\core\mod.rs:3740:28
     |
3740 |                 let (line, col, _) = core.cursor_info();
     |                            ^^^ help: if this is intentional, prefix it with an underscore: `_col`

warning: variable does not need to be mutable
   --> crates\auto-lang\src\ui\code_editor\diff\envelope.rs:547:13
    |
547 |         let mut a = numbered("L", 40);
    |             ----^
    |             |
    |             help: remove this `mut`

warning: variable does not need to be mutable
    --> crates\auto-lang\src\ui\terminal\iced\widget.rs:1464:13
     |
1464 |         let mut observe =
     |             ----^^^^^^^
     |             |
     |             help: remove this `mut`

warning: unused variable: `travel`
   --> crates\auto-lang\src\ui\scroll\geometry.rs:185:13
    |
185 |         let travel = rail - min; // 150
    |             ^^^^^^ help: if this is intentional, prefix it with an underscore: `_travel`

warning: variable does not need to be mutable
   --> crates\auto-lang\src\ui\scroll\host.rs:303:13
    |
303 |         let mut inner = host;
    |             ----^^^^^
    |             |
    |             help: remove this `mut`

warning: unused variable: `warnings`
   --> crates\auto-lang\src\ui\action_config.rs:804:19
    |
804 |         let (cfg, warnings) = UiActionConfig::parse(SAMPLE).unwrap();
    |                   ^^^^^^^^ help: if this is intentional, prefix it with an underscore: `_warnings`

warning: variable does not need to be mutable
    --> crates\auto-lang\src\ui\vm_bridge.rs:4004:13
     |
4004 |         let mut bridge = VmBridge::new_from_decls(
     |             ----^^^^^^
     |             |
     |             help: remove this `mut`

warning: variable does not need to be mutable
    --> crates\auto-lang\src\ui\vm_bridge.rs:4076:13
     |
4076 |         let mut bridge = VmBridge::new_from_decls(
     |             ----^^^^^^
     |             |
     |             help: remove this `mut`

warning: variable does not need to be mutable
    --> crates\auto-lang\src\ui\vm_bridge.rs:4172:13
     |
4172 |         let mut bridge = VmBridge::new_from_decls(&decl, &[], vec![],
     |             ----^^^^^^
     |             |
     |             help: remove this `mut`

warning: variable does not need to be mutable
    --> crates\auto-lang\src\ui\vm_bridge.rs:5175:13
     |
5175 |         let mut bridge = VmBridge::new_from_decls(&decl, &[], Vec::new(), &Default::default(), false)
     |             ----^^^^^^
     |             |
     |             help: remove this `mut`

warning: unused variable: `app_src`
    --> crates\auto-lang\src\ui\vm_bridge.rs:5717:13
     |
5717 |         let app_src = match std::fs::read_to_string(front.join("app.at")) {
     |             ^^^^^^^ help: if this is intentional, prefix it with an underscore: `_app_src`

warning: variable does not need to be mutable
    --> crates\auto-lang\src\ui\session.rs:7565:13
     |
7565 |         let mut view = ds
     |             ----^^^^
     |             |
     |             help: remove this `mut`

warning: variable does not need to be mutable
    --> crates\auto-lang\src\ui\session.rs:7921:13
     |
7921 |         let mut projector = RqProjector::new(component, 480.0, 320.0);
     |             ----^^^^^^^^^
     |             |
     |             help: remove this `mut`

warning: variable does not need to be mutable
    --> crates\auto-lang\src\ui\session.rs:9279:13
     |
9279 |         let mut child = std::process::Command::new("ping")
     |             ----^^^^^
     |             |
     |             help: remove this `mut`

warning: irrefutable `if let` pattern
    --> crates\auto-lang\src\ui\desktop_protocol\native_projector.rs:3911:20
     |
3911 |                 if let TbMsg::Pick(i, v) = msg {
     |                    ^^^^^^^^^^^^^^^^^^^^^^^^^^^
     |
     = note: this pattern will always match, so the `if let` is useless
     = help: consider replacing the `if let` with a `let`

warning: irrefutable `if let` pattern
    --> crates\auto-lang\src\ui\desktop_protocol\native_projector.rs:4358:16
     |
4358 |             if let SMsg::Vol(v) = msg {
     |                ^^^^^^^^^^^^^^^^^^^^^^
     |
     = note: this pattern will always match, so the `if let` is useless
     = help: consider replacing the `if let` with a `let`

warning: irrefutable `if let` pattern
    --> crates\auto-lang\src\ui\desktop_protocol\native_projector.rs:4415:20
     |
4415 |                 if let SMsg::Vol(v) = msg {
     |                    ^^^^^^^^^^^^^^^^^^^^^^
     |
     = note: this pattern will always match, so the `if let` is useless
     = help: consider replacing the `if let` with a `let`

warning: irrefutable `if let` pattern
    --> crates\auto-lang\src\ui\desktop_protocol\native_projector.rs:4452:16
     |
4452 |             if let SbMsg::Pick(_, s) = msg {
     |                ^^^^^^^^^^^^^^^^^^^^^^^^^^^
     |
     = note: this pattern will always match, so the `if let` is useless
     = help: consider replacing the `if let` with a `let`

warning: irrefutable `if let` pattern
    --> crates\auto-lang\src\ui\desktop_protocol\native_projector.rs:4577:16
     |
4577 |             if let ScMsg::Scrolled(oy) = msg {
     |                ^^^^^^^^^^^^^^^^^^^^^^^^^^^^^
     |
     = note: this pattern will always match, so the `if let` is useless
     = help: consider replacing the `if let` with a `let`

warning: unused variable: `conn_thread`
   --> crates\auto-lang\src\ui\desktop_protocol\pixels.rs:590:13
    |
590 |         let conn_thread = std::thread::spawn(move || {
    |             ^^^^^^^^^^^ help: if this is intentional, prefix it with an underscore: `_conn_thread`

warning: variable does not need to be mutable
   --> crates\auto-lang\src\ui\desktop_protocol\remote.rs:319:13
    |
319 |         let mut remote_hello = |remote: &mut Box<dyn crate::ui::desktop_protocol::transport::Transport + Send>| {
    |             ----^^^^^^^^^^^^
    |             |
    |             help: remove this `mut`

warning: value assigned to `reclaimed` is never read
    --> crates\auto-lang\src\ui\desktop_protocol\rqhost.rs:1570:29
     |
1570 |         let mut reclaimed = false;
     |                             ^^^^^ this value is reassigned later and never used
...
1575 |                 reclaimed = true;
     |                 ---------------- `reclaimed` is overwritten here before the previous value is read

warning: value assigned to `reclaimed` is never read
    --> crates\auto-lang\src\ui\desktop_protocol\rqhost.rs:1711:29
     |
1711 |         let mut reclaimed = false;
     |                             ^^^^^ this value is reassigned later and never used
...
1719 |                 reclaimed = true;
     |                 ---------------- `reclaimed` is overwritten here before the previous value is read

warning: unused variable: `wid`
    --> crates\auto-lang\src\ui\desktop_protocol\stage3.rs:3449:17
     |
3449 |         for (i, wid) in wids.iter().enumerate() {
     |                 ^^^ help: if this is intentional, prefix it with an underscore: `_wid`

warning: unused variable: `stage`
    --> crates\auto-lang\src\ui\desktop_protocol\stage3.rs:3986:14
     |
3986 |         for (stage, want) in [1usize, 3, 5].into_iter().enumerate() {
     |              ^^^^^ help: if this is intentional, prefix it with an underscore: `_stage`

warning: variable does not need to be mutable
    --> crates\auto-lang\src\ui\desktop_protocol\stage3.rs:5710:14
     |
5710 |         let (mut app_c, _app_c_tail) = spawn_q(&auto_exe, &dir_converter, &wellknown);
     |              ----^^^^^
     |              |
     |              help: remove this `mut`

warning: variable does not need to be mutable
    --> crates\auto-lang\src\ui\desktop_protocol\stage3.rs:5722:14
     |
5722 |         let (mut app_h, app_h_tail) = spawn_q(&auto_exe, &dir_hello, &wellknown);
     |              ----^^^^^
     |              |
     |              help: remove this `mut`

warning: variable does not need to be mutable
    --> crates\auto-lang\src\ui\desktop_protocol\stage3.rs:5881:14
     |
5881 |         let (mut app_i, app_i_tail) = spawn_q(
     |              ----^^^^^
     |              |
     |              help: remove this `mut`

warning: variable does not need to be mutable
    --> crates\auto-lang\src\ui\desktop_protocol\stage3.rs:6178:14
     |
6178 |         let (mut app_fm, app_fm_tail) = spawn_q(&auto_exe, &dir_fm, &wellknown);
     |              ----^^^^^^
     |              |
     |              help: remove this `mut`

warning: variable does not need to be mutable
    --> crates\auto-lang\src\ui\desktop_protocol\stage3.rs:6198:14
     |
6198 |         let (mut app_c, _app_c_tail) = spawn_q(&auto_exe, &dir_conv, &wellknown);
     |              ----^^^^^
     |              |
     |              help: remove this `mut`

warning: variable does not need to be mutable
    --> crates\auto-lang\src\ui\desktop_protocol\stage3.rs:6222:13
     |
6222 |         let mut direct = direct.spawn().expect("spawn auto run -r vm 直挂");
     |             ----^^^^^^
     |             |
     |             help: remove this `mut`

warning: variable does not need to be mutable
   --> crates\auto-lang\src\ui\desktop_protocol\transport.rs:917:17
    |
917 |             let mut client =
    |                 ----^^^^^^
    |                 |
    |                 help: remove this `mut`

warning: unused variable: `other`
     --> crates\auto-lang\src\ui\aura_view_builder.rs:19455:13
      |
19455 |             other => panic!("期望 Row（flex 行）,得到其他布局"),
      |             ^^^^^ help: if this is intentional, prefix it with an underscore: `_other`

warning: variable does not need to be mutable
     --> crates\auto-lang\src\ui\aura_view_builder.rs:22764:13
      |
22764 |         let mut bridge = VmBridge::new(&host).unwrap();
      |             ----^^^^^^
      |             |
      |             help: remove this `mut`

warning: variable does not need to be mutable
     --> crates\auto-lang\src\ui\aura_view_builder.rs:22887:13
      |
22887 |         let mut bridge = VmBridge::new(&host).unwrap();
      |             ----^^^^^^
      |             |
      |             help: remove this `mut`

warning: variable does not need to be mutable
     --> crates\auto-lang\src\ui\aura_view_builder.rs:22945:13
      |
22945 |         let mut bridge = VmBridge::new(&host).unwrap();
      |             ----^^^^^^
      |             |
      |             help: remove this `mut`

warning: variable does not need to be mutable
     --> crates\auto-lang\src\ui\aura_view_builder.rs:23008:13
      |
23008 |         let mut bridge = VmBridge::new(&host).unwrap();
      |             ----^^^^^^
      |             |
      |             help: remove this `mut`

warning: value assigned to `v2` is never read
     --> crates\auto-lang\src\ui\aura_view_builder.rs:23132:22
      |
23132 |         let mut v2 = build_once(&bridge);
      |                      ^^^^^^^^^^^^^^^^^^^ this value is reassigned later and never used
...
23135 |             v2 = build_once(&bridge);
      |             -- `v2` is overwritten here before the previous value is read

warning: variable does not need to be mutable
     --> crates\auto-lang\src\ui\aura_view_builder.rs:23848:13
      |
23848 |         let mut bridge = VmBridge::new(&widget).unwrap();
      |             ----^^^^^^
      |             |
      |             help: remove this `mut`

warning: variable does not need to be mutable
     --> crates\auto-lang\src\ui\aura_view_builder.rs:23933:13
      |
23933 |         let mut bridge = VmBridge::new(&widget).unwrap();
      |             ----^^^^^^
      |             |
      |             help: remove this `mut`

warning: variable does not need to be mutable
    --> crates\auto-lang\src\ui\dynamic.rs:4081:13
     |
4081 |         let mut comp = comp;
     |             ----^^^^
     |             |
     |             help: remove this `mut`

warning: variable does not need to be mutable
    --> crates\auto-lang\src\ui\dynamic.rs:5485:13
     |
5485 |         let mut comp = build(&src);
     |             ----^^^^
     |             |
     |             help: remove this `mut`

warning: variable does not need to be mutable
    --> crates\auto-lang\src\ui\dynamic.rs:5520:13
     |
5520 |         let mut comp = build(&src);
     |             ----^^^^
     |             |
     |             help: remove this `mut`

warning: variable does not need to be mutable
    --> crates\auto-lang\src\ui\dynamic.rs:5605:13
     |
5605 |         let mut comp = build(&src);
     |             ----^^^^
     |             |
     |             help: remove this `mut`

warning: variable does not need to be mutable
    --> crates\auto-lang\src\ui\dynamic.rs:5621:13
     |
5621 |         let mut comp = build(&src);
     |             ----^^^^
     |             |
     |             help: remove this `mut`

warning: variable does not need to be mutable
    --> crates\auto-lang\src\ui\dynamic.rs:5683:13
     |
5683 |         let mut comp = build(&src);
     |             ----^^^^
     |             |
     |             help: remove this `mut`

warning: unused variable: `db`
     --> crates\auto-lang\src\ui\iced\renderer.rs:30015:22
      |
30015 |         let (fb, ab, db) = (bg_of(&focus), bg_of(&active), bg_of(&disabled));
      |                      ^^ help: if this is intentional, prefix it with an underscore: `_db`

warning: variable does not need to be mutable
     --> crates\auto-lang\src\ui\iced\renderer.rs:32855:13
      |
32855 |         let mut ds = t3_session_with_shell();
      |             ----^^
      |             |
      |             help: remove this `mut`

warning: unused variable: `ds`
     --> crates\auto-lang\src\ui\iced\renderer.rs:32855:13
      |
32855 |         let mut ds = t3_session_with_shell();
      |             ^^^^^^ help: if this is intentional, prefix it with an underscore: `_ds`

warning: variable does not need to be mutable
    --> crates\auto-lang\src\lib.rs:7485:13
     |
7485 |         let mut cs = crate::compile::CompileSession::new();
     |             ----^^
     |             |
     |             help: remove this `mut`

warning: variable does not need to be mutable
    --> crates\auto-lang\src\lib.rs:7503:13
     |
7503 |         let mut cs = crate::compile::CompileSession::new();
     |             ----^^
     |             |
     |             help: remove this `mut`

warning: variable does not need to be mutable
   --> crates\auto-lang\src\tests\p614_tree_vm_probe.rs:252:14
    |
252 |     let Some(mut dc) =
    |              ----^^
    |              |
    |              help: remove this `mut`

warning: variable does not need to be mutable
   --> crates\auto-lang\src\tests\p618_filter_tree_probe.rs:123:14
    |
123 |     let Some(mut dc) = crate::plan370_test_support::build_component_from_app(&manifest) else {
    |              ----^^
    |              |
    |              help: remove this `mut`

warning: type `sendinput::Input` is more private than the item `sendinput::unicode_inputs`
  --> crates\auto-lang\src\ui\desktop_protocol\sendinput.rs:89:1
   |
89 | pub fn unicode_inputs(text: &str) -> Vec<Input> {
   | ^^^^^^^^^^^^^^^^^^^^^^^^^^^^^^^^^^^^^^^^^^^^^^^ function `sendinput::unicode_inputs` is reachable at visibility `pub`
   |
note: but type `sendinput::Input` is only usable at visibility `pub(self)`
  --> crates\auto-lang\src\ui\desktop_protocol\sendinput.rs:54:1
   |
54 | struct Input {
   | ^^^^^^^^^^^^

warning: type `sendinput::Input` is more private than the item `sendinput::vk_inputs`
   --> crates\auto-lang\src\ui\desktop_protocol\sendinput.rs:100:1
    |
100 | pub fn vk_inputs(vk: u32) -> Vec<Input> {
    | ^^^^^^^^^^^^^^^^^^^^^^^^^^^^^^^^^^^^^^^ function `sendinput::vk_inputs` is reachable at visibility `pub`
    |
note: but type `sendinput::Input` is only usable at visibility `pub(self)`
   --> crates\auto-lang\src\ui\desktop_protocol\sendinput.rs:54:1
    |
 54 | struct Input {
    | ^^^^^^^^^^^^

warning: function `test_pattern_to_handler_name` is never used
     --> crates\auto-lang\src\ui_gen\vue.rs:21382:8
      |
21382 |     fn test_pattern_to_handler_name() {
      |        ^^^^^^^^^^^^^^^^^^^^^^^^^^^^

warning: function `test_actions_menubar_synthesis` is never used
     --> crates\auto-lang\src\ui_gen\vue.rs:24825:8
      |
24825 |     fn test_actions_menubar_synthesis() {
      |        ^^^^^^^^^^^^^^^^^^^^^^^^^^^^^^

warning: function `escape_analysis_summary` is never used
     --> crates\auto-lang\src\trans\rust.rs:24704:15
      |
24704 | pub(crate) fn escape_analysis_summary(code: &str) -> std::collections::HashMap<AutoStr, usize> {
      |               ^^^^^^^^^^^^^^^^^^^^^^^

warning: function `set_life_permit_capacity_for_test` is never used
    --> crates\auto-lang\src\vm\ffi\http_server.rs:4590:15
     |
4590 | pub(crate) fn set_life_permit_capacity_for_test(cap: usize) {
     |               ^^^^^^^^^^^^^^^^^^^^^^^^^^^^^^^^^

warning: function `life_permit_available` is never used
    --> crates\auto-lang\src\vm\ffi\http_server.rs:4746:15
     |
4746 | pub(crate) fn life_permit_available() -> usize {
     |               ^^^^^^^^^^^^^^^^^^^^^

warning: function `stream_limits` is never used
   --> crates\auto-lang\src\vm\ffi\http_stream.rs:113:15
    |
113 | pub(crate) fn stream_limits() -> StreamLimits {
    |               ^^^^^^^^^^^^^

warning: field `qualified_methods` is never read
  --> crates\auto-lang\src\tests\a2r_std_signature_parity.rs:33:5
   |
22 | struct PairOpt {
   |        ------- field in this struct
...
33 |     qualified_methods: bool,
   |     ^^^^^^^^^^^^^^^^^

warning: constant `CASES` is never used
  --> crates\auto-lang\src\tests\ffi_dep_parity_tests.rs:23:7
   |
23 | const CASES: &[&str] = &["016_dep_abi_matrix", "017_dep_lifecycle", "018_dep_fields", "020_dep_traits_generics", "021_dep_callback"];
   |       ^^^^^

warning: field `seed` is never read
  --> crates\auto-lang\src\tests\test_util\program_generator.rs:40:5
   |
34 | pub struct ProgramGenerator {
   |            ---------------- field in this struct
...
40 |     seed: u64,
   |     ^^^^

warning: method `seed` is never used
  --> crates\auto-lang\src\tests\test_util\program_generator.rs:54:12
   |
43 | impl ProgramGenerator {
   | --------------------- method in this implementation
...
54 |     pub fn seed(&self) -> u64 {
   |            ^^^^

warning: function `collect_snapshot` is never used
  --> crates\auto-lang\src\tests\plan639_bp_tests.rs:33:4
   |
33 | fn collect_snapshot(node: &crate::aura::AuraNode, tags: &mut Vec<String>, texts: &mut Vec<String>) {
   |    ^^^^^^^^^^^^^^^^

warning: function `locate_app_at` is never used
  --> crates\auto-lang\src\plan370_test_support.rs:21:15
   |
21 | pub(crate) fn locate_app_at() -> Option<PathBuf> {
   |               ^^^^^^^^^^^^^

warning: function `test_grid_map_msg_remaps_cells` is never used
    --> crates\auto-lang\src\ui\view.rs:4736:8
     |
4736 |     fn test_grid_map_msg_remaps_cells() {
     |        ^^^^^^^^^^^^^^^^^^^^^^^^^^^^^^

warning: function `backfill_bounds_sets_bounds_and_box_model` is never used
   --> crates\auto-lang\src\ui\debug\inspector_cache.rs:319:8
    |
319 |     fn backfill_bounds_sets_bounds_and_box_model() {
    |        ^^^^^^^^^^^^^^^^^^^^^^^^^^^^^^^^^^^^^^^^^

warning: function `wire_round_trip_full_family` is never used
    --> crates\auto-lang\src\ui\shell_projection.rs:1614:8
     |
1614 |     fn wire_round_trip_full_family() {
     |        ^^^^^^^^^^^^^^^^^^^^^^^^^^^

warning: function `example_source_all` is never used
   --> crates\auto-lang\src\ui\desktop_protocol\stage3.rs:349:8
    |
349 |     fn example_source_all(dir: &str) -> String {
    |        ^^^^^^^^^^^^^^^^^^

warning: variant `ScrollMoved` is never constructed
   --> crates\auto-lang\src\ui\desktop_protocol\stage3.rs:412:9
    |
410 |     pub enum P029Msg {
    |              ------- variant in this enum
411 |         BufChanged,
412 |         ScrollMoved(f32, f32),
    |         ^^^^^^^^^^^
    |
    = note: `P029Msg` has derived impls for the traits `Debug` and `Clone`, but these are intentionally ignored during dead code analysis

warning: function `quads_of` is never used
    --> crates\auto-lang\src\ui\desktop_protocol\stage3.rs:2603:12
     |
2603 |         fn quads_of(ops: &[DrawOp]) -> Vec<(f32, f32, f32, f32)> {
     |            ^^^^^^^^

warning: struct `RECT` is never constructed
    --> crates\auto-lang\src\ui\desktop_protocol\stage3.rs:5430:16
     |
5430 |         struct RECT {
     |                ^^^^

warning: function `lparam_of` is never used
    --> crates\auto-lang\src\ui\desktop_protocol\stage3.rs:5514:16
     |
5514 |         pub fn lparam_of(x: i32, y: i32) -> isize {
     |                ^^^^^^^^^

warning: function `test_autodown_widget_true_render` is never used
     --> crates\auto-lang\src\ui\aura_view_builder.rs:16276:8
      |
16276 |     fn test_autodown_widget_true_render() {
      |        ^^^^^^^^^^^^^^^^^^^^^^^^^^^^^^^^

warning: field `0` is never read
     --> crates\auto-lang\src\ui\iced\renderer.rs:31697:9
      |
31696 |     struct StorageTestIsolation(
      |            -------------------- field in this struct
31697 |         std::sync::MutexGuard<'static, ()>,
      |         ^^^^^^^^^^^^^^^^^^^^^^^^^^^^^^^^^^
      |
help: consider changing the field to be of unit type to suppress this warning while preserving the field numbering, or remove the field
      |
31697 -         std::sync::MutexGuard<'static, ()>,
31697 +         (),
      |

warning: field `0` is never read
     --> crates\auto-lang\src\ui\iced\renderer.rs:34889:16
      |
34889 |         Toggle(bool),
      |         ------ ^^^^
      |         |
      |         field in this variant
      |
      = note: `TestMessage` has derived impls for the traits `Debug` and `Clone`, but these are intentionally ignored during dead code analysis
help: consider changing the field to be of unit type to suppress this warning while preserving the field numbering, or remove the field
      |
34889 -         Toggle(bool),
34889 +         Toggle(()),
      |

warning: struct `HostFixture` is never constructed
  --> crates\auto-lang\src\tests\plan632_demo_bridge_tests.rs:21:8
   |
21 | struct HostFixture {
   |        ^^^^^^^^^^^

warning: struct `Fixture` is never constructed
  --> crates\auto-lang\src\tests\plan633_fullstack_embed_tests.rs:16:8
   |
16 | struct Fixture {
   |        ^^^^^^^

warning: comparison is useless due to type limits
     --> crates\auto-lang\src\vm\ffi\stdlib.rs:11723:21
      |
11723 |             assert!(iter_id >= 0, "subscribe returns a real iterator id, got {iter_id}");
      |                     ^^^^^^^^^^^^
      |
      = note: `#[warn(unused_comparisons)]` on by default

warning: calls to `std::str::from_utf8` with an invalid literal always return an error
   --> crates\auto-lang\src\tests\ffi_tests.rs:238:20
    |
237 |     let bytes: &[u8] = &[0xFF, 0xFE];
    |                         ------------ the literal was valid UTF-8 up to the 0 bytes
238 |     let utf8_err = std::str::from_utf8(bytes).unwrap_err();
    |                    ^^^^^^^^^^^^^^^^^^^^^^^^^^
    |
    = note: `#[warn(invalid_from_utf8)]` on by default

warning: using `.clone()` on a double reference, which returns `&view::View<ui::interpreter::bridge::DynamicMessage>` instead of cloning the inner type
   --> crates\auto-lang\src\tests\plan536_t1_reactive_probe_tests.rs:613:69
    |
613 |             View::Button { label, .. } if label == "noz-x" => Some(v.clone()),
    |                                                                     ^^^^^^^^
    |
    = note: `#[warn(suspicious_double_ref_op)]` on by default

warning: function `test_prop_initialized_state_var_sees_defineProps_first` should have a snake case name
  --> crates\auto-lang\src\tests\autodown_codegen_debts_tests.rs:32:8
   |
32 |     fn test_prop_initialized_state_var_sees_defineProps_first() {
   |        ^^^^^^^^^^^^^^^^^^^^^^^^^^^^^^^^^^^^^^^^^^^^^^^^^^^^^^ help: convert the identifier to snake case: `test_prop_initialized_state_var_sees_define_props_first`

warning: function `test_vfor_unknown_source_reports_R012_error` should have a snake case name
  --> crates\auto-lang\src\tests\autodown_codegen_debts_tests.rs:64:8
   |
64 |     fn test_vfor_unknown_source_reports_R012_error() {
   |        ^^^^^^^^^^^^^^^^^^^^^^^^^^^^^^^^^^^^^^^^^^^ help: convert the identifier to snake case: `test_vfor_unknown_source_reports_r012_error`

warning: function `test_vfor_known_sources_report_no_R012` should have a snake case name
   --> crates\auto-lang\src\tests\autodown_codegen_debts_tests.rs:107:8
    |
107 |     fn test_vfor_known_sources_report_no_R012() {
    |        ^^^^^^^^^^^^^^^^^^^^^^^^^^^^^^^^^^^^^^ help: convert the identifier to snake case: `test_vfor_known_sources_report_no_r012`

warning: calls to `std::mem::drop` with a reference instead of an owned value does nothing
    --> crates\auto-lang\src\ui\session.rs:8773:9
     |
8773 |         drop(host);
     |         ^^^^^----^
     |              |
     |              argument has type `&mut HostCtx`
     |
     = note: `#[warn(dropping_references)]` on by default
help: use `let _ = ...` to ignore the expression or result
     |
8773 -         drop(host);
8773 +         let _ = host;
     |

warning: calls to `std::mem::drop` with a reference instead of an owned value does nothing
    --> crates\auto-lang\src\ui\session.rs:8795:9
     |
8795 |         drop(host);
     |         ^^^^^----^
     |              |
     |              argument has type `&HostCtx`
     |
help: use `let _ = ...` to ignore the expression or result
     |
8795 -         drop(host);
8795 +         let _ = host;
     |

warning: calls to `std::mem::drop` with a reference instead of an owned value does nothing
    --> crates\auto-lang\src\ui\session.rs:8805:9
     |
8805 |         drop(host);
     |         ^^^^^----^
     |              |
     |              argument has type `&HostCtx`
     |
help: use `let _ = ...` to ignore the expression or result
     |
8805 -         drop(host);
8805 +         let _ = host;
     |

warning: calls to `std::mem::drop` with a reference instead of an owned value does nothing
    --> crates\auto-lang\src\ui\session.rs:8810:9
     |
8810 |         drop(host);
     |         ^^^^^----^
     |              |
     |              argument has type `&HostCtx`
     |
help: use `let _ = ...` to ignore the expression or result
     |
8810 -         drop(host);
8810 +         let _ = host;
     |

warning: calls to `std::mem::drop` with a reference instead of an owned value does nothing
    --> crates\auto-lang\src\ui\session.rs:8835:9
     |
8835 |         drop(host);
     |         ^^^^^----^
     |              |
     |              argument has type `&HostCtx`
     |
help: use `let _ = ...` to ignore the expression or result
     |
8835 -         drop(host);
8835 +         let _ = host;
     |

warning: calls to `std::mem::drop` with a reference instead of an owned value does nothing
    --> crates\auto-lang\src\ui\session.rs:8846:9
     |
8846 |         drop(host);
     |         ^^^^^----^
     |              |
     |              argument has type `&HostCtx`
     |
help: use `let _ = ...` to ignore the expression or result
     |
8846 -         drop(host);
8846 +         let _ = host;
     |

warning: unused `iced::Task` that must be used
    --> crates\auto-lang\src\ui\desktop_protocol\stage3.rs:1246:9
     |
1246 |         crate::ui::iced::renderer::summon_launcher(&mut session);
     |         ^^^^^^^^^^^^^^^^^^^^^^^^^^^^^^^^^^^^^^^^^^^^^^^^^^^^^^^^
     |
     = note: `Task` must be returned to the runtime to take effect; normally in your `update` or `new` functions.
help: use `let _ = ...` to ignore the resulting value
     |
1246 |         let _ = crate::ui::iced::renderer::summon_launcher(&mut session);
     |         +++++++

warning: unused `std::result::Result` that must be used
    --> crates\auto-lang\src\ui\desktop_protocol\stage3.rs:3638:9
     |
3638 | /         server_end.send(&ph.endpoint.close().unwrap_or(
3639 | |             crate::ui::desktop_protocol::message::ProtocolMsg::Handshake(
3640 | |                 crate::ui::desktop_protocol::message::HandshakeMsg::Ready))); // no-op 填充，真实断连靠 drop
     | |____________________________________________________________________________^
     |
     = note: this `Result` may be an `Err` variant, which should be handled
help: use `let _ = ...` to ignore the resulting value
     |
3638 |         let _ = server_end.send(&ph.endpoint.close().unwrap_or(
     |         +++++++

warning: direct cast of function item into an integer
    --> crates\auto-lang\src\ui\desktop_protocol\stage3.rs:5461:37
     |
5461 |                 EnumWindows(on_enum as isize, &ctx as *const RefCell<Ctx> as isize);
     |                                     ^^^^^^^^
     |
help: first cast to a pointer `as *const ()`
     |
5461 |                 EnumWindows(on_enum as *const () as isize, &ctx as *const RefCell<Ctx> as isize);
     |                                     ++++++++++++

warning: direct cast of function item into an integer
    --> crates\auto-lang\src\ui\desktop_protocol\stage3.rs:5501:37
     |
5501 |                 EnumWindows(on_enum as isize, &ctx as *const RefCell<Ctx> as isize);
     |                                     ^^^^^^^^
     |
help: first cast to a pointer `as *const ()`
     |
5501 |                 EnumWindows(on_enum as *const () as isize, &ctx as *const RefCell<Ctx> as isize);
     |                                     ++++++++++++

warning: unused `std::result::Result` that must be used
     --> crates\auto-lang\src\ui\aura_view_builder.rs:19255:9
      |
19255 | /         bridge.write_state(
19256 | |             "mentionNames",
19257 | |             Value::Array(auto_val::Array::from(vec![
19258 | |                 Value::Str("assistant".into()),
19259 | |                 Value::Str("Planner".into()),
19260 | |             ])),
19261 | |         );
      | |_________^
      |
      = note: this `Result` may be an `Err` variant, which should be handled
help: use `let _ = ...` to ignore the resulting value
      |
19255 |         let _ = bridge.write_state(
      |         +++++++

warning: calls to `std::mem::drop` with a reference instead of an owned value does nothing
     --> crates\auto-lang\src\ui\iced\renderer.rs:14003:5
      |
14003 |     drop(host);
      |     ^^^^^----^
      |          |
      |          argument has type `&HostCtx`
      |
help: use `let _ = ...` to ignore the expression or result
      |
14003 -     drop(host);
14003 +     let _ = host;
      |

warning: calls to `std::mem::drop` with a reference instead of an owned value does nothing
     --> crates\auto-lang\src\ui\iced\renderer.rs:31132:9
      |
31132 |         drop(app);
      |         ^^^^^---^
      |              |
      |              argument has type `&AppSession`
      |
help: use `let _ = ...` to ignore the expression or result
      |
31132 -         drop(app);
31132 +         let _ = app;
      |

warning: calls to `std::mem::drop` with a reference instead of an owned value does nothing
     --> crates\auto-lang\src\ui\iced\renderer.rs:31905:9
      |
31905 |         drop(host);
      |         ^^^^^----^
      |              |
      |              argument has type `&HostCtx`
      |
help: use `let _ = ...` to ignore the expression or result
      |
31905 -         drop(host);
31905 +         let _ = host;
      |

warning: unused `std::result::Result` that must be used
     --> crates\auto-lang\src\ui\iced\renderer.rs:33598:9
      |
33598 |         crate::ui::desktop_config::save_to(&cfg_path, &cfg);
      |         ^^^^^^^^^^^^^^^^^^^^^^^^^^^^^^^^^^^^^^^^^^^^^^^^^^^
      |
      = note: this `Result` may be an `Err` variant, which should be handled
help: use `let _ = ...` to ignore the resulting value
      |
33598 |         let _ = crate::ui::desktop_config::save_to(&cfg_path, &cfg);
      |         +++++++

warning: unused `std::result::Result` that must be used
     --> crates\auto-lang\src\ui\iced\renderer.rs:33617:9
      |
33617 |         crate::ui::desktop_config::save(&ds.desktop.config);
      |         ^^^^^^^^^^^^^^^^^^^^^^^^^^^^^^^^^^^^^^^^^^^^^^^^^^^
      |
      = note: this `Result` may be an `Err` variant, which should be handled
help: use `let _ = ...` to ignore the resulting value
      |
33617 |         let _ = crate::ui::desktop_config::save(&ds.desktop.config);
      |         +++++++

warning: `EnumWindows` redeclared with a different signature
    --> crates\auto-lang\src\ui\desktop_protocol\stage3.rs:5418:13
     |
5418 |             fn EnumWindows(lpEnumFunc: isize, lParam: isize) -> i32;
     |             ^^^^^^^^^^^^^^^^^^^^^^^^^^^^^^^^^^^^^^^^^^^^^^^^^^^^^^^^ this signature doesn't match the previous declaration
     |
    ::: crates\auto-lang\src\vm\native.rs:1632:9
     |
1632 |         fn EnumWindows(cb: extern "system" fn(isize, isize) -> i32, lparam: isize) -> i32;
     |         ---------------------------------------------------------------------------------- `EnumWindows` previously declared here
     |
     = note: expected `unsafe extern "system" fn(extern "system" fn(isize, isize) -> i32, isize) -> i32`
                found `unsafe extern "system" fn(isize, isize) -> i32`

warning: variable does not need to be mutable
    --> crates\auto-lang\tests\schema_drift.rs:1119:9
     |
1119 |     let mut union = |parent: &mut BTreeMap<String, String>, a: &str, b: &str| {
     |         ----^^^^^
     |         |
     |         help: remove this `mut`
     |
     = note: `#[warn(unused_mut)]` (part of `#[warn(unused)]`) on by default

warning: unused variable: `allowed_folds`
    --> crates\auto-lang\tests\schema_drift.rs:1994:9
     |
1994 |     let allowed_folds: BTreeSet<String> =
     |         ^^^^^^^^^^^^^ help: if this is intentional, prefix it with an underscore: `_allowed_folds`
     |
     = note: `#[warn(unused_variables)]` (part of `#[warn(unused)]`) on by default

warning: field `tag` is never read
   --> crates\auto-lang\tests\schema_drift.rs:314:5
    |
313 | struct RsElement {
    |        --------- field in this struct
314 |     tag: String,
    |     ^^^
    |
    = note: `#[warn(dead_code)]` (part of `#[warn(unused)]`) on by default

warning: function `scan_vue_imports` is never used
   --> crates\auto-lang\tests\schema_drift.rs:650:4
    |
650 | fn scan_vue_imports(src: &str) -> BTreeMap<String, String> {
    |    ^^^^^^^^^^^^^^^^

warning: field `prod_union` is never read
    --> crates\auto-lang\tests\schema_drift.rs:1065:5
     |
1062 | struct AtGenInput {
     |        ---------- field in this struct
...
1065 |     prod_union: BTreeSet<String>,
     |     ^^^^^^^^^^

warning: `auto-lang` (lib test) generated 523 warnings (316 duplicates) (run `cargo fix --lib -p auto-lang --tests` to apply 122 suggestions)
warning: `auto-lang` (test "schema_drift") generated 5 warnings (run `cargo fix --test "schema_drift" -p auto-lang` to apply 2 suggestions)
    Finished `test` profile [unoptimized + debuginfo] target(s) in 1.10s
────────────
 Nextest run ID 0d98ed58-b211-4b4d-a15e-827558ae948f with nextest profile: default
    Starting 4972 tests across 4 binaries (1534 tests skipped, including 1022 tests via profile.default.default-filter)
        PASS [   0.087s] (   1/4972) auto-lang a2ui::import::tests::test_import_button_with_action
        PASS [   0.087s] (   2/4972) auto-lang a2ui::import::tests::test_import_simple_text
        PASS [   0.102s] (   3/4972) auto-lang a2ui::export::tests::test_export_button_action
        PASS [   0.102s] (   4/4972) auto-lang a2ui::schema::tests::test_deserialize_surface_update
        PASS [   0.102s] (   5/4972) auto-lang a2ui::import::tests::test_import_path_binding_creates_state
        PASS [   0.116s] (   6/4972) auto-lang a2ui::schema::tests::test_serialize_surface_update
        PASS [   0.116s] (   7/4972) auto-lang a2ui::import::tests::test_roundtrip_counter
        PASS [   0.117s] (   8/4972) auto-lang a2r_std::tests::test_list_basic
        PASS [   0.117s] (   9/4972) auto-lang a2r_std::tests::test_list_pop
        PASS [   0.133s] (  10/4972) auto-lang a2ui::schema::tests::test_roundtrip_complex
        PASS [   0.133s] (  11/4972) auto-lang a2r_std::tests::test_may
        PASS [   0.133s] (  12/4972) auto-lang a2ui::schema::tests::test_value_string
        PASS [   0.149s] (  13/4972) auto-lang a2ui::schema::tests::test_value_path
        PASS [   0.151s] (  14/4972) auto-lang a2ui::schema::tests::test_tabs_no_variant_backward_compat
        PASS [   0.155s] (  15/4972) auto-lang a2ui::schema::tests::test_tabs_variant_roundtrip
        PASS [   0.167s] (  16/4972) auto-lang api::integration_tests::tests::test_frontend_name_generation
        PASS [   0.167s] (  17/4972) auto-lang api::integration_tests::tests::test_full_axum_generation
        PASS [   0.168s] (  18/4972) auto-lang a2ui::export::tests::test_export_counter
        PASS [   0.168s] (  19/4972) auto-lang a2ui::export::tests::test_export_unsupported_component
        PASS [   0.168s] (  20/4972) auto-lang api::integration_tests::tests::test_complex_types
        PASS [   0.195s] (  21/4972) auto-lang api::integration_tests::tests::test_empty_module
        PASS [   0.195s] (  22/4972) auto-lang a2ui::import::tests::test_import_nested_layout
        PASS [   0.126s] (  23/4972) auto-lang api::integration_tests::tests::test_full_typescript_generation
        PASS [   0.112s] (  24/4972) auto-lang api::integration_tests::tests::test_target_trait
        PASS [   0.127s] (  25/4972) auto-lang api::integration_tests::tests::test_full_tauri_generation
        PASS [   0.112s] (  26/4972) auto-lang api::integration_tests::tests::test_method_inference
        PASS [   0.127s] (  27/4972) auto-lang api::integration_tests::tests::test_typescript_all_files
        PASS [   0.113s] (  28/4972) auto-lang api::targets::axum::tests::test_extract_path_params
        PASS [   0.113s] (  29/4972) auto-lang api::targets::axum::tests::test_to_pascal_case
        PASS [   0.129s] (  30/4972) auto-lang api::targets::tauri::tests::test_generate_command
        PASS [   0.129s] (  31/4972) auto-lang api::targets::tauri::tests::test_to_rust_type
        PASS [   0.112s] (  32/4972) auto-lang api::targets::typescript::tests::test_generate_fetch_function
        PASS [   0.124s] (  33/4972) auto-lang api::targets::typescript::tests::test_generate_interface
        PASS [   0.141s] (  34/4972) auto-lang api::targets::typescript::tests::test_generate_fetch_function_colon_path_param
        PASS [   0.141s] (  35/4972) auto-lang api::targets::typescript::tests::test_generate_fetch_function_brace_path_param
        PASS [   0.123s] (  36/4972) auto-lang api::targets::typescript::tests::test_to_ts_type
        PASS [   0.136s] (  37/4972) auto-lang api::targets::typescript::tests::test_to_ts_type_tuple_and_stream
        PASS [   0.124s] (  38/4972) auto-lang api::tests::test_parse_cache_attribute
        PASS [   0.140s] (  39/4972) auto-lang api::tests::test_parse_method_annotation
        PASS [   0.140s] (  40/4972) auto-lang api::tests::test_parse_multiple_attributes
        PASS [   0.141s] (  41/4972) auto-lang api::tests::test_parse_custom_attribute
        PASS [   0.128s] (  42/4972) auto-lang api::type_extraction_tests::test_extract_type_definition
        PASS [   0.128s] (  43/4972) auto-lang api::type_extraction_tests::test_extract_endpoint_captures_body
        PASS [   0.155s] (  44/4972) auto-lang api::tests::test_parse_simple_annotation
        PASS [   0.111s] (  45/4972) auto-lang api::types::tests::test_explicit_attrs
        PASS [   0.137s] (  46/4972) auto-lang api::types::tests::test_infer_method
        PASS [   0.151s] (  47/4972) auto-lang api::types::tests::test_infer_frontend_name
        PASS [   0.136s] (  48/4972) auto-lang ast::body::tests::test_body_to_atom_empty
        PASS [   0.151s] (  49/4972) auto-lang api::types::tests::test_infer_path
        PASS [   0.153s] (  50/4972) auto-lang ast::body::tests::test_body_to_atom_single_expr
        PASS [   0.136s] (  51/4972) auto-lang ast::call::tests::test_arg_to_atom_pair
        PASS [   0.153s] (  52/4972) auto-lang ast::branch::tests::test_branch_to_atom
        PASS [   0.154s] (  53/4972) auto-lang ast::call::tests::test_arg_to_atom_pos
        PASS [   0.154s] (  54/4972) auto-lang ast::call::tests::test_arg_to_atom_name
        PASS [   0.141s] (  55/4972) auto-lang ast::call::tests::test_call_to_atom_simple
        PASS [   0.142s] (  56/4972) auto-lang ast::call::tests::test_args_to_atom_empty
        PASS [   0.142s] (  57/4972) auto-lang ast::call::tests::test_args_to_atom_with_args
        PASS [   0.155s] (  58/4972) auto-lang ast::call::tests::test_call_to_atom_with_args
        PASS [   0.138s] (  59/4972) auto-lang ast::comptime::tests::test_hash_brace_display
        PASS [   0.140s] (  60/4972) auto-lang ast::call::tests::test_call_to_atom_with_return_type
        PASS [   0.152s] (  61/4972) auto-lang ast::comptime::tests::test_hash_for_display
        PASS [   0.152s] (  62/4972) auto-lang ast::comptime::tests::test_hash_if_display
        PASS [   0.152s] (  63/4972) auto-lang ast::comptime::tests::test_hash_is_display
        PASS [   0.152s] (  64/4972) auto-lang ast::ext::tests::test_ext_display
        PASS [   0.152s] (  65/4972) auto-lang ast::ext::tests::test_ext_creation
        PASS [   0.152s] (  66/4972) auto-lang ast::ext::tests::test_ext_display_with_fields
        PASS [   0.141s] (  67/4972) auto-lang ast::ext::tests::test_ext_to_node_with_fields
        PASS [   0.167s] (  68/4972) auto-lang ast::ext::tests::test_ext_equality
        PASS [   0.128s] (  69/4972) auto-lang ast::ext::tests::test_ext_with_fields
        PASS [   0.128s] (  70/4972) auto-lang ast::fun::tests::test_param_to_atom
        PASS [   0.145s] (  71/4972) auto-lang ast::ext::tests::test_ext_with_trait_name
        PASS [   0.145s] (  72/4972) auto-lang ast::fun::tests::test_fn_to_atom
        PASS [   0.141s] (  73/4972) auto-lang ast::markdown_tests::test_01_literals
        PASS [   0.142s] (  74/4972) auto-lang ast::hold::tests::test_hold_display
        PASS [   0.152s] (  75/4972) auto-lang ast::markdown_tests::test_03_functions
        PASS [   0.151s] (  76/4972) auto-lang ast::markdown_tests::test_04_controls
        PASS [   0.166s] (  77/4972) auto-lang ast::markdown_tests::test_02_exprs
        PASS [   0.168s] (  78/4972) auto-lang ast::markdown_tests::test_06_errors
        PASS [   0.168s] (  79/4972) auto-lang ast::markdown_tests::test_05_types
        PASS [   0.154s] (  80/4972) auto-lang ast::module_path::tests::test_local_path
        PASS [   0.140s] (  81/4972) auto-lang ast::module_path::tests::test_with_items
        PASS [   0.170s] (  82/4972) auto-lang ast::module_path::tests::test_pac_path
        PASS [   0.171s] (  83/4972) auto-lang ast::module_path::tests::test_dep_path
        PASS [   0.141s] (  84/4972) auto-lang ast::module_path::tests::test_super_path
        PASS [   0.155s] (  85/4972) auto-lang ast::parsers::tests::test_parse_arrow
        PASS [   0.141s] (  86/4972) auto-lang ast::parsers::tests::test_parse_expr
        PASS [   0.141s] (  87/4972) auto-lang ast::parsers::tests::test_parse_code
        PASS [   0.138s] (  88/4972) auto-lang ast::parsers::tests::test_parse_on_events
        PASS [   0.156s] (  89/4972) auto-lang ast::parsers::tests::test_parse_name
        PASS [   0.166s] (  90/4972) auto-lang ast::route::tests::test_extract_route_params
        PASS [   0.166s] (  91/4972) auto-lang ast::route::tests::test_route_def_new
        PASS [   0.164s] (  92/4972) auto-lang ast::route::tests::test_routes_block_with_routes
        PASS [   0.164s] (  93/4972) auto-lang ast::route::tests::test_routes_block_default
        PASS [   0.166s] (  94/4972) auto-lang ast::route::tests::test_routes_block
        PASS [   0.169s] (  95/4972) auto-lang ast::spec::tests::test_spec_atom_without_associated_types_keeps_shape
        PASS [   0.171s] (  96/4972) auto-lang ast::spec::tests::test_spec_atom_with_associated_types_balanced
        PASS [   0.143s] (  97/4972) auto-lang ast::spec::tests::test_spec_decl_display
        PASS [   0.146s] (  98/4972) auto-lang ast::spec::tests::test_spec_decl_with_generic_params
        PASS [   0.146s] (  99/4972) auto-lang ast::spec::tests::test_spec_get_method
        PASS [   0.129s] ( 100/4972) auto-lang ast::spec::tests::test_spec_has_method
        PASS [   0.130s] ( 101/4972) auto-lang ast::spec::tests::test_spec_method_with_params
        PASS [   0.125s] ( 102/4972) auto-lang ast::task::tests::test_literal_value_char
        PASS [   0.143s] ( 103/4972) auto-lang ast::task::tests::test_literal_value_bool
        PASS [   0.126s] ( 104/4972) auto-lang ast::task::tests::test_literal_value_float
        PASS [   0.153s] ( 105/4972) auto-lang ast::task::tests::test_literal_value_equality
        PASS [   0.153s] ( 106/4972) auto-lang ast::task::tests::test_literal_value_int
        PASS [   0.151s] ( 107/4972) auto-lang ast::task::tests::test_literal_value_uint
        PASS [   0.153s] ( 108/4972) auto-lang ast::task::tests::test_literal_value_string
        PASS [   0.156s] ( 109/4972) auto-lang ast::task::tests::test_task_def_new
        PASS [   0.157s] ( 110/4972) auto-lang ast::task::tests::test_task_def_add_state
        PASS [   0.171s] ( 111/4972) auto-lang ast::task::tests::test_task_attr_single
        PASS [   0.144s] ( 112/4972) auto-lang ast::task::tests::test_task_msg_pattern_equality
        PASS [   0.128s] ( 113/4972) auto-lang ast::task::tests::test_task_msg_pattern_literal_equality
        PASS [   0.108s] ( 114/4972) auto-lang ast::task::tests::test_task_on_block_add_handler
        PASS [   0.142s] ( 115/4972) auto-lang ast::task::tests::test_task_msg_pattern_simple
        PASS [   0.144s] ( 116/4972) auto-lang ast::task::tests::test_task_msg_pattern_literal
        PASS [   0.126s] ( 117/4972) auto-lang ast::task::tests::test_task_msg_pattern_type_binding
        PASS [   0.124s] ( 118/4972) auto-lang ast::task::tests::test_task_msg_pattern_with_bindings
        PASS [   0.136s] ( 119/4972) auto-lang ast::task::tests::test_task_on_block_set_else
        PASS [   0.190s] ( 120/4972) auto-lang ast::task::tests::test_task_def_single
        PASS [   0.149s] ( 121/4972) auto-lang ast::task::tests::test_task_on_block_add_handler_with_guard
        PASS [   0.149s] ( 122/4972) auto-lang ast::task::tests::test_task_on_block_new
        PASS [   0.150s] ( 123/4972) auto-lang ast::ui::tests::test_msg_decl
        PASS [   0.150s] ( 124/4972) auto-lang ast::ui::tests::test_view_node_element
        PASS [   0.163s] ( 125/4972) auto-lang ast::task::tests::test_task_on_block_with_context
        PASS [   0.126s] ( 126/4972) auto-lang ast::use_::plan131_tests::test_use_to_node_with_module_path
        PASS [   0.139s] ( 127/4972) auto-lang ast::use_::plan131_tests::test_use_legacy_paths_backward_compat
        PASS [   0.139s] ( 128/4972) auto-lang ast::ui::tests::test_widget_decl
        PASS [   0.168s] ( 129/4972) auto-lang ast::ui::tests::test_view_node_text
        PASS [   0.141s] ( 130/4972) auto-lang ast::use_::plan131_tests::test_use_with_items
        PASS [   0.123s] ( 131/4972) auto-lang ast::use_::plan131_tests::test_use_with_pac_prefix
        PASS [   0.123s] ( 132/4972) auto-lang ast::use_::plan131_tests::test_use_with_super_prefix
        PASS [   0.122s] ( 133/4972) auto-lang aura::atom::tests::test_escape_string
        PASS [   0.137s] ( 134/4972) auto-lang ast::use_::plan131_tests::test_use_write_atom_with_module_path
        PASS [   0.123s] ( 135/4972) auto-lang aura::atom::tests::test_to_atom_simple_widget
        PASS [   0.136s] ( 136/4972) auto-lang aura::atom::tests::test_to_atom_with_children
        PASS [   0.152s] ( 137/4972) auto-lang aura::atom::tests::test_module_to_atom
        PASS [   0.150s] ( 138/4972) auto-lang aura::element_coverage::tests::element_table_tags_unique
        PASS [   0.151s] ( 139/4972) auto-lang aura::element_coverage::tests::element_counts_add_up
        PASS [   0.151s] ( 140/4972) auto-lang aura::atom::tests::test_type_to_string
        PASS [   0.138s] ( 141/4972) auto-lang aura::extract::tests::test_extract_fstr_bindings
        PASS [   0.138s] ( 142/4972) auto-lang aura::extract::tests::test_extract_inline_lambda_events
        PASS [   0.126s] ( 143/4972) auto-lang aura::extract::tests::test_extract_preserves_event_key_modifiers
        PASS [   0.128s] ( 144/4972) auto-lang aura::extract::tests::test_wire_form_submit_absent_button_noop
        PASS [   0.128s] ( 145/4972) auto-lang aura::extract::tests::test_wire_form_submit_inputs_enter_to_submit_button
        PASS [   0.142s] ( 146/4972) auto-lang aura::extract::tests::test_extract_inline_lambda_in_view_fn_fragment
        PASS [   0.128s] ( 147/4972) auto-lang aura::extract::tests::test_extract_view_tree_text
        PASS [   0.125s] ( 148/4972) auto-lang aura::extract::tests::test_wire_form_submit_respects_explicit_onenter
        PASS [   0.126s] ( 149/4972) auto-lang aura::extract::tests::test_wire_form_submit_skips_textarea
        PASS [   0.138s] ( 150/4972) auto-lang aura::schema::tests::test_element_props
        PASS [   0.157s] ( 151/4972) auto-lang aura::schema::tests::scroll_pane_props_and_alias
        PASS [   0.140s] ( 152/4972) auto-lang aura::schema::tests::test_elements_by_category
        PASS [   0.154s] ( 153/4972) auto-lang aura::schema::tests::test_prop_type_names
        PASS [   0.153s] ( 154/4972) auto-lang aura::schema::tests::test_schema_creation
        PASS [   0.155s] ( 155/4972) auto-lang aura::schema::tests::test_similar_suggestions
        PASS [   0.155s] ( 156/4972) auto-lang aura::schema::tests::test_widget_blocks
        PASS [   0.141s] ( 157/4972) auto-lang aura::schema_loader::tests::test_parse_const
        PASS [   0.126s] ( 158/4972) auto-lang aura::schema_loader::tests::test_schema_from_content
        PASS [   0.127s] ( 159/4972) auto-lang aura::types::tests::test_aura_events_get_base
        PASS [   0.126s] ( 160/4972) auto-lang aura::types::tests::test_aura_node_element
        PASS [   0.144s] ( 161/4972) auto-lang aura::schema_loader::tests::test_resolve_type
        PASS [   0.127s] ( 162/4972) auto-lang aura::types::tests::test_aura_message
        PASS [   0.125s] ( 163/4972) auto-lang aura::types::tests::test_aura_route
        PASS [   0.175s] ( 164/4972) auto-lang aura::schema_loader::tests::test_new_elements
        PASS [   0.204s] ( 165/4972) auto-lang aura::schema_loader::tests::test_load_schema
        PASS [   0.143s] ( 166/4972) auto-lang aura::types::tests::test_aura_node_text
        PASS [   0.154s] ( 167/4972) auto-lang aura::types::tests::test_aura_routes_from_routes_block
        PASS [   0.154s] ( 168/4972) auto-lang aura::types::tests::test_aura_route_from_route_def
        PASS [   0.154s] ( 169/4972) auto-lang aura::types::tests::test_aura_routes
        PASS [   0.153s] ( 170/4972) auto-lang aura::types::tests::test_aura_state_def
        PASS [   0.152s] ( 171/4972) auto-lang aura::types::tests::test_aura_widget
        PASS [   0.137s] ( 172/4972) auto-lang aura::types::tests::test_split_aura_event_key
        PASS [   0.155s] ( 173/4972) auto-lang aura::types::tests::test_logic_payload
        PASS [   0.142s] ( 174/4972) auto-lang aura::validate::tests::test_format_errors
        PASS [   0.156s] ( 175/4972) auto-lang aura::types::tests::test_widget_logic_and_view_split
        PASS [   0.142s] ( 176/4972) auto-lang aura::validate::tests::test_auto_imported_widgets
        PASS [   0.127s] ( 177/4972) auto-lang aura::validate::tests::test_levenshtein_distance
        PASS [   0.141s] ( 178/4972) auto-lang aura::validate::tests::test_missing_import_error_format
        PASS [   0.160s] ( 179/4972) auto-lang aura::validate::tests::test_unknown_element_suggestion
        PASS [   0.160s] ( 180/4972) auto-lang aura::validate::tests::test_schema_validation
        PASS [   0.166s] ( 181/4972) auto-lang autodown::ast::tests::test_expression
        PASS [   0.200s] ( 182/4972) auto-lang aura::validate::tests::test_valid_element
        PASS [   0.166s] ( 183/4972) auto-lang autodown::ast::tests::test_document_creation
        PASS [   0.203s] ( 184/4972) auto-lang aura::validate::tests::test_valid_element_with_children
        PASS [   0.158s] ( 185/4972) auto-lang autodown::ast::tests::test_math_creation
        PASS [   0.158s] ( 186/4972) auto-lang autodown::ast::tests::test_paragraph_creation
        PASS [   0.174s] ( 187/4972) auto-lang autodown::ast::tests::test_section_creation
        PASS [   0.160s] ( 188/4972) auto-lang autodown::cell::tests::test_extract_multiple_dependencies
        PASS [   0.160s] ( 189/4972) auto-lang autodown::cell::tests::test_extract_all_types
        PASS [   0.220s] ( 190/4972) auto-lang aura::validate::tests::test_widget_available_auto_imported
        PASS [   0.203s] ( 191/4972) auto-lang aura::validate::tests::test_widget_available_explicit_import
        PASS [   0.220s] ( 192/4972) auto-lang aura::validate::tests::test_validator_creation
        PASS [   0.159s] ( 193/4972) auto-lang autodown::cell::tests::test_extract_single_directive
        PASS [   0.159s] ( 194/4972) auto-lang autodown::cell::tests::test_extract_with_dependency
        PASS [   0.218s] ( 195/4972) auto-lang aura::validate::tests::test_widget_available_multiple_imports
        PASS [   0.141s] ( 196/4972) auto-lang autodown::cell::tests::test_ignore_invalid_directives
        PASS [   0.170s] ( 197/4972) auto-lang autodown::cell::tests::test_ignore_duplicate_ids
        PASS [   0.170s] ( 198/4972) auto-lang autodown::cell::tests::test_lexer_inline_comment
        PASS [   0.136s] ( 199/4972) auto-lang autodown::cell::tests::test_split_no_directives
        PASS [   0.170s] ( 200/4972) auto-lang autodown::cell::tests::test_split_into_cells_with_preamble
        PASS [   0.184s] ( 201/4972) auto-lang autodown::cell::tests::test_lexer_skips_comments
        PASS [   0.111s] ( 202/4972) auto-lang autodown::cell::tests::test_try_extract_with_errors
        PASS [   0.151s] ( 203/4972) auto-lang autodown::cell::tests::test_split_no_preamble
        PASS [   0.109s] ( 204/4972) auto-lang autodown::lexer::tests::test_lexer_interpolation
        PASS [   0.129s] ( 205/4972) auto-lang autodown::lexer::tests::test_lexer_basic_text
        PASS [   0.129s] ( 206/4972) auto-lang autodown::lexer::tests::test_lexer_header
        PASS [   0.110s] ( 207/4972) auto-lang autodown::lexer::tests::test_lexer_math
        PASS [   0.106s] ( 208/4972) auto-lang autodown::math::tests::test_typst_sum
        PASS [   0.123s] ( 209/4972) auto-lang autodown::math::tests::test_latex_sum
        PASS [   0.139s] ( 210/4972) auto-lang autodown::parser::tests::test_parse_list
        PASS [   0.139s] ( 211/4972) auto-lang autodown::parser::tests::test_parse_math
        PASS [   0.139s] ( 212/4972) auto-lang autodown::trans::html::tests::test_html_escape
        PASS [   0.154s] ( 213/4972) auto-lang autodown::trans::html::tests::test_html_inline_bold
        PASS [   0.154s] ( 214/4972) auto-lang autodown::parser::tests::test_parse_simple_document
        PASS [   0.153s] ( 215/4972) auto-lang autodown::trans::typst::tests::test_typst_list
        PASS [   0.153s] ( 216/4972) auto-lang autodown::trans::html::tests::test_html_inline_text
        PASS [   0.153s] ( 217/4972) auto-lang autodown::trans::html::tests::test_html_transpiler_basic
        PASS [   0.139s] ( 218/4972) auto-lang autodown::trans::typst::tests::test_typst_simple_document
        PASS [   0.169s] ( 219/4972) auto-lang autodown::trans::typst::tests::test_typst_math
        PASS [   0.142s] ( 220/4972) auto-lang autovm_persistent::tests::plan585_repl_constants_pinned_after_run
        PASS [   0.157s] ( 221/4972) auto-lang autovm_persistent::tests::plan585_loop_concat_system_strings_repl_parity
        PASS [   0.143s] ( 222/4972) auto-lang autovm_persistent::tests::test_autovm_session_create
        PASS [   0.143s] ( 223/4972) auto-lang autovm_persistent::tests::test_autovm_session_functions
        PASS [   0.159s] ( 224/4972) auto-lang autovm_persistent::tests::test_autovm_repl_list_type_preservation
        PASS [   0.174s] ( 225/4972) auto-lang autovm_persistent::tests::test_autovm_repl_let_rebinding
        PASS [   0.157s] ( 226/4972) auto-lang autovm_persistent::tests::test_autovm_session_reset
        PASS [   0.173s] ( 227/4972) auto-lang autovm_persistent::tests::test_autovm_session_stats
        PASS [   0.173s] ( 228/4972) auto-lang autovm_persistent::tests::test_autovm_session_simple_arithmetic
        PASS [   0.185s] ( 229/4972) auto-lang autovm_persistent::tests::test_autovm_task_reuse_variable_persistence
        PASS [   0.153s] ( 230/4972) auto-lang autovm_persistent::tests::test_debug_to_uint_native_id
        PASS [   0.186s] ( 231/4972) auto-lang autovm_persistent::tests::test_autovm_undefined_variable_error
        PASS [   0.219s] ( 232/4972) auto-lang autovm_persistent::tests::test_autovm_task_stack_state
        PASS [   0.171s] ( 233/4972) auto-lang autovm_persistent::tests::test_get_var_string_reads_toplevel_let
        PASS [   0.186s] ( 234/4972) auto-lang autovm_persistent::tests::test_debug_to_int_native_id
        PASS [   0.171s] ( 235/4972) auto-lang autovm_persistent::tests::test_get_var_string_reads_toplevel_var
        PASS [   0.187s] ( 236/4972) auto-lang autovm_persistent::tests::test_get_all_vars_includes_toplevel_var
        PASS [   0.172s] ( 237/4972) auto-lang autovm_persistent::tests::test_plan378_to_uint_large_value_not_truncated
        PASS [   0.157s] ( 238/4972) auto-lang autovm_repl::tests::test_autovm_repl_create
        PASS [   0.171s] ( 239/4972) auto-lang autovm_repl::tests::test_autovm_repl_default
        PASS [   0.187s] ( 240/4972) auto-lang autovm_persistent::tests::test_to_int_arithmetic
        PASS [   0.188s] ( 241/4972) auto-lang autovm_persistent::tests::test_hashmap_get_str_missing_key
        PASS [   0.184s] ( 242/4972) auto-lang back_prefix::tests::guard_scopes_overlay_and_dir_predicate_filters
        PASS [   0.168s] ( 243/4972) auto-lang back_prefix::tests::subdir_modules_under_front_dir_are_transformed
        PASS [   0.168s] ( 244/4972) auto-lang compile::tests::test_circular_dependency_detected
        PASS [   0.180s] ( 245/4972) auto-lang compile::tests::test_clear
        PASS [   0.166s] ( 246/4972) auto-lang compile::tests::test_compile_multiple_files
        PASS [   0.165s] ( 247/4972) auto-lang compile::tests::test_compile_once_convenience
        PASS [   0.148s] ( 248/4972) auto-lang compile::tests::test_compile_session_new
        PASS [   0.148s] ( 249/4972) auto-lang compile::tests::test_compile_source_simple
        PASS [   0.153s] ( 250/4972) auto-lang compile::tests::test_empty_source
        PASS [   0.140s] ( 251/4972) auto-lang compile::tests::test_file_no_change
        PASS [   0.231s] ( 252/4972) auto-lang back_prefix::tests::route_page_fetch_reaches_proxied_root_when_guard_active
        PASS [   0.122s] ( 253/4972) auto-lang compile::tests::test_get_fragment_by_name
        PASS [   0.157s] ( 254/4972) auto-lang compile::tests::test_file_changed
        PASS [   0.124s] ( 255/4972) auto-lang compile::tests::test_fragment_iface_hash_storage
        PASS [   0.138s] ( 256/4972) auto-lang compile::tests::test_import_chain
        PASS [   0.137s] ( 257/4972) auto-lang compile::tests::test_interface_hash_changed_signature_change
        PASS [   0.138s] ( 258/4972) auto-lang compile::tests::test_import_diamond
        PASS [   0.154s] ( 259/4972) auto-lang compile::tests::test_interface_hash_unchanged_body_change
        PASS [   0.169s] ( 260/4972) auto-lang compile::tests::test_list_functions
        PASS [   0.140s] ( 261/4972) auto-lang comptime::transformer::tests::test_compile_error_intrinsic
        PASS [   0.169s] ( 262/4972) auto-lang compile::tests::test_stats
        PASS [   0.139s] ( 263/4972) auto-lang comptime::transformer::tests::test_values_equal
        PASS [   0.170s] ( 264/4972) auto-lang compile::tests::test_no_circular_dependency
        PASS [   0.169s] ( 265/4972) auto-lang comptime::transformer::tests::test_builtin_constants
        PASS [   0.151s] ( 266/4972) auto-lang comptime::transformer::tests::test_is_truthy
        PASS [   0.157s] ( 267/4972) auto-lang config::tests::test_default_classes_config_toggle
        PASS [   0.091s] ( 268/4972) auto-lang database::tests::test_dep_graph_fragment_level
        PASS [   0.157s] ( 269/4972) auto-lang config::tests::test_injected_bool_arg
        PASS [   0.142s] ( 270/4972) auto-lang database::tests::test_artifact_management
        PASS [   0.138s] ( 271/4972) auto-lang database::tests::test_clear_all_dirty_flags
        PASS [   0.139s] ( 272/4972) auto-lang database::tests::test_bytecode_cache
        PASS [   0.172s] ( 273/4972) auto-lang config::tests::test_on_off_builtin_config_globals
        PASS [   0.167s] ( 274/4972) auto-lang database::tests::test_clear_dirty_flag
        PASS [   0.152s] ( 275/4972) auto-lang database::tests::test_clear_fragment_hashes
        PASS [   0.167s] ( 276/4972) auto-lang database::tests::test_database_new
        PASS [   0.168s] ( 277/4972) auto-lang database::tests::test_cur_spot
        PASS [   0.167s] ( 278/4972) auto-lang database::tests::test_dep_graph_file_level
        PASS [   0.217s] ( 279/4972) auto-lang config::tests::test_injected_object_arg_field_access
        PASS [   0.167s] ( 280/4972) auto-lang database::tests::test_fragment_id
        PASS [   0.152s] ( 281/4972) auto-lang database::tests::test_get_all_artifacts
        PASS [   0.136s] ( 282/4972) auto-lang database::tests::test_get_dirty_files
        PASS [   0.138s] ( 283/4972) auto-lang database::tests::test_get_fragments_by_file
        PASS [   0.138s] ( 284/4972) auto-lang database::tests::test_get_files
        PASS [   0.139s] ( 285/4972) auto-lang database::tests::test_get_dirty_fragments
        PASS [   0.154s] ( 286/4972) auto-lang database::tests::test_get_file_id_by_path
        PASS [   0.143s] ( 287/4972) auto-lang database::tests::test_insert_source
        PASS [   0.155s] ( 288/4972) auto-lang database::tests::test_hash_file
        PASS [   0.138s] ( 289/4972) auto-lang database::tests::test_is_file_dirty_changed
        PASS [   0.170s] ( 290/4972) auto-lang database::tests::test_is_file_dirty_new_file
        PASS [   0.169s] ( 291/4972) auto-lang database::tests::test_is_file_dirty_unchanged
        PASS [   0.170s] ( 292/4972) auto-lang database::tests::test_insert_source_update_existing
        PASS [   0.168s] ( 293/4972) auto-lang database::tests::test_is_fragment_dirty
        PASS [   0.168s] ( 294/4972) auto-lang database::tests::test_lambda_counter
        PASS [   0.167s] ( 295/4972) auto-lang database::tests::test_mark_file_dirty
        PASS [   0.153s] ( 296/4972) auto-lang database::tests::test_mark_transpiled
        PASS [   0.172s] ( 297/4972) auto-lang database::tests::test_propagate_dirty
        PASS [   0.155s] ( 298/4972) auto-lang database::tests::test_propagate_dirty_recursive
        PASS [   0.155s] ( 299/4972) auto-lang database::tests::test_remove_file
        PASS [   0.142s] ( 300/4972) auto-lang database::tests::test_remove_file_clears_hash
        PASS [   0.155s] ( 301/4972) auto-lang database::tests::test_scope_management
        PASS [   0.142s] ( 302/4972) auto-lang database::tests::test_symbol_table_and_scope_coexistence
        PASS [   0.160s] ( 303/4972) auto-lang database::tests::test_spec_management
        PASS [   0.174s] ( 304/4972) auto-lang database::tests::test_scope_to_symbol_table_migration
        PASS [   0.160s] ( 305/4972) auto-lang database::tests::test_set_and_get_fragment_iface_hash
        PASS [   0.171s] ( 306/4972) auto-lang database::tests::test_symbol_table_get_mut
        PASS [   0.170s] ( 307/4972) auto-lang database::tests::test_symbol_table_insert_get
        PASS [   0.186s] ( 308/4972) auto-lang database::tests::test_symbol_table_fields_preservation
        PASS [   0.170s] ( 309/4972) auto-lang database::tests::test_symbol_table_remove
        PASS [   0.139s] ( 310/4972) auto-lang database::ui_artifact::tests::test_ui_backend_from_str
        PASS [   0.171s] ( 311/4972) auto-lang database::tests::test_type_cache
        PASS [   0.184s] ( 312/4972) auto-lang database::tests::test_type_alias_management
        PASS [   0.153s] ( 313/4972) auto-lang database::ui_cache::tests::test_cache_new
        PASS [   0.153s] ( 314/4972) auto-lang database::ui_artifact::tests::test_ui_backend_display
        PASS [   0.155s] ( 315/4972) auto-lang database::ui_cache::tests::test_fingerprint_appeared_or_disappeared_invalidates
        PASS [   0.155s] ( 316/4972) auto-lang database::ui_cache::tests::test_fingerprint_match_retained
        PASS [   0.158s] ( 317/4972) auto-lang database::ui_cache::tests::test_fingerprint_mismatch_invalidates_all
        PASS [   0.139s] ( 318/4972) auto-lang database::ui_cache::tests::test_is_dirty_new_file
        PASS [   0.158s] ( 319/4972) auto-lang database::ui_cache::tests::test_is_dirty_changed_file
        PASS [   0.154s] ( 320/4972) auto-lang database::ui_cache::tests::test_save_and_load
        PASS [   0.153s] ( 321/4972) auto-lang database::ui_cache::tests::test_version1_cache_without_fingerprint_discarded
        PASS [   0.155s] ( 322/4972) auto-lang database::ui_cache::tests::test_is_dirty_unchanged_file
        PASS [   0.170s] ( 323/4972) auto-lang dep::tests::test_scanner_no_calls
        PASS [   0.152s] ( 324/4972) auto-lang dep_scanner::tests::test_dep_types
        PASS [   0.169s] ( 325/4972) auto-lang dep_scanner::tests::test_scan_dep_with_git
        PASS [   0.169s] ( 326/4972) auto-lang dep_scanner::tests::test_scan_dep_skip_comments
        PASS [   0.139s] ( 327/4972) auto-lang dep_scanner::tests::test_scan_simple_dep
        PASS [   0.183s] ( 328/4972) auto-lang dep_scanner::tests::test_scan_dep_with_features
        PASS [   0.154s] ( 329/4972) auto-lang dep_scanner::tests::test_scan_dep_with_path
        PASS [   0.154s] ( 330/4972) auto-lang design_tokens::decl::tests::compose_overrides_and_normalizes
        PASS [   0.140s] ( 331/4972) auto-lang design_tokens::decl::tests::negative_cases
        PASS [   0.155s] ( 332/4972) auto-lang dep_scanner::tests::test_scan_dep_with_version
        PASS [   0.155s] ( 333/4972) auto-lang design_tokens::decl::tests::named_chain_layering_and_mode_inheritance
        PASS [   0.155s] ( 334/4972) auto-lang design_tokens::decl::tests::depth_limit_and_cycle
        PASS [   0.160s] ( 335/4972) auto-lang design_tokens::recipe::tests::test_plan635_cross_package_deps_layout
        PASS [   0.160s] ( 336/4972) auto-lang design_tokens::recipe::tests::test_plan635_named_import_non_pub_is_error
        PASS [   0.144s] ( 337/4972) auto-lang design_tokens::recipe::tests::test_plan635_named_import_registers_and_desugars
        PASS [   0.161s] ( 338/4972) auto-lang design_tokens::recipe::tests::test_plan635_name_collision_is_error
        PASS [   0.188s] ( 339/4972) auto-lang design_tokens::recipe::tests::test_plan635_transitive_import
        PASS [   0.186s] ( 340/4972) auto-lang design_tokens::recipe::tests::test_style_recipe_desugar_engine
        PASS [   0.187s] ( 341/4972) auto-lang design_tokens::recipe::tests::test_plan635_wildcard_imports_pub_only
        PASS [   0.170s] ( 342/4972) auto-lang design_tokens::recipe::tests::test_style_recipe_lint_palette_warnings
        PASS [   0.188s] ( 343/4972) auto-lang design_tokens::recipe::tests::test_style_recipe_in_widget_extraction
        PASS [   0.171s] ( 344/4972) auto-lang design_tokens::registry::tests::accent_table_fingerprint
        PASS [   0.172s] ( 345/4972) auto-lang design_tokens::recipe::tests::test_style_recipe_semantic_validation
        PASS [   0.171s] ( 346/4972) auto-lang design_tokens::registry::tests::scaffold_extended_tokens_dual_face
        PASS [   0.172s] ( 347/4972) auto-lang design_tokens::registry::tests::render_fingerprint
        PASS [   0.172s] ( 348/4972) auto-lang design_tokens::registry::tests::dual_face_consistency
        PASS [   0.173s] ( 349/4972) auto-lang execution_engine::tests::test_default_engine
        PASS [   0.173s] ( 350/4972) auto-lang design_tokens::registry::tests::themes_core_complete
        PASS [   0.187s] ( 351/4972) auto-lang design_tokens::registry::tests::theme_palettes_js_shape
        PASS [   0.204s] ( 352/4972) auto-lang execution_engine::tests::test_engine_from_env
        PASS [   0.206s] ( 353/4972) auto-lang ffi::tests::test_c_signature_creation
        PASS [   0.200s] ( 354/4972) auto-lang ffi::tests::test_ffi_bridge_creation
        PASS [   0.184s] ( 355/4972) auto-lang ffi::tests::test_ffi_registry
        PASS [   0.156s] ( 356/4972) auto-lang ffi::tests::test_register_c_function_rejects_unloadable_library
        PASS [   0.201s] ( 357/4972) auto-lang ffi::tests::test_get_function_id
        PASS [   0.201s] ( 358/4972) auto-lang ffi::tests::test_register_c_function
        PASS [   0.159s] ( 359/4972) auto-lang ffi::tests::test_with_library_exposes_only_loaded_libraries
        PASS [   0.159s] ( 360/4972) auto-lang ffi::tests::test_rust_signature_creation
        PASS [   0.160s] ( 361/4972) auto-lang hash::tests::test_hash_different_types
        PASS [   0.174s] ( 362/4972) auto-lang hash::tests::test_hash_ast_consistent
        PASS [   0.186s] ( 363/4972) auto-lang hash::tests::test_hash_interface_different_params
        PASS [   0.107s] ( 364/4972) auto-lang implicit_union::tests::test_from_on_block
        PASS [   0.202s] ( 365/4972) auto-lang hash::tests::test_hash_interface_different_name
        PASS [   0.189s] ( 366/4972) auto-lang hash::tests::test_hash_interface_same_signature
        PASS [   0.203s] ( 367/4972) auto-lang hash::tests::test_hash_interface_ignores_body
        PASS [   0.172s] ( 368/4972) auto-lang hash::tests::test_hash_text_consistent
        PASS [   0.184s] ( 369/4972) auto-lang implicit_union::tests::test_add_literal_dedup
        PASS [   0.204s] ( 370/4972) auto-lang implicit_union::tests::test_add_literal_string
        PASS [   0.565s] ( 371/4972) auto-lang design_tokens::recipe::tests::test_plan635_example_fixture_vue_chain
        PASS [   0.220s] ( 372/4972) auto-lang implicit_union::tests::test_add_type_binding
        PASS [   0.203s] ( 373/4972) auto-lang implicit_union::tests::test_generate_c_enum
        PASS [   0.298s] ( 374/4972) auto-lang hash::tests::test_hash_interface_different_return_type
        PASS [   0.222s] ( 375/4972) auto-lang implicit_union::tests::test_empty_union
        PASS [   0.184s] ( 376/4972) auto-lang implicit_union::tests::test_generate_rust_enum
        PASS [   0.211s] ( 377/4972) auto-lang implicit_union::tests::test_generate_rust_enum_int
        PASS [   0.213s] ( 378/4972) auto-lang implicit_union::tests::test_literal_to_variant_name_bool
        PASS [   0.213s] ( 379/4972) auto-lang implicit_union::tests::test_implicit_union_new
        PASS [   0.442s] ( 380/4972) auto-lang ffi::tests::test_rust_ffi_bridge_creation
        PASS [   0.192s] ( 381/4972) auto-lang implicit_union::tests::test_to_pascal_case
        PASS [   0.208s] ( 382/4972) auto-lang implicit_union::tests::test_literal_to_variant_name_int
        PASS [   0.644s] ( 383/4972) auto-lang design_tokens::recipe::tests::test_plan635_vue_chain_expands_imported_recipe
        PASS [   0.428s] ( 384/4972) auto-lang ffi::tests::test_rust_ffi_get_function_id
        PASS [   0.628s] ( 385/4972) auto-lang design_tokens::recipe::tests::test_style_recipe_in_vue_gen
        PASS [   0.193s] ( 386/4972) auto-lang implicit_union::tests::test_literal_to_variant_name_string
        PASS [   0.448s] ( 387/4972) auto-lang ffi::tests::test_rust_ffi_bridge_sandbox
        PASS [   0.187s] ( 388/4972) auto-lang implicit_union::tests::test_type_binding_to_variant_name
        PASS [   0.198s] ( 389/4972) auto-lang implicit_union::tests::test_variant_count
        PASS [   0.213s] ( 390/4972) auto-lang implicit_union::tests::test_type_to_rust_type
        PASS [   0.199s] ( 391/4972) auto-lang indexer::tests::test_index_ast_empty
        PASS [   0.167s] ( 392/4972) auto-lang indexer::tests::test_index_function
        PASS [   0.182s] ( 393/4972) auto-lang indexer::tests::test_index_ast_with_function
        PASS [   0.182s] ( 394/4972) auto-lang indexer::tests::test_index_use_stmt_dependency
        PASS [   0.182s] ( 395/4972) auto-lang indexer::tests::test_indexer_new
        PASS [   0.181s] ( 396/4972) auto-lang indexer::tests::test_reindex_file_changed
        PASS [   0.194s] ( 397/4972) auto-lang indexer::tests::test_reindex_file_propagates_dirty
        PASS [   0.153s] ( 398/4972) auto-lang infer::constraints::tests::test_constraint_equality
        PASS [   0.199s] ( 399/4972) auto-lang indexer::tests::test_reindex_file_propagates_dirty_recursive
        PASS [   0.171s] ( 400/4972) auto-lang indexer::tests::test_reindex_file_unchanged
        PASS [   0.146s] ( 401/4972) auto-lang infer::context::tests::test_scope_stack
        PASS [   0.168s] ( 402/4972) auto-lang infer::constraints::tests::test_constraint_span
        PASS [   0.163s] ( 403/4972) auto-lang infer::context::tests::test_unify_arrays
        PASS [   0.163s] ( 404/4972) auto-lang infer::context::tests::test_unify_different_types_fails
        PASS [   0.178s] ( 405/4972) auto-lang infer::context::tests::test_context_creation
        PASS [   0.178s] ( 406/4972) auto-lang infer::context::tests::test_unify_arrays_different_length_fails
        PASS [   0.178s] ( 407/4972) auto-lang infer::context::tests::test_bind_and_lookup
        PASS [   0.191s] ( 408/4972) auto-lang infer::context::tests::test_unify_same_types
        PASS [   0.200s] ( 409/4972) auto-lang infer::context::tests::test_unify_with_unknown
        PASS [   0.186s] ( 410/4972) auto-lang infer::errors::tests::test_format_error_with_suggestion
        PASS [   0.186s] ( 411/4972) auto-lang infer::errors::tests::test_levenshtein_distance
        PASS [   0.213s] ( 412/4972) auto-lang infer::errors::tests::test_coercion_warning
        PASS [   0.188s] ( 413/4972) auto-lang infer::errors::tests::test_should_continue_at_threshold
        PASS [   0.186s] ( 414/4972) auto-lang infer::errors::tests::test_should_continue_below_threshold
        PASS [   0.187s] ( 415/4972) auto-lang infer::errors::tests::test_suggest_primitive_type
        PASS [   0.172s] ( 416/4972) auto-lang infer::errors::tests::test_suggest_type_exact_match
        PASS [   0.200s] ( 417/4972) auto-lang infer::errors::tests::test_suggest_type_mismatch_fix_int_uint
        PASS [   0.185s] ( 418/4972) auto-lang infer::errors::tests::test_suggest_type_mismatch_fix_user_type
        PASS [   0.171s] ( 419/4972) auto-lang infer::errors::tests::test_suggest_type_no_match
        PASS [   0.170s] ( 420/4972) auto-lang infer::errors::tests::test_suggest_variable_typo
        PASS [   0.170s] ( 421/4972) auto-lang infer::errors::tests::test_suggest_type_typo
        PASS [   0.173s] ( 422/4972) auto-lang infer::expr::tests::test_infer_array
        PASS [   0.172s] ( 423/4972) auto-lang infer::expr::tests::test_infer_binary_op_add
        PASS [   0.186s] ( 424/4972) auto-lang infer::errors::tests::test_unused_variable_warning
        PASS [   0.171s] ( 425/4972) auto-lang infer::expr::tests::test_infer_closure_simple
        PASS [   0.171s] ( 426/4972) auto-lang infer::expr::tests::test_infer_binary_op_comparison
        PASS [   0.184s] ( 427/4972) auto-lang infer::expr::tests::test_infer_empty_array
        PASS [   0.184s] ( 428/4972) auto-lang infer::expr::tests::test_infer_if_expr
        PASS [   0.201s] ( 429/4972) auto-lang infer::expr::tests::test_infer_closure_with_explicit_types
        PASS [   0.188s] ( 430/4972) auto-lang infer::expr::tests::test_infer_index_expr
        PASS [   0.171s] ( 431/4972) auto-lang infer::expr::tests::test_infer_literal_float
        PASS [   0.189s] ( 432/4972) auto-lang infer::expr::tests::test_infer_literal_bool
        PASS [   0.172s] ( 433/4972) auto-lang infer::expr::tests::test_infer_literal_int
        PASS [   0.171s] ( 434/4972) auto-lang infer::expr::tests::test_infer_unary_op_not
        PASS [   0.171s] ( 435/4972) auto-lang infer::expr::tests::test_infer_unary_op_neg
        PASS [   0.188s] ( 436/4972) auto-lang infer::expr::tests::test_infer_literal_string
        PASS [   0.184s] ( 437/4972) auto-lang infer::functions::tests::test_check_fn_empty_body
        PASS [   0.185s] ( 438/4972) auto-lang infer::expr::tests::test_type_args_stored_in_call
        PASS [   0.173s] ( 439/4972) auto-lang infer::functions::tests::test_check_fn_inferred_return_type
        PASS [   0.173s] ( 440/4972) auto-lang infer::functions::tests::test_check_fn_missing_parameter_type
        PASS [   0.174s] ( 441/4972) auto-lang infer::functions::tests::test_check_fn_multiple_params
        PASS [   0.189s] ( 442/4972) auto-lang infer::functions::tests::test_check_fn_mixed_params
        PASS [   0.175s] ( 443/4972) auto-lang infer::functions::tests::test_check_fn_no_params_no_return
        PASS [   0.173s] ( 444/4972) auto-lang infer::functions::tests::test_check_fn_return_bool
        PASS [   0.173s] ( 445/4972) auto-lang infer::functions::tests::test_check_fn_param_type_inference
        PASS [   0.173s] ( 446/4972) auto-lang infer::functions::tests::test_check_fn_return_array
        PASS [   0.186s] ( 447/4972) auto-lang infer::functions::tests::test_check_fn_static_method
        PASS [   0.172s] ( 448/4972) auto-lang infer::functions::tests::test_check_fn_with_body_errors
        PASS [   0.201s] ( 449/4972) auto-lang infer::functions::tests::test_check_fn_return_string
        PASS [   0.188s] ( 450/4972) auto-lang infer::functions::tests::test_check_fn_void_return
        PASS [   0.189s] ( 451/4972) auto-lang infer::functions::tests::test_check_fn_with_default_values
        PASS [   0.174s] ( 452/4972) auto-lang infer::registry::tests::test_type_registry_get_template
        PASS [   0.190s] ( 453/4972) auto-lang infer::functions::tests::test_check_fn_with_default_param
        PASS [   0.171s] ( 454/4972) auto-lang infer::stmt::tests::test_check_body_empty
        PASS [   0.188s] ( 455/4972) auto-lang infer::registry::tests::test_type_registry_new
        PASS [   0.189s] ( 456/4972) auto-lang infer::functions::tests::test_check_fn_with_explicit_types
        PASS [   0.200s] ( 457/4972) auto-lang infer::stmt::tests::test_check_array_inference
        PASS [   0.200s] ( 458/4972) auto-lang infer::registry::tests::test_type_registry_register_and_lookup
        PASS [   0.171s] ( 459/4972) auto-lang infer::stmt::tests::test_check_break_statement
        PASS [   0.187s] ( 460/4972) auto-lang infer::stmt::tests::test_check_body_with_expr
        PASS [   0.187s] ( 461/4972) auto-lang infer::stmt::tests::test_check_body_with_multiple_statements
        PASS [   0.186s] ( 462/4972) auto-lang infer::stmt::tests::test_check_body_with_return
        PASS [   0.169s] ( 463/4972) auto-lang infer::stmt::tests::test_check_cvar_statement
        PASS [   0.185s] ( 464/4972) auto-lang infer::stmt::tests::test_check_expr_stmt_nil
        PASS [   0.170s] ( 465/4972) auto-lang infer::stmt::tests::test_check_let_inference
        PASS [   0.185s] ( 466/4972) auto-lang infer::stmt::tests::test_check_expr_stmt
        PASS [   0.198s] ( 467/4972) auto-lang infer::stmt::tests::test_check_let_nil_value
        PASS [   0.199s] ( 468/4972) auto-lang infer::stmt::tests::test_check_expr_stmt_with_ident
        PASS [   0.173s] ( 469/4972) auto-lang infer::stmt::tests::test_check_let_with_byte
        PASS [   0.173s] ( 470/4972) auto-lang infer::stmt::tests::test_check_let_with_bool
        PASS [   0.188s] ( 471/4972) auto-lang infer::stmt::tests::test_check_let_type_mismatch
        PASS [   0.154s] ( 472/4972) auto-lang infer::stmt::tests::test_check_let_with_double
        PASS [   0.154s] ( 473/4972) auto-lang infer::stmt::tests::test_check_let_with_float
        PASS [   0.173s] ( 474/4972) auto-lang infer::stmt::tests::test_check_let_with_char
        PASS [   0.155s] ( 475/4972) auto-lang infer::stmt::tests::test_check_let_with_uint
        PASS [   0.169s] ( 476/4972) auto-lang infer::stmt::tests::test_check_let_with_string
        PASS [   0.168s] ( 477/4972) auto-lang infer::stmt::tests::test_check_let_with_type
        PASS [   0.157s] ( 478/4972) auto-lang infer::stmt::tests::test_check_return_mismatch
        PASS [   0.184s] ( 479/4972) auto-lang infer::stmt::tests::test_check_nested_scopes
        PASS [   0.157s] ( 480/4972) auto-lang infer::stmt::tests::test_check_type_coercion_int_to_uint
        PASS [   0.175s] ( 481/4972) auto-lang infer::stmt::tests::test_check_return
        PASS [   0.158s] ( 482/4972) auto-lang infer::stmt::tests::test_check_scope_isolation
        PASS [   0.156s] ( 483/4972) auto-lang infer::task_types::tests::test_check_send_type_matching
        PASS [   0.158s] ( 484/4972) auto-lang infer::stmt::tests::test_check_var_statement
        PASS [   0.173s] ( 485/4972) auto-lang infer::stmt::tests::test_check_return_without_context
        PASS [   0.155s] ( 486/4972) auto-lang infer::task_types::tests::test_check_send_type_union
        PASS [   0.168s] ( 487/4972) auto-lang infer::task_types::tests::test_infer_envelope_type_empty
        PASS [   0.185s] ( 488/4972) auto-lang infer::task_types::tests::test_check_send_type_mismatch
        PASS [   0.156s] ( 489/4972) auto-lang infer::task_types::tests::test_infer_envelope_type_single_pattern
        PASS [   0.157s] ( 490/4972) auto-lang infer::task_types::tests::test_infer_envelope_type_multiple_patterns
        PASS [   0.154s] ( 491/4972) auto-lang infer::task_types::tests::test_literal_to_type
        PASS [   0.154s] ( 492/4972) auto-lang infer::task_types::tests::test_task_type_checker_new
        PASS [   0.171s] ( 493/4972) auto-lang infer::task_types::tests::test_type_accepts_unknown
        PASS [   0.155s] ( 494/4972) auto-lang infer::unification::tests::test_occurs_in
        PASS [   0.156s] ( 495/4972) auto-lang infer::unification::tests::test_unify_arrays
        PASS [   0.184s] ( 496/4972) auto-lang infer::unification::tests::test_unify_arrays_different_elem_type_fails
        PASS [   0.170s] ( 497/4972) auto-lang infer::unification::tests::test_unify_arrays_different_length_fails
        PASS [   0.173s] ( 498/4972) auto-lang infer::unification::tests::test_unify_same_types
        PASS [   0.187s] ( 499/4972) auto-lang infer::unification::tests::test_unify_different_types_fails
        PASS [   0.155s] ( 500/4972) auto-lang infer::unification::tests::test_unify_storage_fixed_same_capacity
        PASS [   0.174s] ( 501/4972) auto-lang infer::unification::tests::test_unify_storage_dynamic
        PASS [   0.174s] ( 502/4972) auto-lang infer::unification::tests::test_unify_storage_fixed_different_capacity_fails
        PASS [   0.171s] ( 503/4972) auto-lang infer::unification::tests::test_unify_storage_with_unknown
        PASS [   0.172s] ( 504/4972) auto-lang infer::unification::tests::test_unify_storage_fixed_vs_dynamic_fails
        PASS [   0.158s] ( 505/4972) auto-lang infer::unification::tests::test_unify_with_coercion
        PASS [   0.183s] ( 506/4972) auto-lang infer::unification::tests::test_unify_with_unknown
        PASS [   0.189s] ( 507/4972) auto-lang interpreter::tests::test_global_scalar_visible_in_eval
        PASS [   0.202s] ( 508/4972) auto-lang interpreter::tests::test_for_over_injected_global_array
        PASS [   0.216s] ( 509/4972) auto-lang interpreter::tests::test_eval_succeeds
        PASS [   0.173s] ( 510/4972) auto-lang lexer::tests::test_at
        PASS [   0.188s] ( 511/4972) auto-lang lexer::tests::test_arrow
        PASS [   0.188s] ( 512/4972) auto-lang interpreter::tests::test_merge_atom_obj
        PASS [   0.189s] ( 513/4972) auto-lang interpreter::tests::test_mold_template_for_over_node_array
        PASS [   0.188s] ( 514/4972) auto-lang lexer::tests::test_bom_skipped
        PASS [   0.171s] ( 515/4972) auto-lang lexer::tests::test_char
        PASS [   0.199s] ( 516/4972) auto-lang lexer::tests::test_comment
        PASS [   0.199s] ( 517/4972) auto-lang lexer::tests::test_cstr
        PASS [   0.187s] ( 518/4972) auto-lang lexer::tests::test_fstr_escaped_braces_pair
        PASS [   0.187s] ( 519/4972) auto-lang lexer::tests::test_fstr
        PASS [   0.186s] ( 520/4972) auto-lang lexer::tests::test_fstr_escaped_braces_with_expr
        PASS [   0.185s] ( 521/4972) auto-lang lexer::tests::test_fstr_escaped_braces_with_interpolation
        PASS [   0.185s] ( 522/4972) auto-lang lexer::tests::test_fstr_escaped_double_close_brace
        PASS [   0.185s] ( 523/4972) auto-lang lexer::tests::test_fstr_escaped_double_open_brace
        PASS [   0.185s] ( 524/4972) auto-lang lexer::tests::test_fstr_expr
        PASS [   0.183s] ( 525/4972) auto-lang lexer::tests::test_fstr_lexer
        PASS [   0.197s] ( 526/4972) auto-lang lexer::tests::test_fstr_multi
        PASS [   0.211s] ( 527/4972) auto-lang lexer::tests::test_fstr_f
        PASS [   0.185s] ( 528/4972) auto-lang lexer::tests::test_fstr_single_brace_not_escaped
        PASS [   0.168s] ( 529/4972) auto-lang lexer::tests::test_fstr_with_note
        PASS [   0.168s] ( 530/4972) auto-lang lexer::tests::test_hash_alone_for_annotation
        PASS [   0.168s] ( 531/4972) auto-lang lexer::tests::test_hash_for_token
        PASS [   0.184s] ( 532/4972) auto-lang lexer::tests::test_hash_brace_token
        PASS [   0.185s] ( 533/4972) auto-lang lexer::tests::test_hash_if_not_confused_with_identifier
        PASS [   0.185s] ( 534/4972) auto-lang lexer::tests::test_hash_for_not_confused_with_identifier
        PASS [   0.184s] ( 535/4972) auto-lang lexer::tests::test_hash_if_token
        PASS [   0.198s] ( 536/4972) auto-lang lexer::tests::test_hyphen_identifier_vs_subtraction
        PASS [   0.198s] ( 537/4972) auto-lang lexer::tests::test_hash_is_token
        PASS [   0.169s] ( 538/4972) auto-lang lexer::tests::test_is
        PASS [   0.186s] ( 539/4972) auto-lang lexer::tests::test_i8
        PASS [   0.187s] ( 540/4972) auto-lang lexer::tests::test_hyphenated_identifiers
        PASS [   0.170s] ( 541/4972) auto-lang lexer::tests::test_minus_one
        PASS [   0.171s] ( 542/4972) auto-lang lexer::tests::test_markdown
        PASS [   0.187s] ( 543/4972) auto-lang lexer::tests::test_lexer
        PASS [   0.172s] ( 544/4972) auto-lang lexer::tests::test_multi_str_embedded_double_quotes
        PASS [   0.171s] ( 545/4972) auto-lang lexer::tests::test_multi_str_embedded_single_quote
        PASS [   0.171s] ( 546/4972) auto-lang lexer::tests::test_multi_str_empty
        PASS [   0.171s] ( 547/4972) auto-lang lexer::tests::test_multi_str_with_escapes
        PASS [   0.185s] ( 548/4972) auto-lang lexer::tests::test_multi_str_simple
        PASS [   0.174s] ( 549/4972) auto-lang lexer::tests::test_on
        PASS [   0.158s] ( 550/4972) auto-lang lexer::tests::test_on_in_fn
        PASS [   0.174s] ( 551/4972) auto-lang lexer::tests::test_multi_str_with_newlines
        PASS [   0.158s] ( 552/4972) auto-lang lexer::tests::test_pac_keyword_in_use
        PASS [   0.174s] ( 553/4972) auto-lang lexer::tests::test_pac_keyword
        PASS [   0.173s] ( 554/4972) auto-lang lexer::tests::test_pair
        PASS [   0.157s] ( 555/4972) auto-lang lexer::tests::test_path
        PASS [   0.184s] ( 556/4972) auto-lang lexer::tests::test_range
        PASS [   0.184s] ( 557/4972) auto-lang lexer::tests::test_regular_str_unchanged
        PASS [   0.155s] ( 558/4972) auto-lang lexer::tests::test_router_keywords
        PASS [   0.156s] ( 559/4972) auto-lang lexer::tests::test_str
        PASS [   0.156s] ( 560/4972) auto-lang lexer::tests::test_str_1
        PASS [   0.173s] ( 561/4972) auto-lang lexer::tests::test_routes_token_text
        PASS [   0.172s] ( 562/4972) auto-lang lexer::tests::test_str_escape_backslash
        PASS [   0.155s] ( 563/4972) auto-lang lexer::tests::test_str_escape_newline
        PASS [   0.171s] ( 564/4972) auto-lang lexer::tests::test_str_escape_tab
        PASS [   0.172s] ( 565/4972) auto-lang lexer::tests::test_str_escape_quote
        PASS [   0.186s] ( 566/4972) auto-lang lexer::tests::test_subtraction_with_spaces
        PASS [   0.186s] ( 567/4972) auto-lang lexer::tests::test_super_keyword_in_use
        PASS [   0.186s] ( 568/4972) auto-lang lexer::tests::test_super_keyword
        PASS [   0.173s] ( 569/4972) auto-lang lexer::tests::test_tick_str
        PASS [   0.173s] ( 570/4972) auto-lang lexer::tests::test_u8
        PASS [   0.156s] ( 571/4972) auto-lang lexer::tests::test_uint
        PASS [   0.171s] ( 572/4972) auto-lang lexer::tests::test_use_c
        PASS [   0.172s] ( 573/4972) auto-lang lexer::tests_w2_power::test_star_vs_power_lex
        PASS [   0.169s] ( 574/4972) auto-lang libs::may::tests::test_may_error
        PASS [   0.170s] ( 575/4972) auto-lang libs::may::tests::test_may_empty
        PASS [   0.186s] ( 576/4972) auto-lang libs::may::tests::test_may_is_empty_false
        PASS [   0.171s] ( 577/4972) auto-lang libs::may::tests::test_may_is_error_true
        PASS [   0.199s] ( 578/4972) auto-lang libs::may::tests::test_may_is_empty_true
        PASS [   0.188s] ( 579/4972) auto-lang libs::may::tests::test_may_is_error_false
        PASS [   0.188s] ( 580/4972) auto-lang libs::may::tests::test_may_is_value_false
        PASS [   0.189s] ( 581/4972) auto-lang libs::may::tests::test_may_is_value_true
        PASS [   0.189s] ( 582/4972) auto-lang libs::may::tests::test_may_unwrap_error
        PASS [   0.189s] ( 583/4972) auto-lang libs::may::tests::test_may_unwrap_error_or_error
        PASS [   0.187s] ( 584/4972) auto-lang libs::may::tests::test_may_unwrap_or_empty
        PASS [   0.187s] ( 585/4972) auto-lang libs::may::tests::test_may_unwrap_error_or_value
        PASS [   0.198s] ( 586/4972) auto-lang libs::may::tests::test_may_unwrap_or_null
        PASS [   0.199s] ( 587/4972) auto-lang libs::may::tests::test_may_unwrap_or_error
        PASS [   0.183s] ( 588/4972) auto-lang libs::may::tests::test_may_unwrap_or_value
        PASS [   0.183s] ( 589/4972) auto-lang libs::may::tests::test_may_unwrap_value
        PASS [   0.200s] ( 590/4972) auto-lang libs::may::tests::test_may_value
        PASS [   0.186s] ( 591/4972) auto-lang libs::result::tests::test_option_is_some
        PASS [   0.186s] ( 592/4972) auto-lang libs::result::tests::test_option_is_none
        PASS [   0.201s] ( 593/4972) auto-lang libs::result::tests::test_option_none
        PASS [   0.185s] ( 594/4972) auto-lang libs::result::tests::test_option_unwrap_or_none
        PASS [   0.186s] ( 595/4972) auto-lang libs::result::tests::test_option_some
        PASS [   0.200s] ( 596/4972) auto-lang libs::result::tests::test_result_err
        PASS [   0.201s] ( 597/4972) auto-lang libs::result::tests::test_option_unwrap_or_some
        PASS [   0.173s] ( 598/4972) auto-lang libs::result::tests::test_result_ok
        PASS [   0.173s] ( 599/4972) auto-lang libs::result::tests::test_result_is_ok
        PASS [   0.187s] ( 600/4972) auto-lang libs::result::tests::test_result_is_err
        PASS [   0.171s] ( 601/4972) auto-lang libs::result::tests::test_result_unwrap_err_or_err
        PASS [   0.154s] ( 602/4972) auto-lang libs::result::tests::test_result_unwrap_err_or_ok
        PASS [   0.172s] ( 603/4972) auto-lang libs::result::tests::test_result_unwrap_err
        PASS [   0.170s] ( 604/4972) auto-lang libs::result::tests::test_result_unwrap_or_err
        PASS [   0.171s] ( 605/4972) auto-lang libs::result::tests::test_result_unwrap_ok
        PASS [   0.184s] ( 606/4972) auto-lang libs::string::tests::test_str_append
        PASS [   0.184s] ( 607/4972) auto-lang libs::result::tests::test_result_unwrap_or_ok
        PASS [   0.159s] ( 608/4972) auto-lang libs::string::tests::test_str_new
        PASS [   0.176s] ( 609/4972) auto-lang libs::string::tests::test_str_lower
        PASS [   0.176s] ( 610/4972) auto-lang libs::string::tests::test_str_len
        PASS [   0.158s] ( 611/4972) auto-lang libs::string::tests::test_str_sub
        PASS [   0.158s] ( 612/4972) auto-lang libs::string::tests::test_str_slice_len
        PASS [   0.175s] ( 613/4972) auto-lang libs::string::tests::test_str_slice
        PASS [   0.158s] ( 614/4972) auto-lang libs::string::tests::test_str_upper
        PASS [   0.173s] ( 615/4972) auto-lang libs::string::tests::test_str_slice_get
        PASS [   0.186s] ( 616/4972) auto-lang macro_::ui::tests::test_app_with_fields
        PASS [   0.203s] ( 617/4972) auto-lang macro_::ui::tests::test_multiple_widgets
        PASS [   0.175s] ( 618/4972) auto-lang macro_::ui::tests::test_preserves_indentation_app
        PASS [   0.175s] ( 619/4972) auto-lang macro_::ui::tests::test_preserves_indentation
        PASS [   0.172s] ( 620/4972) auto-lang macro_::ui::tests::test_simple_app_expansion
        PASS [   0.173s] ( 621/4972) auto-lang macro_::ui::tests::test_simple_widget_expansion
        PASS [   0.188s] ( 622/4972) auto-lang macro_::ui::tests::test_widget_and_app_together
        PASS [   0.173s] ( 623/4972) auto-lang mode::tests::test_default
        PASS [   0.173s] ( 624/4972) auto-lang mode::tests::test_as_str
        PASS [   0.173s] ( 625/4972) auto-lang macro_::ui::tests::test_widget_with_methods
        PASS [   0.157s] ( 626/4972) auto-lang mode::tests::test_is_transpilation
        PASS [   0.185s] ( 627/4972) auto-lang mode::tests::test_display
        PASS [   0.185s] ( 628/4972) auto-lang mode::tests::test_from_str
        PASS [   0.172s] ( 629/4972) auto-lang mode::tests::test_from_str_trait
        PASS [   0.153s] ( 630/4972) auto-lang mode::tests_script_mode::test_script_mode_matrix_eight_cells
        PASS [   0.168s] ( 631/4972) auto-lang mode::tests::test_requires_compilation
        PASS [   0.168s] ( 632/4972) auto-lang module_cache::tests::test_auto_cache_clear
        PASS [   0.153s] ( 633/4972) auto-lang module_cache::tests::test_auto_cache_disabled
        PASS [   0.169s] ( 634/4972) auto-lang module_cache::tests::test_auto_cache_remove
        PASS [   0.169s] ( 635/4972) auto-lang module_cache::tests::test_auto_cache_store_and_get
        PASS [   0.167s] ( 636/4972) auto-lang module_cache::tests::test_cache_stats
        PASS [   0.183s] ( 637/4972) auto-lang module_cache::tests::test_module_cache_dependencies
        PASS [   0.155s] ( 638/4972) auto-lang module_cache::tests::test_module_cache_hash
        PASS [   0.155s] ( 639/4972) auto-lang multi_mode::tests::test_clear_cache
        PASS [   0.156s] ( 640/4972) auto-lang module_cache::tests::test_module_cache_with_file
        PASS [   0.156s] ( 641/4972) auto-lang module_cache::tests::test_module_cache_new
        PASS [   0.156s] ( 642/4972) auto-lang multi_mode::tests::test_compile_simple_autovm
        PASS [   0.156s] ( 643/4972) auto-lang multi_mode::tests::test_compiled_output_main_file
        PASS [   0.155s] ( 644/4972) auto-lang multi_mode::tests::test_multi_mode_compiler_creation
        PASS [   0.155s] ( 645/4972) auto-lang multi_mode::tests::test_compiled_output_mode
        PASS [   0.169s] ( 646/4972) auto-lang ownership::borrow::tests::test_borrow_checker_default
        PASS [   0.154s] ( 647/4972) auto-lang ownership::borrow::tests::test_borrow_error_diagnostic_traits
        PASS [   0.184s] ( 648/4972) auto-lang ownership::borrow::tests::test_borrow_checker_new
        PASS [   0.171s] ( 649/4972) auto-lang ownership::borrow::tests::test_borrow_error_display
        PASS [   0.172s] ( 650/4972) auto-lang ownership::borrow::tests::test_borrow_error_from_hold_expression
        PASS [   0.173s] ( 651/4972) auto-lang ownership::borrow::tests::test_borrow_kind_display
        PASS [   0.172s] ( 652/4972) auto-lang ownership::borrow::tests::test_borrow_lifetime_end
        PASS [   0.157s] ( 653/4972) auto-lang ownership::borrow::tests::test_different_fields_no_conflict
        PASS [   0.172s] ( 654/4972) auto-lang ownership::borrow::tests::test_clear
        PASS [   0.172s] ( 655/4972) auto-lang ownership::borrow::tests::test_different_targets_no_conflict
        PASS [   0.156s] ( 656/4972) auto-lang ownership::borrow::tests::test_end_borrows
        PASS [   0.183s] ( 657/4972) auto-lang ownership::borrow::tests::test_different_variables_no_conflict
        PASS [   0.171s] ( 658/4972) auto-lang ownership::borrow::tests::test_mut_after_view_conflicts
        PASS [   0.171s] ( 659/4972) auto-lang ownership::borrow::tests::test_mut_and_take_unwrap_to_same_target
        PASS [   0.172s] ( 660/4972) auto-lang ownership::borrow::tests::test_mutable_after_immutable
        PASS [   0.170s] ( 661/4972) auto-lang ownership::borrow::tests::test_single_borrow
        PASS [   0.170s] ( 662/4972) auto-lang ownership::borrow::tests::test_path_expression_target
        PASS [   0.171s] ( 663/4972) auto-lang ownership::borrow::tests::test_nested_path_target
        PASS [   0.169s] ( 664/4972) auto-lang ownership::borrow::tests::test_static_lifetime
        PASS [   0.169s] ( 665/4972) auto-lang ownership::borrow::tests::test_take_conflicts_with_mut
        PASS [   0.184s] ( 666/4972) auto-lang ownership::borrow::tests::test_two_immutable_borrows
        PASS [   0.185s] ( 667/4972) auto-lang ownership::borrow::tests::test_take_conflicts_with_view
        PASS [   0.189s] ( 668/4972) auto-lang ownership::borrow::tests::test_two_mut_borrows_conflict
        PASS [   0.174s] ( 669/4972) auto-lang ownership::borrow::tests::test_view_after_mut_conflicts
        PASS [   0.173s] ( 670/4972) auto-lang ownership::borrow::tests::test_view_and_ident_same_target
        PASS [   0.157s] ( 671/4972) auto-lang ownership::lifetime::tests::test_lifetime_context_regions
        PASS [   0.175s] ( 672/4972) auto-lang ownership::cfa::tests::test_analyzer_creation
        PASS [   0.158s] ( 673/4972) auto-lang ownership::lifetime::tests::test_lifetime_context
        PASS [   0.173s] ( 674/4972) auto-lang ownership::lifetime::tests::test_intersect
        PASS [   0.185s] ( 675/4972) auto-lang ownership::lifetime::tests::test_lifetime_context_fallback
        PASS [   0.171s] ( 676/4972) auto-lang ownership::lifetime::tests::test_lifetime_display
        PASS [   0.186s] ( 677/4972) auto-lang ownership::lifetime::tests::test_lifetime_region
        PASS [   0.187s] ( 678/4972) auto-lang ownership::lifetime::tests::test_outlives
        PASS [   0.174s] ( 679/4972) auto-lang parser::tests::plan046_key_clause_rejects_call_shape
        PASS [   0.173s] ( 680/4972) auto-lang parser::tests::plan046_key_clause_requires_expr
        PASS [   0.158s] ( 681/4972) auto-lang parser::tests::plan046_keyed_for_scalar_literals
        PASS [   0.207s] ( 682/4972) auto-lang p618_filter_tree_probe::p618_vm_filter_tree_recursion_probe
        PASS [   0.174s] ( 683/4972) auto-lang parser::tests::plan046_keyed_for_item_field_chain
        PASS [   0.219s] ( 684/4972) auto-lang p614_tree_vm_probe::p614_vm_flatten_tree_probe
        PASS [   0.186s] ( 685/4972) auto-lang parser::tests::plan046_keyed_for_with_index_var
        PASS [   0.186s] ( 686/4972) auto-lang parser::tests::plan046_keyless_for_has_no_key_expr
        PASS [   0.200s] ( 687/4972) auto-lang parser::tests::plan046_keyed_for_state_chain
        PASS [   0.172s] ( 688/4972) auto-lang parser::tests::plan046_memo_block_body_nodes
        PASS [   0.173s] ( 689/4972) auto-lang parser::tests::plan046_memo_block_bad_params_error
        PASS [   0.171s] ( 690/4972) auto-lang parser::tests::plan046_memo_block_parses_deps_and_body
        PASS [   0.172s] ( 691/4972) auto-lang parser::tests::plan046_memo_block_exact_and_mixed_params
        PASS [   0.172s] ( 692/4972) auto-lang parser::tests::plan046_outlet_prop_parsing
        PASS [   0.169s] ( 693/4972) auto-lang parser::tests::test_041a_event_binding_forms
        PASS [   0.169s] ( 694/4972) auto-lang parser::tests::test_actions_cond_bare_expression
        PASS [   0.198s] ( 695/4972) auto-lang parser::tests::test_actions_block_handler_validation
        PASS [   0.198s] ( 696/4972) auto-lang parser::tests::test_actions_block_parse
        PASS [   0.171s] ( 697/4972) auto-lang parser::tests::test_alias_stmt
        PASS [   0.185s] ( 698/4972) auto-lang parser::tests::test_array
        PASS [   0.185s] ( 699/4972) auto-lang parser::tests::test_aura_dot_prefixed_handler_syntax
        PASS [   0.153s] ( 700/4972) auto-lang parser::tests::test_aura_model_var_keyword
        PASS [   0.186s] ( 701/4972) auto-lang parser::tests::test_array_type
        PASS [   0.170s] ( 702/4972) auto-lang parser::tests::test_bare_return_newline_terminates_statement
        PASS [   0.169s] ( 703/4972) auto-lang parser::tests::test_bare_value_input_mints_oninput_sync
        PASS [   0.182s] ( 704/4972) auto-lang parser::tests::test_bom_prefixed_source_parses
        PASS [   0.171s] ( 705/4972) auto-lang parser::tests::test_char
        PASS [   0.182s] ( 706/4972) auto-lang parser::tests::test_cast_outside_with_header_unchanged
        PASS [   0.171s] ( 707/4972) auto-lang parser::tests::test_computed_multiline_body
        PASS [   0.173s] ( 708/4972) auto-lang parser::tests::test_closure
        PASS [   0.188s] ( 709/4972) auto-lang parser::tests::test_closure_with_params
        PASS [   0.174s] ( 710/4972) auto-lang parser::tests::test_config
        PASS [   0.173s] ( 711/4972) auto-lang parser::tests::test_cstr
        PASS [   0.171s] ( 712/4972) auto-lang parser::tests::test_dot_prefix_assignment_not_chained
        PASS [   0.171s] ( 713/4972) auto-lang parser::tests::test_dot
        PASS [   0.197s] ( 714/4972) auto-lang parser::tests::test_dot_rhs_field_access_not_struct_construction
        PASS [   0.183s] ( 715/4972) auto-lang parser::tests::test_empty_dialects_core_scenario_unchanged
        PASS [   0.172s] ( 716/4972) auto-lang parser::tests::test_err_nested_struct_variant_pattern
        PASS [   0.173s] ( 717/4972) auto-lang parser::tests::test_event_inline_lambda_parses
        PASS [   0.202s] ( 718/4972) auto-lang parser::tests::test_enum_variant_colon_field_style
        PASS [   0.188s] ( 719/4972) auto-lang parser::tests::test_fn
        PASS [   0.173s] ( 720/4972) auto-lang parser::tests::test_fn_call
        PASS [   0.171s] ( 721/4972) auto-lang parser::tests::test_fn_with_named_args
        PASS [   0.170s] ( 722/4972) auto-lang parser::tests::test_fn_with_param_type
        PASS [   0.171s] ( 723/4972) auto-lang parser::tests::test_fn_with_never_return_type
        PASS [   0.185s] ( 724/4972) auto-lang parser::tests::test_fn_with_ret_type
        PASS [   0.185s] ( 725/4972) auto-lang parser::tests::test_fn_with_result_return_type
        PASS [   0.095s] ( 726/4972) auto-lang parser::tests::test_hex
        PASS [   0.172s] ( 727/4972) auto-lang parser::tests::test_for_with_mid_call
        PASS [   0.173s] ( 728/4972) auto-lang parser::tests::test_for_with_mid
        PASS [   0.171s] ( 729/4972) auto-lang parser::tests::test_fstr
        PASS [   0.172s] ( 730/4972) auto-lang parser::tests::test_for_with_print
        PASS [   0.156s] ( 731/4972) auto-lang parser::tests::test_fstr_multi
        PASS [   0.182s] ( 732/4972) auto-lang parser::tests::test_fstr_with_note
        PASS [   0.183s] ( 733/4972) auto-lang parser::tests::test_fstr_with_expr
        PASS [   0.187s] ( 734/4972) auto-lang parser::tests::test_grid_with_colconfig
        PASS [   0.188s] ( 735/4972) auto-lang parser::tests::test_grid
        PASS [   0.161s] ( 736/4972) auto-lang parser::tests::test_gt_syntax_not_text_shorthand
        PASS [   0.156s] ( 737/4972) auto-lang parser::tests::test_hover_card_mints_hover_enter_leave
        PASS [   0.251s] ( 738/4972) auto-lang parser::tests::test_for
        PASS [   0.171s] ( 739/4972) auto-lang parser::tests::test_hyphenated_tag_names
        PASS [   0.171s] ( 740/4972) auto-lang parser::tests::test_if
        PASS [   0.156s] ( 741/4972) auto-lang parser::tests::test_if_else
        PASS [   0.184s] ( 742/4972) auto-lang parser::tests::test_import
        PASS [   0.172s] ( 743/4972) auto-lang parser::tests::test_leading_dot_stmt_not_glued_to_previous
        PASS [   0.190s] ( 744/4972) auto-lang parser::tests::test_is_stmt
        PASS [   0.190s] ( 745/4972) auto-lang parser::tests::test_let
        PASS [   0.173s] ( 746/4972) auto-lang parser::tests::test_modal_dialog_mints_self_managed_open
        PASS [   0.173s] ( 747/4972) auto-lang parser::tests::test_let_asn
        PASS [   0.158s] ( 748/4972) auto-lang parser::tests::test_msg_decl_unnamed_and_legacy_name
        PASS [   0.170s] ( 749/4972) auto-lang parser::tests::test_msg_multi_param_payload
        PASS [   0.155s] ( 750/4972) auto-lang parser::tests::test_node_body_after_special_blocks_removal
        PASS [   0.172s] ( 751/4972) auto-lang parser::tests::test_msg_full_shellstore_declaration
        PASS [   0.184s] ( 752/4972) auto-lang parser::tests::test_nested_slice_type_parses
        PASS [   0.185s] ( 753/4972) auto-lang parser::tests::test_msg_variant_named_payload
        PASS [   0.172s] ( 754/4972) auto-lang parser::tests::test_node_instance
        PASS [   0.172s] ( 755/4972) auto-lang parser::tests::test_node_instance_with_id
        PASS [   0.169s] ( 756/4972) auto-lang parser::tests::test_object
        PASS [   0.169s] ( 757/4972) auto-lang parser::tests::test_node_instance_without_args
        PASS [   0.169s] ( 758/4972) auto-lang parser::tests::test_node_tree
        PASS [   0.170s] ( 759/4972) auto-lang parser::tests::test_on_handler_multi_param_binding
        PASS [   0.170s] ( 760/4972) auto-lang parser::tests::test_on_condition_events
        PASS [   0.168s] ( 761/4972) auto-lang parser::tests::test_pair
        PASS [   0.183s] ( 762/4972) auto-lang parser::tests::test_parse_hash_if_simple
        PASS [   0.184s] ( 763/4972) auto-lang parser::tests::test_parse_hash_for_simple
        PASS [   0.173s] ( 764/4972) auto-lang parser::tests::test_parse_hash_is_simple
        PASS [   0.155s] ( 765/4972) auto-lang parser::tests::test_parse_local_path_still_works
        PASS [   0.172s] ( 766/4972) auto-lang parser::tests::test_parse_legacy_paths_backward_compat
        PASS [   0.171s] ( 767/4972) auto-lang parser::tests::test_parse_pac_deep_path
        PASS [   0.156s] ( 768/4972) auto-lang parser::tests::test_parse_pac_import
        PASS [   0.156s] ( 769/4972) auto-lang parser::tests::test_parse_super_import
        PASS [   0.167s] ( 770/4972) auto-lang parser::tests::test_parse_super_with_items
        PASS [   0.167s] ( 771/4972) auto-lang parser::tests::test_parse_with_items
        PASS [   0.187s] ( 772/4972) auto-lang parser::tests::test_parser
        PASS [   0.187s] ( 773/4972) auto-lang parser::tests::test_pipe_syntax_works_for_text
        PASS [   0.172s] ( 774/4972) auto-lang parser::tests::test_ptr_target
        PASS [   0.174s] ( 775/4972) auto-lang parser::tests::test_ptr_asn
        PASS [   0.158s] ( 776/4972) auto-lang parser::tests::test_ptr_type
        PASS [   0.175s] ( 777/4972) auto-lang parser::tests::test_qualified_unit_variant_pattern_strips_module
        PASS [   0.160s] ( 778/4972) auto-lang parser::tests::test_range
        PASS [   0.160s] ( 779/4972) auto-lang parser::tests::test_return_value_same_line_still_works
        PASS [   0.183s] ( 780/4972) auto-lang parser::tests::test_return_void_with_newline
        PASS [   0.174s] ( 781/4972) auto-lang parser::tests::test_simplified_button_syntax
        PASS [   0.188s] ( 782/4972) auto-lang parser::tests::test_simple_enum
        PASS [   0.188s] ( 783/4972) auto-lang parser::tests::test_return_with_newline
        PASS [   0.155s] ( 784/4972) auto-lang parser::tests::test_spawn_method_call
        PASS [   0.174s] ( 785/4972) auto-lang parser::tests::test_single_arg_map_type_parses
        PASS [   0.174s] ( 786/4972) auto-lang parser::tests::test_slice_of_tuple_type_parses
        PASS [   0.153s] ( 787/4972) auto-lang parser::tests::test_string_as_primary_prop_h1
        PASS [   0.171s] ( 788/4972) auto-lang parser::tests::test_spec_decl
        PASS [   0.171s] ( 789/4972) auto-lang parser::tests::test_spec_with_params
        PASS [   0.182s] ( 790/4972) auto-lang parser::tests::test_store_use
        PASS [   0.173s] ( 791/4972) auto-lang parser::tests::test_string_as_primary_prop_with_additional_props
        PASS [   0.199s] ( 792/4972) auto-lang parser::tests::test_stmt_after_try_catch_parses
        PASS [   0.188s] ( 793/4972) auto-lang parser::tests::test_string_as_primary_prop_text
        PASS [   0.168s] ( 794/4972) auto-lang parser::tests::test_struct_literal_construction_unresolved_type
        PASS [   0.169s] ( 795/4972) auto-lang parser::tests::test_string_with_special_chars
        PASS [   0.171s] ( 796/4972) auto-lang parser::tests::test_style_recipe_parse
        PASS [   0.171s] ( 797/4972) auto-lang parser::tests::test_tag_cover
        PASS [   0.153s] ( 798/4972) auto-lang parser::tests::test_tag_new
        PASS [   0.172s] ( 799/4972) auto-lang parser::tests::test_struct_literal_fields_become_node_args
        PASS [   0.179s] ( 800/4972) auto-lang parser::tests::test_top_level_actions_decl
        PASS [   0.197s] ( 801/4972) auto-lang parser::tests::test_top_level_struct_variant_pattern
        PASS [   0.174s] ( 802/4972) auto-lang parser::tests::test_top_level_view_block_now_parses_in_ui_scenario
        PASS [   0.171s] ( 803/4972) auto-lang parser::tests::test_try_catch_param_resolves_in_catch_body
        PASS [   0.172s] ( 804/4972) auto-lang parser::tests::test_try_catch_param_does_not_leak
        PASS [   0.172s] ( 805/4972) auto-lang parser::tests::test_try_catch_finally_parses
        PASS [   0.156s] ( 806/4972) auto-lang parser::tests::test_type_decl
        PASS [   0.172s] ( 807/4972) auto-lang parser::tests::test_try_catch_without_finally_unchanged
        PASS [   0.171s] ( 808/4972) auto-lang parser::tests::test_type_composition
        PASS [   0.172s] ( 809/4972) auto-lang parser::tests::test_type_as_spec
        PASS [   0.181s] ( 810/4972) auto-lang parser::tests::test_type_instance_obj
        PASS [   0.196s] ( 811/4972) auto-lang parser::tests::test_type_inst
        PASS [   0.170s] ( 812/4972) auto-lang parser::tests::test_type_with_method
        PASS [   0.170s] ( 813/4972) auto-lang parser::tests::test_type_with_multiple_specs
        PASS [   0.171s] ( 814/4972) auto-lang parser::tests::test_use
        PASS [   0.184s] ( 815/4972) auto-lang parser::tests::test_use_c
        PASS [   0.170s] ( 816/4972) auto-lang parser::tests::test_use_rs_alias_parses_like_use_rust
        PASS [   0.171s] ( 817/4972) auto-lang parser::tests::test_use_rs_no_deprecation_warning
        PASS [   0.167s] ( 818/4972) auto-lang parser::tests::test_use_rust_emits_deprecation_warning
        PASS [   0.167s] ( 819/4972) auto-lang parser::tests::test_var
        PASS [   0.170s] ( 820/4972) auto-lang parser::tests::test_view_event_arg_nested_self_dot
        PASS [   0.197s] ( 821/4972) auto-lang parser::tests::test_view_dyn_component_parens
        PASS [   0.197s] ( 822/4972) auto-lang parser::tests::test_view_condition_none_comparison
        PASS [   0.172s] ( 823/4972) auto-lang parser::tests::test_view_event_modifiers_and_event_object
        PASS [   0.170s] ( 824/4972) auto-lang parser::tests::test_view_param_mode_unaffected_in_core_scenario
        PASS [   0.154s] ( 825/4972) auto-lang parser::tests::test_view_quoted_custom_event_names
        PASS [   0.166s] ( 826/4972) auto-lang parser::tests::test_view_style_obj_binding
        PASS [   0.166s] ( 827/4972) auto-lang parser::tests::test_view_single_root_stays_unwrapped
        PASS [   0.164s] ( 828/4972) auto-lang parser::tests::test_widget_block_keyword_near_miss_warning
        PASS [   0.165s] ( 829/4972) auto-lang parser::tests::test_view_top_level_bare_siblings_with_param_events
        PASS [   0.197s] ( 830/4972) auto-lang parser::tests::test_widget_expose_block
        PASS [   0.197s] ( 831/4972) auto-lang parser::tests::test_widget_parses_via_dialect_in_ui_scenario
        PASS [   0.185s] ( 832/4972) auto-lang parser::tests::test_widget_parsing_pipeline
        PASS [   0.170s] ( 833/4972) auto-lang parser::tests::test_widget_with_routes
        PASS [   0.171s] ( 834/4972) auto-lang parser::tests::test_widget_watch_block
        PASS [   0.166s] ( 835/4972) auto-lang parser::tests::test_with_as_binding_parses_to_block_form
        PASS [   0.167s] ( 836/4972) auto-lang parser::tests::test_with_as_type_shaped_name_not_swallowed
        PASS [   0.168s] ( 837/4972) auto-lang parser::tests::test_with_session_registers_ui_dialect
        PASS [   0.182s] ( 838/4972) auto-lang parser_helpers::tests::test_lambda_id_generator
        PASS [   0.182s] ( 839/4972) auto-lang parser_helpers::tests::test_module_spot_from_path
        PASS [   0.182s] ( 840/4972) auto-lang parser_helpers::tests::test_module_tracker_basic
        PASS [   0.182s] ( 841/4972) auto-lang parser_helpers::tests::test_module_tracker_spot
        PASS [   0.186s] ( 842/4972) auto-lang patch::tests::test_generate_patch_placeholder
        PASS [   0.187s] ( 843/4972) auto-lang patch::tests::test_apply_patch_placeholder
        PASS [   0.183s] ( 844/4972) auto-lang patch::tests::test_patch_validate_invalid_reloc_offset
        PASS [   0.183s] ( 845/4972) auto-lang patch::tests::test_patch_validate_invalid_size
        PASS [   0.202s] ( 846/4972) auto-lang patch::tests::test_patch_new
        PASS [   0.201s] ( 847/4972) auto-lang patch::tests::test_reloc_kind_size
        PASS [   0.213s] ( 848/4972) auto-lang patch::tests::test_patch_validate_valid
        PASS [   0.217s] ( 849/4972) auto-lang patch::tests::test_reloc_new
        PASS [   0.204s] ( 850/4972) auto-lang plan042_scan_probe_tests::p042_app_at_parses
        PASS [   0.221s] ( 851/4972) auto-lang plan042_scan_probe_tests::p042_bad_handler_error_lands_in_ring
        PASS [   0.189s] ( 852/4972) auto-lang plan042_scan_probe_tests::p042_host_logger_levels_into_ring
        PASS [   0.216s] ( 853/4972) auto-lang plan042_scan_probe_tests::scan_probe_bare_get_json_yields_parsed_object
        PASS [   0.217s] ( 854/4972) auto-lang plan042_scan_probe_tests::scan_probe_documented_recipe_double_to_value_idempotent
        PASS [   0.249s] ( 855/4972) auto-lang plan394_future_arch_tests::plan394::a1_top_level_external_await
        PASS [   0.235s] ( 856/4972) auto-lang plan394_future_arch_tests::plan394::a4_failed_external_await_yields_null
        PASS [   0.204s] ( 857/4972) auto-lang plan394_future_arch_tests::plan394::b3_deep_nesting_beyond_64
        PASS [   0.185s] ( 858/4972) auto-lang plan394_future_arch_tests::plan394::c3_a2r_nested_async_await_corpus_exists
        PASS [   0.187s] ( 859/4972) auto-lang plan394_future_arch_tests::plan394::r1_waiting_future_id_defaults_none
        PASS [   0.283s] ( 860/4972) auto-lang plan394_future_arch_tests::plan394::a3_sequential_external_awaits
        PASS [   0.296s] ( 861/4972) auto-lang plan394_future_arch_tests::plan394::a2_suspend_does_not_block_other_tasks
        PASS [   0.202s] ( 862/4972) auto-lang plan394_future_arch_tests::plan394::future_value_default_internal_shape
        PASS [   0.238s] ( 863/4972) auto-lang plan394_future_arch_tests::plan394::c2_future_race
        PASS [   0.265s] ( 864/4972) auto-lang plan394_future_arch_tests::plan394::b2_stack_frame_integrity
        PASS [   0.201s] ( 865/4972) auto-lang plan394_future_arch_tests::plan394::u1_async_frame_push_pop
        PASS [   0.187s] ( 866/4972) auto-lang plan394_future_arch_tests::plan394::u3_resolve_external_future_states
        PASS [   0.188s] ( 867/4972) auto-lang plan394_future_arch_tests::plan394::u2_future_kind_fork
        PASS [   0.218s] ( 868/4972) auto-lang plan394_future_arch_tests::plan394::r2_internal_async_block_still_works
        PASS [   0.283s] ( 869/4972) auto-lang plan394_future_arch_tests::plan394::c1_future_all
        PASS [   0.186s] ( 870/4972) auto-lang plan394_future_arch_tests::plan394::u4_future_bits_roundtrip
        PASS [   0.182s] ( 871/4972) auto-lang plan446_batch1_tests::positioned_parse_errors_reports_line_col
        PASS [   0.200s] ( 872/4972) auto-lang plan446_batch1_tests::positioned_parse_errors_multi_error_cap
        PASS [   0.341s] ( 873/4972) auto-lang plan394_future_arch_tests::plan394::b1_nested_external_await_in_async_block
        PASS [   0.199s] ( 874/4972) auto-lang plan510_pool_tests::plan510::hash_log_macros_log_and_continue
        PASS [   0.190s] ( 875/4972) auto-lang plan510_pool_tests::plan510::log_native_ids_do_not_collide_with_shell_family
        PASS [   0.206s] ( 876/4972) auto-lang plan510_pool_tests::plan510::http_server_param_interning_is_pool_visible
        PASS [   0.174s] ( 877/4972) auto-lang plan510_pool_tests::plan510::pool_settles_callspec_str_method_recv
        PASS [   0.175s] ( 878/4972) auto-lang plan510_pool_tests::plan510::pool_settles_callspec_list_push_str
        PASS [   0.175s] ( 879/4972) auto-lang plan510_pool_tests::plan510::native_string_returns_are_counted
        PASS [   0.156s] ( 880/4972) auto-lang plan510_pool_tests::plan510::underflow_counter_detects_forced_over_release
        PASS [   0.157s] ( 881/4972) auto-lang plan577_avatar_tests::avatar_bare_keeps_placeholder
        PASS [   0.173s] ( 882/4972) auto-lang plan577_avatar_tests::avatar_props_form_desugars_like_vue
        PASS [   0.191s] ( 883/4972) auto-lang plan577_breadcrumb_cycle_tests::breadcrumb_page_tag_self_fold_cycle_does_not_overflow
        PASS [   0.178s] ( 884/4972) auto-lang plan608_dispatch_golden_tests::callspec_route_guard_registry_covers_dead_arms
        PASS [   0.192s] ( 885/4972) auto-lang plan577_avatar_tests::avatar_children_render_image_and_fallback
        PASS [   0.191s] ( 886/4972) auto-lang plan608_dispatch_golden_tests::callspec_unknown_method_fallback_pins_null_and_balance
        PASS [   0.205s] ( 887/4972) auto-lang plan632_demo_bridge_tests::f1_embedded_store_state_seeds_and_interpolates
        PASS [   0.246s] ( 888/4972) auto-lang plan632_demo_bridge_tests::f1_embedded_store_handler_dispatch
        PASS [   0.254s] ( 889/4972) auto-lang plan632_demo_bridge_tests::f2_embedded_dep_component_expands_with_props
        PASS [   0.253s] ( 890/4972) auto-lang plan632_demo_bridge_tests::f4_embedded_adapter_module_fn_computed
        PASS [   0.254s] ( 891/4972) auto-lang plan632_demo_bridge_tests::f3_component_own_handler_compiles_into_vm
        PASS [   0.235s] ( 892/4972) auto-lang plan664_use_diag_tests::plan664_p15_unresolved_use_module_diagnosed
        PASS [   0.218s] ( 893/4972) auto-lang py_ffi_types::tests::test_all_auto_signature
        PASS [   0.235s] ( 894/4972) auto-lang plan664_use_diag_tests::plan664_p15_non_fs_module_forms_no_false_positive
        PASS [   0.202s] ( 895/4972) auto-lang py_ffi_types::tests::test_default_string_string
        PASS [   0.231s] ( 896/4972) auto-lang plan664_use_diag_tests::plan664_p16_import_model_field_collision_diagnosed
        PASS [   0.231s] ( 897/4972) auto-lang py_ffi_types::tests::test_all_auto_zero_params
        PASS [   0.316s] ( 898/4972) auto-lang plan633_fullstack_embed_tests::f5_embedded_fullstack_api_write_path
        PASS [   0.202s] ( 899/4972) auto-lang py_ffi_types::tests::test_nullable_lint_recording_dedup
        PASS [   0.219s] ( 900/4972) auto-lang py_ffi_types::tests::test_multi_param_signature
        PASS [   0.317s] ( 901/4972) auto-lang plan633_fullstack_embed_tests::f5_embedded_fullstack_api_data_reaches_state
        PASS [   0.316s] ( 902/4972) auto-lang plan633_fullstack_embed_tests::f5_embedded_fullstack_grandchild_viewport
        PASS [   0.211s] ( 903/4972) auto-lang py_ffi_types::tests::test_py_signature_builder
        PASS [   0.211s] ( 904/4972) auto-lang query::tests::test_cache_validation_dirty_file
        PASS [   0.226s] ( 905/4972) auto-lang py_ffi_types::tests::test_py_type_equality
        PASS [   0.216s] ( 906/4972) auto-lang query::tests::test_execute_uncached
        PASS [   0.246s] ( 907/4972) auto-lang query::tests::test_clear_cache
        PASS [   0.176s] ( 908/4972) auto-lang query::tests::test_find_references_query
        PASS [   0.376s] ( 909/4972) auto-lang plan633_fullstack_embed_tests::f5_embedded_fullstack_multi_store_isolation
        PASS [   0.483s] ( 910/4972) auto-lang plan510_pool_tests::plan510::pool_soak_churn_short
        PASS [   0.193s] ( 911/4972) auto-lang query::tests::test_get_completions_query
        PASS [   0.197s] ( 912/4972) auto-lang query::tests::test_get_file_deps_query
        PASS [   0.153s] ( 913/4972) auto-lang query::tests::test_get_symbol_location_query
        PASS [   0.198s] ( 914/4972) auto-lang query::tests::test_get_fragments_query
        PASS [   0.170s] ( 915/4972) auto-lang query::tests::test_get_functions_query
        PASS [   0.158s] ( 916/4972) auto-lang query::tests::test_infer_expr_type_query_int_literal
        PASS [   0.170s] ( 917/4972) auto-lang query::tests::test_get_type_query_hit
        PASS [   0.173s] ( 918/4972) auto-lang query::tests::test_infer_expr_type_query_with_binding
        PASS [   0.174s] ( 919/4972) auto-lang query::tests::test_get_type_query_miss
        PASS [   0.181s] ( 920/4972) auto-lang query::tests::test_invalidate_fragment
        PASS [   0.199s] ( 921/4972) auto-lang query::tests::test_lru_eviction_when_capacity_exceeded
        PASS [   0.199s] ( 922/4972) auto-lang query::tests::test_query_engine_new
        PASS [   0.202s] ( 923/4972) auto-lang query::tests::test熔断_cache_invalidated_when_signature_changed
        PASS [   0.217s] ( 924/4972) auto-lang query::tests::test_query_engine_with_capacity
        PASS [   0.203s] ( 925/4972) auto-lang query::tests::test熔断_cache_valid_when_signature_unchanged
        PASS [   0.203s] ( 926/4972) auto-lang resolver::plan131_tests::test_error_ambiguous_module_shows_both_paths
        PASS [   0.188s] ( 927/4972) auto-lang resolver::plan131_tests::test_error_module_not_found_shows_searched_paths
        PASS [   0.185s] ( 928/4972) auto-lang resolver::plan131_tests::test_error_super_at_root_suggests_pac
        PASS [   0.185s] ( 929/4972) auto-lang resolver::plan131_tests::test_resolve_dep_not_implemented
        PASS [   0.200s] ( 930/4972) auto-lang resolver::plan131_tests::test_resolve_local_in_same_dir
        PASS [   0.200s] ( 931/4972) auto-lang resolver::plan131_tests::test_resolve_module_not_found
        PASS [   0.203s] ( 932/4972) auto-lang resolver::plan131_tests::test_resolve_pac_deep_path
        PASS [   0.171s] ( 933/4972) auto-lang resolver::plan131_tests::test_resolve_pac_from_root
        PASS [   0.189s] ( 934/4972) auto-lang resolver::plan131_tests::test_resolve_pac_directory_module
        PASS [   0.201s] ( 935/4972) auto-lang resolver::tests::test_filesystem_resolver_not_found
        PASS [   0.202s] ( 936/4972) auto-lang resolver::plan131_tests::test_resolve_super_from_nested
        PASS [   0.204s] ( 937/4972) auto-lang resolver::tests::test_filesystem_resolver_relative_import
        PASS [   0.204s] ( 938/4972) auto-lang resolver::tests::test_filesystem_resolver_std_module
        PASS [   0.204s] ( 939/4972) auto-lang resolver::tests::test_filesystem_resolver_search_paths
        PASS [   0.231s] ( 940/4972) auto-lang route::discovery::tests::test_convert_filename_dynamic
        PASS [   0.232s] ( 941/4972) auto-lang route::discovery::tests::test_convert_filename_simple
        PASS [   0.223s] ( 942/4972) auto-lang route::discovery::tests::test_discover_dynamic_route
        PASS [   0.205s] ( 943/4972) auto-lang route::discovery::tests::test_discover_index_route
        PASS [   0.220s] ( 944/4972) auto-lang route::discovery::tests::test_discover_multiple_routes
        PASS [   0.203s] ( 945/4972) auto-lang route::discovery::tests::test_discover_nested_directory
        PASS [   0.203s] ( 946/4972) auto-lang route::discovery::tests::test_discover_nested_route
        PASS [   0.235s] ( 947/4972) auto-lang route::discovery::tests::test_discovery_new
        PASS [   0.235s] ( 948/4972) auto-lang route::discovery::tests::test_discover_simple_route
        PASS [   0.220s] ( 949/4972) auto-lang route::discovery::tests::test_empty_directory
        PASS [   0.251s] ( 950/4972) auto-lang route::discovery::tests::test_discovery_nonexistent_directory
        PASS [   0.220s] ( 951/4972) auto-lang route::discovery::tests::test_exists
        PASS [   0.221s] ( 952/4972) auto-lang route::discovery::tests::test_ignores_non_at_files
        PASS [   0.221s] ( 953/4972) auto-lang route::merger::tests::test_filter_by_source
        PASS [   0.221s] ( 954/4972) auto-lang route::merger::tests::test_find_no_conflicts
        PASS [   0.232s] ( 955/4972) auto-lang route::merger::tests::test_find_conflicts_same_module
        PASS [   0.218s] ( 956/4972) auto-lang route::merger::tests::test_get_all_paths
        PASS [   0.250s] ( 957/4972) auto-lang route::merger::tests::test_find_conflicts
        PASS [   0.234s] ( 958/4972) auto-lang route::merger::tests::test_merge_config_only
        PASS [   0.215s] ( 959/4972) auto-lang route::merger::tests::test_merge_empty
        PASS [   0.231s] ( 960/4972) auto-lang route::merger::tests::test_merge_config_overrides
        PASS [   0.187s] ( 961/4972) auto-lang route::merger::tests::test_merge_metadata_preserved
        PASS [   0.231s] ( 962/4972) auto-lang route::merger::tests::test_merge_discovered_only
        PASS [   0.215s] ( 963/4972) auto-lang route::merger::tests::test_merge_no_conflict_different_paths
        PASS [   0.215s] ( 964/4972) auto-lang route::merger::tests::test_merge_sorted_output
        PASS [   0.215s] ( 965/4972) auto-lang route::merger::tests::test_merge_params_updated_from_config
        PASS [   0.216s] ( 966/4972) auto-lang route::tests::test_extract_path_params
        PASS [   0.170s] ( 967/4972) auto-lang route::tests::test_route_def_multiple_params
        PASS [   0.217s] ( 968/4972) auto-lang route::merger::tests::test_route_conflict_display
        PASS [   0.217s] ( 969/4972) auto-lang route::merger::tests::test_merge_with_stats
        PASS [   0.184s] ( 970/4972) auto-lang route::tests::test_route_def_to_aura_route
        PASS [   0.201s] ( 971/4972) auto-lang route::tests::test_route_def_new
        PASS [   0.201s] ( 972/4972) auto-lang route::tests::test_route_def_with_meta
        PASS [   0.201s] ( 973/4972) auto-lang route::tests::test_route_def_with_params
        PASS [   0.200s] ( 974/4972) auto-lang runtime::tests::test_args
        PASS [   0.185s] ( 975/4972) auto-lang runtime::tests::test_builtin_functions
        PASS [   0.200s] ( 976/4972) auto-lang route::tests::test_route_def_with_source
        PASS [   0.205s] ( 977/4972) auto-lang runtime::tests::test_call_stack_push_pop
        PASS [   0.202s] ( 978/4972) auto-lang runtime::tests::test_execution_engine_new
        PASS [   0.202s] ( 979/4972) auto-lang runtime::tests::test_env_vals
        PASS [   0.186s] ( 980/4972) auto-lang runtime::tests::test_frame_counter
        PASS [   0.183s] ( 981/4972) auto-lang runtime::tests::test_lookup_var
        PASS [   0.200s] ( 982/4972) auto-lang runtime::tests::test_get_frame_by_id
        PASS [   0.216s] ( 983/4972) auto-lang runtime::tests::test_stack_frame_get_set
        PASS [   0.216s] ( 984/4972) auto-lang runtime::tests::test_lookup_var_not_found
        PASS [   0.184s] ( 985/4972) auto-lang runtime::tests::test_stack_frame_new
        PASS [   0.184s] ( 986/4972) auto-lang runtime::tests::test_stack_frame_remove
        PASS [   0.201s] ( 987/4972) auto-lang runtime::tests::test_stack_frame_moved_vars
        PASS [   0.185s] ( 988/4972) auto-lang runtime::tests::test_vm_ref_management
        PASS [   0.185s] ( 989/4972) auto-lang runtime::tests::test_value_management
        PASS [   0.189s] ( 990/4972) auto-lang scope::tests::test_symbol_table_kids
        PASS [   0.220s] ( 991/4972) auto-lang scope::tests::test_symbol_table_from_scope
        PASS [   0.220s] ( 992/4972) auto-lang scope::tests::test_sid
        PASS [   0.204s] ( 993/4972) auto-lang scope::tests::test_symbol_table_name
        PASS [   0.188s] ( 994/4972) auto-lang scope::tests::test_symbol_table_parent
        PASS [   0.218s] ( 995/4972) auto-lang scope::tests::test_symbol_table_symbols
        PASS [   0.218s] ( 996/4972) auto-lang scope::tests::test_symbol_table_types
        PASS [   0.218s] ( 997/4972) auto-lang session::tests::test_scenario_from_str
        PASS [   0.231s] ( 998/4972) auto-lang session::tests::test_backend_or_default
        PASS [   0.185s] ( 999/4972) auto-lang session::tests::test_session_builder
        PASS [   0.200s] (1000/4972) auto-lang session::tests::test_scenario_is_methods
        PASS [   0.218s] (1001/4972) auto-lang sse::decoder::tests::plan707_decode_budget_limits_are_observable
        PASS [   0.218s] (1002/4972) auto-lang sse::decoder::tests::plan707_decode_empty_data_not_dispatched_done_is_data
        PASS [   0.218s] (1003/4972) auto-lang sse::decoder::tests::plan707_decode_field_rules
        PASS [   0.232s] (1004/4972) auto-lang sse::decoder::tests::plan707_decode_byte_split_invariance_utf8_midpoint
        PASS [   0.199s] (1005/4972) auto-lang sse::decoder::tests::plan707_decode_legacy_helper_matrix_unchanged
        PASS [   0.216s] (1006/4972) auto-lang sse::decoder::tests::plan707_decode_last_event_id_persists_and_eof_drops_unclosed
        PASS [   0.219s] (1007/4972) auto-lang sse::decoder::tests::plan707_decode_line_endings_lf_crlf_cr
        PASS [   0.219s] (1008/4972) auto-lang sse::decoder::tests::plan707_decode_nul_id_and_bad_retry_ignored
        PASS [   0.216s] (1009/4972) auto-lang sse::parser::tests::test_parse_sse_done_marker
        PASS [   0.234s] (1010/4972) auto-lang sse::decoder::tests::plan707_decode_utf8_carry_split_and_lossy
        PASS [   0.249s] (1011/4972) auto-lang sse::parser::tests::test_parse_sse_ignore_comments
        PASS [   0.216s] (1012/4972) auto-lang sse::parser::tests::test_parse_sse_multi_line
        PASS [   0.229s] (1013/4972) auto-lang sse::parser::tests::test_parse_sse_simple
        PASS [   0.216s] (1014/4972) auto-lang sse::parser::tests::test_parse_sse_with_json
        PASS [   0.230s] (1015/4972) auto-lang sse::parser::tests::test_parse_sse_multiple_events
        PASS [   0.247s] (1016/4972) auto-lang sse::parser::tests::test_parse_sse_with_fields
        PASS [   0.221s] (1017/4972) auto-lang sse::parser::tests::test_sse_event_is_empty
        PASS [   0.221s] (1018/4972) auto-lang sse::parser::tests::test_sse_event_is_done
        PASS [   0.236s] (1019/4972) auto-lang sse::parser::tests::test_sse_event_builder
        PASS [   0.222s] (1020/4972) auto-lang state_file::tests::atomic_write_creates_and_overwrites
        PASS [   0.223s] (1021/4972) auto-lang state_file::tests::atomic_write_failure_keeps_target
        PASS [   0.267s] (1022/4972) auto-lang store_deps_scan_tests::extract_store_deps_ignores_comment_examples
        PASS [   0.267s] (1023/4972) auto-lang state_file::tests::stale_lock_is_taken_over
        PASS [   0.268s] (1024/4972) auto-lang target::tests::test_default_storage_capacity
        PASS [   0.286s] (1025/4972) auto-lang target::tests::test_default_storage_str
        PASS [   0.328s] (1026/4972) auto-lang state_file::tests::lock_timeout_degrades_but_executes
        PASS [   0.283s] (1027/4972) auto-lang target::tests::test_detect_all_env_scenarios
        PASS [   0.291s] (1028/4972) auto-lang target::tests::test_has_heap
        PASS [   0.289s] (1029/4972) auto-lang target::tests::test_target_display
        FAIL [   0.297s] (1030/4972) auto-lang tests::a2r_std_signature_parity::a2r_std_signature_parity
  stdout ───

    running 1 test
    test tests::a2r_std_signature_parity::a2r_std_signature_parity ... FAILED

    failures:

    failures:
        tests::a2r_std_signature_parity::a2r_std_signature_parity

    test result: FAILED. 0 passed; 1 failed; 0 ignored; 0 measured; 6501 filtered out; finished in 0.01s

  stderr ───

    thread 'tests::a2r_std_signature_parity::a2r_std_signature_parity' (14316) panicked at crates\auto-lang\src\tests\a2r_std_signature_parity.rs:391:5:
    KNOWN-DEBT 396 signature drift detected:
    file.rs.at: only on a2r-std::fs side (missing from .rs.at) — mirror the declaration or extend the allowlist with a debt note: ["dir_names"]
    note: run with `RUST_BACKTRACE=1` environment variable to display a backtrace

  Cancelling due to test failure: 21 tests still running
        PASS [   0.355s] (1031/4972) auto-lang tests::actor_state_tests::actor_spawn_init_arg_overrides_default
        PASS [   0.361s] (1032/4972) auto-lang tests::actor_state_tests::actor_bound_var_handler_multi_send
        PASS [   0.357s] (1033/4972) auto-lang tests::actor_state_tests::actor_spawn_init_arg_overrides_now_working_default
        PASS [   0.379s] (1034/4972) auto-lang tests::actor_state_tests::actor_state_default_init_without_fn_start
        PASS [   0.358s] (1035/4972) auto-lang tests::actor_state_tests::actor_state_field_let_rhs
        PASS [   0.390s] (1036/4972) auto-lang tests::actor_state_tests::actor_state_field_increment_persists
        PASS [   0.356s] (1037/4972) auto-lang tests::actor_state_tests::actor_state_field_write
        PASS [   0.550s] (1038/4972) auto-lang state_file::tests::lock_serializes_critical_sections
        PASS [   0.361s] (1039/4972) auto-lang tests::actor_state_tests::actor_withbindings_multi_field
        PASS [   0.410s] (1040/4972) auto-lang tests::actor_state_tests::actor_withbindings_deep_expr_three_fields
        PASS [   0.413s] (1041/4972) auto-lang tests::actor_state_tests::actor_state_field_print_direct
        PASS [   0.312s] (1042/4972) auto-lang tests::actor_tests::actor_message_handler_runs
        PASS [   0.341s] (1043/4972) auto-lang tests::actor_tests::actor_multiple_messages_dispatched
        PASS [   0.326s] (1044/4972) auto-lang tests::actor_tests::actor_no_start_no_state_binds_payload
        PASS [   0.448s] (1045/4972) auto-lang tests::actor_tests::actor_else_handler_runs
        PASS [   0.310s] (1046/4972) auto-lang tests::actor_tests::actor_two_types_independent_payload
        PASS [   0.334s] (1047/4972) auto-lang tests::actor_tests::actor_start_hook_runs
        PASS [   0.341s] (1048/4972) auto-lang tests::actor_tests::actor_vm_exits_after_messages
        PASS [   0.896s] (1049/4972) auto-lang state_file::tests::concurrent_atomic_writes_never_tear
        PASS [   0.681s] (1050/4972) auto-lang tests::autodown_codegen_debts_tests::autodown_codegen_debts_tests::test_prop_initialized_state_var_sees_defineProps_first
        PASS [   0.690s] (1051/4972) auto-lang tests::autodown_codegen_debts_tests::autodown_codegen_debts_tests::test_vfor_known_sources_report_no_R012
────────────
     Summary [   9.197s] 1051/4972 tests run: 1050 passed, 1 failed, 1534 skipped
        FAIL [   0.297s] (1030/4972) auto-lang tests::a2r_std_signature_parity::a2r_std_signature_parity
warning: 3921/4972 tests were not run due to test failure (run with --no-fail-fast to run all tests, or run with --max-fail)
error: test run failed
