warning: unused doc comment
   --> crates\shim-metadata\src\classify.rs:213:13
    |
213 |               /// 回调令牌,wrapper adapter 重入 VM);其余拥有外来类型 v1 跳过
    |               ^^^^^^^^^^^^^^^^^^^^^^^^^^^^^^^^^^^^^^^^^^^^^^^^^^^^^^^^^^^^^^
214 | /             Ty::OpaqueOwned(n) if n.contains("Fn") => {
215 | |                 args.push(ArgPlan::Callback);
216 | |                 continue;
217 | |             }
    | |_____________- rustdoc does not generate documentation for match arms
    |
    = help: use `//` for a plain comment
    = note: `#[warn(unused_doc_comments)]` (part of `#[warn(unused)]`) on by default

warning: `shim-metadata` (lib) generated 1 warning
warning: unused import: `ApiExtractor`
 --> crates\auto-lang\src\api\integration_tests.rs:8:53
  |
8 |         ApiAnnotationParser, ApiAttrs, ApiEndpoint, ApiExtractor, ApiField, ApiModule, ApiParam,
  |                                                     ^^^^^^^^^^^^
  |
  = note: `#[warn(unused_imports)]` (part of `#[warn(unused)]`) on by default

warning: unused doc comment
   --> crates\auto-lang\src\aura\extract.rs:886:1
    |
886 | /// Extract view node from parsed ViewNode
    | ^^^^^^^^^^^^^^^^^^^^^^^^^^^^^^^^^^^^^^^^^^ rustdoc does not generate documentation for macro invocations
    |
    = help: to document an item produced by a macro, the macro must produce the documentation as part of its expansion
    = note: `#[warn(unused_doc_comments)]` (part of `#[warn(unused)]`) on by default

warning: unused import: `ViewProp`
  --> crates\auto-lang\src\aura\extract.rs:13:50
   |
13 | use crate::ast::{Expr, Type, Key, ViewPropValue, ViewProp, ViewEvent};
   |                                                  ^^^^^^^^

warning: unnecessary parentheses around block return value
   --> crates\auto-lang\src\design_tokens\registry.rs:190:9
    |
190 |         ((g - b) / d + if g < b { 6.0 } else { 0.0 })
    |         ^                                           ^
    |
    = note: `#[warn(unused_parens)]` (part of `#[warn(unused)]`) on by default
help: remove these parentheses
    |
190 -         ((g - b) / d + if g < b { 6.0 } else { 0.0 })
190 +         (g - b) / d + if g < b { 6.0 } else { 0.0 }
    |

warning: duplicated attribute
     --> crates\auto-lang\src\ui_gen\vue.rs:21205:5
      |
21205 |     #[test]
      |     ^^^^^^^
      |
      = note: `#[warn(duplicate_macro_attributes)]` on by default

warning: duplicated attribute
     --> crates\auto-lang\src\ui_gen\vue.rs:24552:5
      |
24552 |     #[test]
      |     ^^^^^^^

warning: unused doc comment
    --> crates\auto-lang\src\ui_gen\rust.rs:1254:9
     |
1254 | /         /// action_config 全局面——与 VM 轨 renderer __menubar_toggle 同
1255 | |         /// 机制非消费方补丁；族折叠契约镜像解释态
1256 | |         /// convert_menubar_component）。枚举先于 view 树生成——变体在
1257 | |         /// 此预扫描推送（scan_input_fields 同序先例）。
     | |________________________________________________________^
1258 | /         if self.view_tree_has_menubar(&widget.view_tree) {
1259 | |             if !self.message_variants.iter().any(|v| v.name == "__MenubarToggle") {
1260 | |                 self.message_variants.push(AuraMsgVariant {
1261 | |                     name: "__MenubarToggle".to_string(),
...    |
1275 | |         }
     | |_________- rustdoc does not generate documentation for expressions
     |
     = help: use `//` for a plain comment

warning: unused imports: `Expr` and `Stmt`
    --> crates\auto-lang\src\ui_gen\rust.rs:7415:26
     |
7415 |         use crate::ast::{Expr, Stmt};
     |                          ^^^^  ^^^^

warning: unused import: `auto_val::Op`
    --> crates\auto-lang\src\ui_gen\rust.rs:7416:13
     |
7416 |         use auto_val::Op;
     |             ^^^^^^^^^^^^

warning: unused doc comment
    --> crates\auto-lang\src\ui_gen\rust.rs:8242:21
     |
8242 |                       /// 显式拒绝非静默）。
     |                       ^^^^^^^^^^^^^^^^^^^^^^
8243 | /                     _ => {
8244 | |                         let kind = self.tag_to_view_fn(tag);
8245 | |                         let hit = crate::ui_gen::vocab::view_prop_vocab(kind)
8246 | |                             .iter()
...    |
8281 | |                         format!("{{ std::compile_error!(\"{msg}\"); unreachable!() }}")
8282 | |                     }
     | |_____________________- rustdoc does not generate documentation for match arms
     |
     = help: use `//` for a plain comment

warning: unused doc comment
    --> crates\auto-lang\src\ui_gen\rust.rs:8426:17
     |
8426 |                 /// handler 闭包，Msg 槽发直消息（Option<M> 面无闭包包装）。
     |                 ^^^^^^^^^^^^^^^^^^^^^^^^^^^^^^^^^^^^^^^^^^^^^^^^^^^^^^^^^^^^
8427 |                 let kind = self.tag_to_view_fn(tag);
     |                 ------------------------------------ rustdoc does not generate documentation for statements
     |
     = help: use `//` for a plain comment

warning: unnecessary parentheses around `if` condition
     --> crates\auto-lang\src\ui_gen\rust.rs:11314:20
      |
11314 |                 if (fn_name.starts_with("store.") || fn_name.starts_with("self.store.")) {
      |                    ^                                                                   ^
      |
help: remove these parentheses
      |
11314 -                 if (fn_name.starts_with("store.") || fn_name.starts_with("self.store.")) {
11314 +                 if fn_name.starts_with("store.") || fn_name.starts_with("self.store.") {
      |

warning: unused import: `std::collections::HashSet`
   --> crates\auto-lang\src\ui_gen\api.rs:283:5
    |
283 | use std::collections::HashSet;
    |     ^^^^^^^^^^^^^^^^^^^^^^^^^

warning: unused import: `super::*`
    --> crates\auto-lang\src\ui_gen\validators.rs:1151:9
     |
1151 |     use super::*;
     |         ^^^^^^^^

warning: unused import: `Mutex`
   --> crates\auto-lang\src\state_file.rs:196:26
    |
196 |     use std::sync::{Arc, Mutex};
    |                          ^^^^^

warning: unused import: `super::*`
   --> crates\auto-lang\src\mode.rs:239:9
    |
239 |     use super::*;
    |         ^^^^^^^^

warning: duplicated attribute
     --> crates\auto-lang\src\parser.rs:20005:5
      |
20005 |     #[test]
      |     ^^^^^^^

warning: unused import: `super::*`
     --> crates\auto-lang\src\parser.rs:17580:9
      |
17580 |     use super::*;
      |         ^^^^^^^^

warning: unused import: `Expr`
   --> crates\auto-lang\src\trans\auto_s2s.rs:161:26
    |
161 |         use crate::ast::{Expr, Stmt};
    |                          ^^^^

warning: unused import: `Args`
  --> crates\auto-lang\src\trans\emit.rs:15:23
   |
15 | use crate::ast::{Arg, Args, Body, Call, Code, Expr, Fn, For, If, Iter, Stmt, Store, StoreKind, Try, Use, UseKind};
   |                       ^^^^

warning: unused imports: `NATIVE_PRINT_F64` and `NATIVE_PRINT_U64`
 --> crates\auto-lang\src\vm\codegen.rs:7:1343
  |
7 | ...E_BASENAME, NATIVE_PRINT_F32, NATIVE_PRINT_F64, NATIVE_PRINT_I32, NATIVE_PRINT_STR, NATIVE_PRINT_U64, NATIVE_PRINT_UNIFIED, NATIVE...
  |                                  ^^^^^^^^^^^^^^^^                                      ^^^^^^^^^^^^^^^^

warning: unused import: `std::fmt::Write`
  --> crates\auto-lang\src\vm\abt\mod.rs:81:13
   |
81 |         use std::fmt::Write;
   |             ^^^^^^^^^^^^^^^

warning: unused doc comment
    --> crates\auto-lang\src\vm\engine.rs:1868:5
     |
1868 | /     /// PLAN-053 P-053-2: nil 家族判定 —— tag-null(encode_null，现行
1869 | |     /// `None`/`null`/`nil` 字面量与 JSON null 的统一编码)或旧编码
1870 | |     /// i32(-1)(历史 `null` 字面量/CREATE_NONE)或 i32(i32::MIN+1)
1871 | |     /// (历史 `nil` 字面量)。EQ/NE/NULL_COALESCE 用它在等值/合并语义上
...    |
1875 | |     /// PLAN-026 T-03 配套: 宽整数值归一(i32/i64 tag → i64 按值;算术
1876 | |     /// 兜底臂与序比较宽整臂共用)。
     | |_____------------------------------^
     |       |
     |       rustdoc does not generate documentation for macro invocations
     |
     = help: to document an item produced by a macro, the macro must produce the documentation as part of its expansion

warning: unused import: `std::sync::atomic::Ordering`
    --> crates\auto-lang\src\vm\engine.rs:1030:13
     |
1030 |         use std::sync::atomic::Ordering;
     |             ^^^^^^^^^^^^^^^^^^^^^^^^^^^

warning: unused import: `dashmap::DashMap`
  --> crates\auto-lang\src\vm\rc.rs:20:5
   |
20 | use dashmap::DashMap;
   |     ^^^^^^^^^^^^^^^^

warning: unused import: `AtomicU64`
  --> crates\auto-lang\src\vm\rc.rs:22:36
   |
22 | use std::sync::atomic::{AtomicU32, AtomicU64, Ordering};
   |                                    ^^^^^^^^^

warning: unused import: `super::*`
     --> crates\auto-lang\src\vm\native.rs:10903:13
      |
10903 |         use super::*;
      |             ^^^^^^^^

warning: unused doc comment
    --> crates\auto-lang\src\vm\ffi\stdlib.rs:2977:1
     |
2977 | /// 原始（inventory rust_fn）shim 的暂存表：wrapper 规整首参后委托原实现。
     | ^^^^^^^^^^^^^^^^^^^^^^^^^^^^^^^^^^^^^^^^^^^^^^^^^^^^^^^^^^^^^^^^^^^^^^^^^^ rustdoc does not generate documentation for macro invocations
     |
     = help: to document an item produced by a macro, the macro must produce the documentation as part of its expansion

warning: unused doc comment
   --> crates\auto-lang\src\vm\ffi\dep_methods.rs:878:1
    |
878 | / /// 同步调用期有效的回调帧(裸指针仅在 marshaller 调用窗口内解引用;
879 | | /// 单线程原型,深度 1)。Option 空即"不在回调窗口"。
    | |_--------------------------------------------------^
    |   |
    |   rustdoc does not generate documentation for macro invocations
    |
    = help: to document an item produced by a macro, the macro must produce the documentation as part of its expansion

warning: unused import: `super::cleanup_sse_iterator`
    --> crates\auto-lang\src\vm\ffi\http_server.rs:5827:9
     |
5827 |     use super::cleanup_sse_iterator;
     |         ^^^^^^^^^^^^^^^^^^^^^^^^^^^

warning: unused import: `axum::extract::Request`
    --> crates\auto-lang\src\vm\ffi\http_server.rs:5957:9
     |
5957 |     use axum::extract::Request;
     |         ^^^^^^^^^^^^^^^^^^^^^^

warning: unused import: `axum::response::Response`
    --> crates\auto-lang\src\vm\ffi\http_server.rs:5958:9
     |
5958 |     use axum::response::Response;
     |         ^^^^^^^^^^^^^^^^^^^^^^^^

warning: unused doc comment
   --> crates\auto-lang\src\vm\ffi\term_engine.rs:917:1
    |
917 | / /// PLAN-020 T-00b:窗口尺寸面(逻辑 px)。读 iced_adapter 窗口全局
918 | | /// (renderer 每帧 set_window_width/height),与引擎零耦合——分屏矩形
919 | | /// 投影的前端 px 类几何标定源。非 ui 特性(无窗口)返缺省槽位值。
920 | | ///
...   |
923 | | /// (run_app/动态轨,022 T-03 写入路)与 vm 无窗口轨不注入 override,
924 | | /// 读路径与既有行为零变化。
    | |_---------------------------^
    |   |
    |   rustdoc does not generate documentation for macro invocations
    |
    = help: to document an item produced by a macro, the macro must produce the documentation as part of its expansion

warning: unnecessary parentheses around assigned value
    --> crates\auto-lang\src\vm\ffi\term_engine.rs:1051:26
     |
1051 |         let Ok(paused) = (lib.get::<unsafe extern "C" fn(*mut core::ffi::c_void) -> c_int>(
     |                          ^
1052 |             b"autoterm_engine_backlog_paused\0",
1053 |         )) else {
     |          ^
     |
help: remove these parentheses
     |
1051 ~         let Ok(paused) = lib.get::<unsafe extern "C" fn(*mut core::ffi::c_void) -> c_int>(
1052 |             b"autoterm_engine_backlog_paused\0",
1053 ~         ) else {
     |

warning: unnecessary parentheses around assigned value
    --> crates\auto-lang\src\vm\ffi\term_engine.rs:1090:27
     |
1090 |         let Ok(dropped) = (lib.get::<unsafe extern "C" fn(*mut core::ffi::c_void) -> c_int>(
     |                           ^
1091 |             b"autoterm_engine_overflow_count\0",
1092 |         )) else {
     |          ^
     |
help: remove these parentheses
     |
1090 ~         let Ok(dropped) = lib.get::<unsafe extern "C" fn(*mut core::ffi::c_void) -> c_int>(
1091 |             b"autoterm_engine_overflow_count\0",
1092 ~         ) else {
     |

warning: unused imports: `VueGenerator` and `VueMode`
    --> crates\auto-lang\src\lib.rs:6988:76
     |
6988 |     use crate::ui_gen::{generate_component_from_file, ComponentGenOptions, VueGenerator, VueMode};
     |                                                                            ^^^^^^^^^^^^  ^^^^^^^

warning: unused imports: `AdocDocument`, `AdocInline`, `AdocLexer`, `AdocSection`, and `LexerMode`
 --> crates\auto-lang\src\tests\autodown_tests.rs:3:16
  |
3 |     AdocBlock, AdocDocument, AdocInline, AdocMath, AdocParser, AdocSection,
  |                ^^^^^^^^^^^^  ^^^^^^^^^^                        ^^^^^^^^^^^
4 |     AdocLexer, LexerMode,
  |     ^^^^^^^^^  ^^^^^^^^^

warning: unused import: `std::path::PathBuf`
   --> crates\auto-lang\src\tests\plan340_tests.rs:124:13
    |
124 |         use std::path::PathBuf;
    |             ^^^^^^^^^^^^^^^^^^

warning: unused import: `std::path::PathBuf`
   --> crates\auto-lang\src\tests\plan340_tests.rs:263:13
    |
263 |         use std::path::PathBuf;
    |             ^^^^^^^^^^^^^^^^^^

warning: unused import: `std::path::PathBuf`
   --> crates\auto-lang\src\tests\plan340_tests.rs:813:13
    |
813 |         use std::path::PathBuf;
    |             ^^^^^^^^^^^^^^^^^^

warning: unused imports: `ParkedWait` and `SegmentOutcome`
  --> crates\auto-lang\src\tests\plan712_http_error_semantics_tests.rs:14:25
   |
14 | use crate::vm::engine::{ParkedWait, SegmentOutcome};
   |                         ^^^^^^^^^^  ^^^^^^^^^^^^^^

warning: unused import: `crate::vm::task::AutoTask`
  --> crates\auto-lang\src\tests\plan712_http_error_semantics_tests.rs:15:5
   |
15 | use crate::vm::task::AutoTask;
   |     ^^^^^^^^^^^^^^^^^^^^^^^^^

warning: unused imports: `Read` and `Write`
   --> crates\auto-lang\src\tests\plan705_spike_tests.rs:949:19
    |
949 |     use std::io::{Read, Write};
    |                   ^^^^  ^^^^^

warning: unused import: `syntect::easy::HighlightLines`
   --> crates\auto-lang\src\ui\code_editor\core\highlight.rs:333:9
    |
333 |     use syntect::easy::HighlightLines;
    |         ^^^^^^^^^^^^^^^^^^^^^^^^^^^^^

warning: unused import: `syntect::util::LinesWithEndings`
   --> crates\auto-lang\src\ui\code_editor\core\highlight.rs:334:9
    |
334 |     use syntect::util::LinesWithEndings;
    |         ^^^^^^^^^^^^^^^^^^^^^^^^^^^^^^^

warning: unused import: `Family`
  --> crates\auto-lang\src\ui\code_editor\core\render.rs:14:41
   |
14 |     Attrs, AttrsList, BufferLine, Edit, Family, FontSystem, LineEnding, Metrics, Selection, Wrap,
   |                                         ^^^^^^

warning: unused import: `Weak`
  --> crates\auto-lang\src\ui\code_editor\core\mod.rs:27:39
   |
27 | use std::sync::{Arc, Mutex, OnceLock, Weak};
   |                                       ^^^^

warning: unused import: `Family`
  --> crates\auto-lang\src\ui\code_editor\iced\gutter.rs:21:35
   |
21 |     Attrs, AttrsList, BufferLine, Family, FontSystem, LayoutLine, LineEnding, Shaping, SwashCache,
   |                                   ^^^^^^

warning: unused import: `iced::advanced::graphics::text::Renderer as RawTextRenderer`
  --> crates\auto-lang\src\ui\code_editor\iced\widget.rs:13:5
   |
13 | use iced::advanced::graphics::text::Renderer as RawTextRenderer;
   |     ^^^^^^^^^^^^^^^^^^^^^^^^^^^^^^^^^^^^^^^^^^^^^^^^^^^^^^^^^^^

warning: unused import: `scroll_range`
  --> crates\auto-lang\src\ui\scroll\host.rs:16:49
   |
16 | use crate::ui::scroll::geometry::{clamp_offset, scroll_range};
   |                                                 ^^^^^^^^^^^^

warning: duplicated attribute
    --> crates\auto-lang\src\ui\view.rs:4678:5
     |
4678 |     #[test]
     |     ^^^^^^^

warning: unused imports: `Point` and `Vector`
 --> crates\auto-lang\src\ui\anchor_slot.rs:9:29
  |
9 | use iced::{Element, Length, Point, Rectangle, Size, Theme, Vector};
  |                             ^^^^^                          ^^^^^^

warning: unused import: `AtomicBool`
  --> crates\auto-lang\src\ui\style\mod.rs:41:29
   |
41 |     use std::sync::atomic::{AtomicBool, AtomicU64, Ordering};
   |                             ^^^^^^^^^^

warning: unused doc comment
   --> crates\auto-lang\src\ui\style\theme\mod.rs:176:1
    |
176 | / /// PLAN-020 T-00b: 窗口高度(逻辑 px),与 window_width 同规约——renderer
177 | | /// 在 view() 前设值。窗口尺寸面(分屏矩形投影 px 类几何的标定源)。
    | |_-----------------------------------------------------------------^
    |   |
    |   rustdoc does not generate documentation for macro invocations
    |
    = help: to document an item produced by a macro, the macro must produce the documentation as part of its expansion

warning: duplicated attribute
   --> crates\auto-lang\src\ui\debug\inspector_cache.rs:311:5
    |
311 |     #[test]
    |     ^^^^^^^

warning: unused import: `VNode`
  --> crates\auto-lang\src\ui\selection\output.rs:16:38
   |
16 | use crate::ui::vnode::{kind_keyword, VNode, VNodeId, VTree};
   |                                      ^^^^^

warning: unused import: `crate::parser::Parser`
    --> crates\auto-lang\src\ui\vm_bridge.rs:5709:13
     |
5709 |         use crate::parser::Parser;
     |             ^^^^^^^^^^^^^^^^^^^^^

warning: unused import: `crate::session::CompilerSession`
    --> crates\auto-lang\src\ui\vm_bridge.rs:5710:13
     |
5710 |         use crate::session::CompilerSession;
     |             ^^^^^^^^^^^^^^^^^^^^^^^^^^^^^^^

warning: unused import: `ReservedEdges`
  --> crates\auto-lang\src\ui\session.rs:32:37
   |
32 | use crate::ui::layout::{LayoutMode, ReservedEdges};
   |                                     ^^^^^^^^^^^^^

warning: unused doc comment
    --> crates\auto-lang\src\ui\session.rs:4409:13
     |
4409 |               /// 回收（无 respawn——spawned 复位，下次召唤重 spawn）。
     |               ^^^^^^^^^^^^^^^^^^^^^^^^^^^^^^^^^^^^^^^^^^^^^^^^^^^^^^^^
4410 | /             if self.desktop.launcher_pipe.as_deref() == Some(pipe.as_str()) {
4411 | |                 if let Some(lwid) = self.desktop.launcher_wid.take() {
4412 | |                     if Some(lwid) != client.wid {
4413 | |                         let _ = self.wm_remove_win(lwid);
...    |
4420 | |                 self.desktop.launcher_spawned = false;
4421 | |             }
     | |_____________- rustdoc does not generate documentation for expressions
     |
     = help: use `//` for a plain comment

warning: unused doc comment
    --> crates\auto-lang\src\ui\session.rs:4788:25
     |
4788 | /                         ///（add_win_above_bottom：z_order[1]，bg 上/窗下）；
4789 | |                         /// rect 初值 = 顶部带（全宽 × 缺省面板高），宿主随
4790 | |                         /// DashboardSnapshot 推送动态更新（命中带随几何）。
     | |____________________________________________________________________________^
4791 |                           let mut dashboard_wid: Option<Wid> = None;
     |                           ------------------------------------------ rustdoc does not generate documentation for statements
     |
     = help: use `//` for a plain comment

warning: unused doc comment
    --> crates\auto-lang\src\ui\session.rs:4796:29
     |
4796 |   ...                   /// 边距；push_dashboard_snapshot 随几何动态更新）。
     |                         ^^^^^^^^^^^^^^^^^^^^^^^^^^^^^^^^^^^^^^^^^^^^^^^^^^^^
4797 | / ...                   let d_rect = iced::Rectangle::new(
4798 | | ...                       iced::Point::new((width - d_decl.width - 12.0).max(12.0), 12.0),
4799 | | ...                       iced::Size::new(d_decl.width, d_decl.height),
4800 | | ...                   );
     | |________________________- rustdoc does not generate documentation for statements
     |
     = help: use `//` for a plain comment

warning: unused doc comment
    --> crates\auto-lang\src\ui\session.rs:4883:21
     |
4883 |                       ///[v1 记债]——死亡由 pump 回收，下次召唤重 spawn）。
     |                       ^^^^^^^^^^^^^^^^^^^^^^^^^^^^^^^^^^^^^^^^^^^^^^^^^^^^
4884 | /                     if app_name == "launcher" && !surfaces.is_empty() {
4885 | |                         let rect = iced::Rectangle::new(
4886 | |                             iced::Point::new(0.0, 0.0),
4887 | |                             iced::Size::new(width, height),
...    |
4924 | |                         continue;
4925 | |                     }
     | |_____________________- rustdoc does not generate documentation for expressions
     |
     = help: use `//` for a plain comment

warning: unused doc comment
    --> crates\auto-lang\src\ui\shell_projection.rs:1212:13
     |
1212 |             /// renderer in-proc 写点 Value::Int 同型）。
     |             ^^^^^^^^^^^^^^^^^^^^^^^^^^^^^^^^^^^^^^^^^^^^^
1213 |             ShellWrite::Scalar("__panel_max_h", auto_val::Value::Int(self.panel_max_h as i32)),
     |             ---------------------------------------------------------------------------------- rustdoc does not generate documentation for expressions
     |
     = help: use `//` for a plain comment

warning: duplicated attribute
    --> crates\auto-lang\src\ui\shell_projection.rs:1440:5
     |
1440 |     #[test]
     |     ^^^^^^^

warning: unused import: `std::collections::HashMap`
  --> crates\auto-lang\src\ui\desktop_protocol\client_runtime.rs:13:5
   |
13 | use std::collections::HashMap;
   |     ^^^^^^^^^^^^^^^^^^^^^^^^^

warning: unused imports: `AuraTextContent` and `aura_events_get_base`
  --> crates\auto-lang\src\ui\desktop_protocol\client_runtime.rs:16:19
   |
16 | use crate::aura::{aura_events_get_base, AuraNode, AuraPropValue, AuraTextContent};
   |                   ^^^^^^^^^^^^^^^^^^^^                           ^^^^^^^^^^^^^^^

warning: unused import: `ImageFit`
  --> crates\auto-lang\src\ui\desktop_protocol\client_runtime.rs:19:45
   |
19 |     ControlMsg, DrawList, DrawOp, FrameMsg, ImageFit, InputMsg, MouseButton, ProtocolMsg, Rgba8,
   |                                             ^^^^^^^^

warning: unused doc comment
   --> crates\auto-lang\src\ui\desktop_protocol\coverage.rs:317:13
    |
317 | /             /// §10-④ 另立，opacity/overflow 先例；018 fixed×2/021
318 | |             /// sticky×2 判定翻绿，保真边界显式随注）；top-/left-/right-/
    | |_________________________________________________________________________^
319 |               // bottom-/z- 偏移与层级 token。
320 |               "absolute",
    |               ---------- rustdoc does not generate documentation for expressions
    |
    = help: use `//` for a plain comment

warning: unused doc comment
   --> crates\auto-lang\src\ui\desktop_protocol\coverage.rs:830:9
    |
830 |         /// "flex-wrap"（既有 "flex" 前缀命中），渲染 no-op 单行随注。
    |         ^^^^^^^^^^^^^^^^^^^^^^^^^^^^^^^^^^^^^^^^^^^^^^^^^^^^^^^^^^^^^^
831 |         SC::FlexWrap => "flex-wrap".into(),
    |         ---------------------------------- rustdoc does not generate documentation for match arms
    |
    = help: use `//` for a plain comment

warning: unused doc comment
    --> crates\auto-lang\src\ui\desktop_protocol\coverage.rs:1579:9
     |
1579 | /         ///（resolve_native_frame_mode Covered 臂 Commands，p032 报告）
1580 | |         ///——judged 跌破 95% 门即红：降级需显式裁定（台账裁定行 + 报告
1581 | |         /// 更新），禁静默回归。
     | |________________________________^
1582 |           let flip = judged_pct >= 95.0;
     |           ------------------------------ rustdoc does not generate documentation for statements
     |
     = help: use `//` for a plain comment

warning: unused import: `ControlMsg`
    --> crates\auto-lang\src\ui\desktop_protocol\endpoint.rs:1377:27
     |
1377 |             surface_role, ControlMsg, FrameMsg, ProtocolMsg, SurfaceDecl, WelcomeSurface,
     |                           ^^^^^^^^^^

warning: unused doc comment
   --> crates\auto-lang\src\ui\desktop_protocol\native_projector.rs:319:5
    |
319 |       /// 无 GAP/高度推导）；Widget 锚 = 边缘 + GAP。
    |       ^^^^^^^^^^^^^^^^^^^^^^^^^^^^^^^^^^^^^^^^^^^^^^^
320 | /     let (below, above) = match site {
321 | |         PopoverAnchorSite::Point { y, .. } => (*y, *y - ph),
322 | |         PopoverAnchorSite::Widget(_) => (r.y + r.h + POP_GAP, r.y - POP_GAP - ph),
323 | |     };
    | |______- rustdoc does not generate documentation for statements
    |
    = help: use `//` for a plain comment

warning: unused doc comment
    --> crates\auto-lang\src\ui\desktop_protocol\native_projector.rs:1442:9
     |
1442 |         ///（延迟放置见块尾）。
     |         ^^^^^^^^^^^^^^^^^^^^^^^
1443 |         let style = node_style_of_view(view);
     |         ------------------------------------- rustdoc does not generate documentation for statements
     |
     = help: use `//` for a plain comment

warning: unused doc comment
    --> crates\auto-lang\src\ui\desktop_protocol\native_projector.rs:2953:9
     |
2953 |         ///（token "style-grid" 判定面不受影响）。
     |         ^^^^^^^^^^^^^^^^^^^^^^^^^^^^^^^^^^^^^^^^^^
2954 |         StyleClass::GridCols(n) => s.grid_cols = Some(usize::from(*n)),
     |         -------------------------------------------------------------- rustdoc does not generate documentation for match arms
     |
     = help: use `//` for a plain comment

warning: unused doc comment
    --> crates\auto-lang\src\ui\desktop_protocol\native_projector.rs:2957:9
     |
2957 | /         ///（layout_view_block 延迟放置消费）；fixed/sticky 降级放行
2958 | |         ///（in-flow no-op——opacity/overflow 先例，真渲债 §10-④）。
     | |___________________________________________________________________^
2959 |           StyleClass::Absolute => s.absolute = true,
     |           ----------------------------------------- rustdoc does not generate documentation for match arms
     |
     = help: use `//` for a plain comment

warning: unused doc comment
    --> crates\auto-lang\src\ui\desktop_protocol\native_projector.rs:2986:9
     |
2986 |         ///（underline 先例；真渲债 KNOWN-DEBT 随注）。
     |         ^^^^^^^^^^^^^^^^^^^^^^^^^^^^^^^^^^^^^^^^^^^^^^^
2987 |         StyleClass::LineClamp(_) | StyleClass::LineClampNone => {}
     |         ---------------------------------------------------------- rustdoc does not generate documentation for match arms
     |
     = help: use `//` for a plain comment

warning: unused doc comment
    --> crates\auto-lang\src\ui\desktop_protocol\native_projector.rs:3743:9
     |
3743 |         /// 延后），父内容高 = 纯流内件（button 128）。
     |         ^^^^^^^^^^^^^^^^^^^^^^^^^^^^^^^^^^^^^^^^^^^^^^^ rustdoc does not generate documentation for macro invocations
     |
     = help: to document an item produced by a macro, the macro must produce the documentation as part of its expansion

warning: unused doc comment
    --> crates\auto-lang\src\ui\desktop_protocol\native_projector.rs:3722:9
     |
3722 |         ///（left 胜——CSS ltr 同语义），x = 父左 10。
     |         ^^^^^^^^^^^^^^^^^^^^^^^^^^^^^^^^^^^^^^^^^^^^^
3723 |         let (bx, by) = find("badge");
     |         ----------------------------- rustdoc does not generate documentation for statements
     |
     = help: use `//` for a plain comment

warning: unused doc comment
    --> crates\auto-lang\src\ui\desktop_protocol\native_projector.rs:3727:9
     |
3727 |         ///（ops 序 = 覆盖序，稳定排序文档序同 z）。
     |         ^^^^^^^^^^^^^^^^^^^^^^^^^^^^^^^^^^^^^^^^^^^^
3728 |         let (tx, ty) = find("tag");
     |         --------------------------- rustdoc does not generate documentation for statements
     |
     = help: use `//` for a plain comment

warning: unused import: `crate::ui::desktop_protocol::broker`
   --> crates\auto-lang\src\ui\desktop_protocol\remote.rs:244:9
    |
244 |     use crate::ui::desktop_protocol::broker;
    |         ^^^^^^^^^^^^^^^^^^^^^^^^^^^^^^^^^^^

warning: unused import: `super::*`
   --> crates\auto-lang\src\ui\desktop_protocol\remote.rs:621:9
    |
621 |     use super::*;
    |         ^^^^^^^^

warning: unused imports: `self` and `ws`
   --> crates\auto-lang\src\ui\desktop_protocol\remote.rs:622:50
    |
622 |     use crate::ui::desktop_protocol::transport::{self, ws};
    |                                                  ^^^^  ^^

warning: unused import: `HostEndpoint`
  --> crates\auto-lang\src\ui\desktop_protocol\rqhost.rs:27:35
   |
27 | use super::endpoint::{HostAction, HostEndpoint, HostState};
   |                                   ^^^^^^^^^^^^

warning: unused import: `super::host::SurfaceStore`
  --> crates\auto-lang\src\ui\desktop_protocol\rqhost.rs:28:5
   |
28 | use super::host::SurfaceStore;
   |     ^^^^^^^^^^^^^^^^^^^^^^^^^

warning: unused import: `crate::ui::desktop_protocol::endpoint::FrameSource`
    --> crates\auto-lang\src\ui\desktop_protocol\rqhost.rs:2263:13
     |
2263 |         use crate::ui::desktop_protocol::endpoint::FrameSource;
     |             ^^^^^^^^^^^^^^^^^^^^^^^^^^^^^^^^^^^^^^^^^^^^^^^^^^

warning: unused import: `crate::ui::desktop_protocol::endpoint::FrameSource`
    --> crates\auto-lang\src\ui\desktop_protocol\rqhost.rs:2437:13
     |
2437 |         use crate::ui::desktop_protocol::endpoint::FrameSource;
     |             ^^^^^^^^^^^^^^^^^^^^^^^^^^^^^^^^^^^^^^^^^^^^^^^^^^

warning: unused doc comment
   --> crates\auto-lang\src\ui\desktop_protocol\shell_client.rs:342:13
    |
342 |               /// 错退出，宿主 respawn 链兜底）。
    |               ^^^^^^^^^^^^^^^^^^^^^^^^^^^^^^^^^^^
343 | /             shell_face::LAUNCHER => {
344 | |                 let Some(entry) = std::env::var_os("AUTO_LAUNCHER_ENTRY") else {
345 | |                     eprintln!("[p036-child] launcher 面：AUTO_LAUNCHER_ENTRY 缺席");
346 | |                     return false;
...   |
362 | |             }
    | |_____________- rustdoc does not generate documentation for match arms
    |
    = help: use `//` for a plain comment

warning: unused doc comment
   --> crates\auto-lang\src\ui\desktop_protocol\shell_client.rs:709:21
    |
709 |                     ///——首 OVERLAY=switcher、次=notification_center）。
    |                     ^^^^^^^^^^^^^^^^^^^^^^^^^^^^^^^^^^^^^^^^^^^^^^^^^^^^
710 |                     let mut overlay_idx = 0usize;
    |                     ----------------------------- rustdoc does not generate documentation for statements
    |
    = help: use `//` for a plain comment

warning: unused doc comment
   --> crates\auto-lang\src\ui\desktop_protocol\shell_client.rs:747:25
    |
747 | /                         /// 可产命令（SendCmd 总线写点）——与 wire 输入同路：
748 | |                         /// 命令读走 + DesktopBus 上行（e2e 钩子与生产同径）。
    | |______________________________________________________________________________^
749 | /                         for record in self.faces.drain_commands(face) {
750 | |                             let wid = self
751 | |                                 .routes
752 | |                                 .iter()
...   |
758 | |                             );
759 | |                         }
    | |_________________________- rustdoc does not generate documentation for expressions
    |
    = help: use `//` for a plain comment

warning: unused doc comment
    --> crates\auto-lang\src\ui\desktop_protocol\shell_client.rs:1109:9
     |
1109 | /         /// 按可解码即应用（wire 解码无判别位；生产宿主按 face 定载体
1110 | |         /// 不混发，D6 注记）。
     | |_________----------------------^
     |           |
     |           rustdoc does not generate documentation for macro invocations
     |
     = help: to document an item produced by a macro, the macro must produce the documentation as part of its expansion

warning: unused doc comment
   --> crates\auto-lang\src\ui\desktop_protocol\stage3.rs:581:9
    |
581 | /         /// .at 合并解析 + ensure_covered 门 + RqProjector）；native-
582 | |         /// auto-full = auto 档翻转抽样腿（resolve_native_frame_mode
583 | |         ///（Auto）裁决断言 Commands——flipped@ramp3 后缺省 queue，观测
584 | |         /// 行随行）。
    | |______________________^
585 | /         if mode == "native-full" || mode == "native-auto-full" {
586 | |             // 生产同型装载：单 app.at + path 上下文（`use` 模块声明由
587 | |             // loader 按 path 兄弟文件解析——018 book_store/021 页组件）。
588 | |             let base = concat!(env!("CARGO_MANIFEST_DIR"), "/../../examples/ui/");
...   |
614 | |             return;
615 | |         }
    | |_________- rustdoc does not generate documentation for expressions
    |
    = help: use `//` for a plain comment

warning: unused doc comment
    --> crates\auto-lang\src\ui\desktop_protocol\stage3.rs:1208:9
     |
1208 |           /// 同快照同几何 → DrawList 文本逐行全等）。
     |           ^^^^^^^^^^^^^^^^^^^^^^^^^^^^^^^^^^^^^^^^^^^^
1209 | /         {
1210 | |             use crate::ui::desktop_protocol::shell_client::ShellFaces;
1211 | |             let mut local =
1212 | |                 ShellFaces::load(geometry).expect("本地解释装配（内嵌 pin 兜底）");
...    |
1242 | |             println!("AUTO036 leg2 parity-switcher-frames PASS ({} 行)", n);
1243 | |         }
     | |_________- rustdoc does not generate documentation for expressions
     |
     = help: use `//` for a plain comment

warning: unused doc comment
    --> crates\auto-lang\src\ui\desktop_protocol\stage3.rs:1429:9
     |
1429 |           /// 回收 + 壳管线/帧不连坐。
     |           ^^^^^^^^^^^^^^^^^^^^^^^^^^^^
1430 | /         {
1431 | |             let children_len = session.desktop.outproc_children.len();
1432 | |             let mut launcher_child = session
1433 | |                 .desktop
...    |
1447 | |             );
1448 | |         }
     | |_________- rustdoc does not generate documentation for expressions
     |
     = help: use `//` for a plain comment

warning: unused import: `FrameMode`
    --> crates\auto-lang\src\ui\desktop_protocol\stage3.rs:2759:60
     |
2759 |         use crate::ui::desktop_protocol::message::{DrawOp, FrameMode, MouseButton};
     |                                                            ^^^^^^^^^

warning: unused doc comment
    --> crates\auto-lang\src\ui\desktop_protocol\stage3.rs:3068:9
     |
3068 |           /// 命中区序选（row 内第 idx 个匹配；002 的 "+" 是第三个按钮）。
     |           ^^^^^^^^^^^^^^^^^^^^^^^^^^^^^^^^^^^^^^^^^^^^^^^^^^^^^^^^^^^^^^^^
3069 | /         let twin_hit_nth = |app: &str, needle: &str, idx: usize| -> Option<(f32, f32)> {
3070 | |             twins
3071 | |                 .iter()
3072 | |                 .find(|(n, _)| n == app)
...    |
3079 | |                 })
3080 | |         };
     | |__________- rustdoc does not generate documentation for statements
     |
     = help: use `//` for a plain comment

warning: unused import: `HandshakeMsg`
    --> crates\auto-lang\src\ui\desktop_protocol\stage3.rs:3867:23
     |
3867 |             FrameMsg, HandshakeMsg, PixelFormat, ProtocolMsg, WRect,
     |                       ^^^^^^^^^^^^

warning: unused doc comment
    --> crates\auto-lang\src\ui\desktop_protocol\stage3.rs:5156:9
     |
5156 |           /// 拒收留痕腿（见尾部——native_gate_runtime_views_of_six 钉）。
     |           ^^^^^^^^^^^^^^^^^^^^^^^^^^^^^^^^^^^^^^^^^^^^^^^^^^^^^^^^^^^^^^^
5157 | /         let legs: &[(&str, &str, &str)] = &[
5158 | |             ("012-clock", "native-auto-full", "时钟 Clock"),
5159 | |             ("021-blog-viewer", "native-full", "My Blog"),
5160 | |             ("024-charts", "native-full", "图表工坊"),
5161 | |             ("046-tabs-variants", "native-full", "Alpha panel"),
5162 | |         ];
     | |__________- rustdoc does not generate documentation for statements
     |
     = help: use `//` for a plain comment

warning: unused doc comment
    --> crates\auto-lang\src\ui\desktop_protocol\stage3.rs:5289:9
     |
5289 | /         ///（truncate/codeeditor）——queue 门 ensure_covered 拒绝退出，
5290 | |         /// 缺项载荷逐字断言（I3/AC-04 纪律的 e2e 面）。
     | |________________________________________________________^
5291 | /         {
5292 | |             let base = concat!(env!("CARGO_MANIFEST_DIR"), "/../../examples/ui/");
5293 | |             for (name, want) in [
5294 | |                 ("018-book-reader", "style:truncate"),
...    |
5310 | |         }
     | |_________- rustdoc does not generate documentation for expressions
     |
     = help: use `//` for a plain comment

warning: unused import: `NamedPipeClient`
   --> crates\auto-lang\src\ui\desktop_protocol\transport.rs:160:58
    |
160 |     use tokio::net::windows::named_pipe::{ClientOptions, NamedPipeClient, NamedPipeServer, ServerOptions};
    |                                                          ^^^^^^^^^^^^^^^

warning: unused imports: `GetIconInfo` and `ICONINFO`
   --> crates\auto-lang\src\ui\native_dock\win32.rs:674:27
    |
674 |         GetClassLongPtrW, GetIconInfo, SendMessageTimeoutW, GCLP_HICON, HICON, ICONINFO,
    |                           ^^^^^^^^^^^                                          ^^^^^^^^

warning: unnecessary trailing semicolon
     --> crates\auto-lang\src\ui\aura_view_builder.rs:12559:22
      |
12559 |                     };
      |                      ^ help: remove this semicolon
      |
      = note: `#[warn(redundant_semicolons)]` (part of `#[warn(unused)]`) on by default

warning: unused import: `crate::ui_gen::nav_contract as nc`
     --> crates\auto-lang\src\ui\aura_view_builder.rs:19699:13
      |
19699 |         use crate::ui_gen::nav_contract as nc;
      |             ^^^^^^^^^^^^^^^^^^^^^^^^^^^^^^^^^

warning: unused imports: `AuraPropValue` and `AuraTextContent`
    --> crates\auto-lang\src\ui\dynamic.rs:3248:58
     |
3248 |     use crate::aura::{AuraNode, AuraStateDef, AuraEvent, AuraPropValue, AuraTextContent};
     |                                                          ^^^^^^^^^^^^^  ^^^^^^^^^^^^^^^

warning: unused doc comment
   --> crates\auto-lang\src\ui\iced\renderer.rs:125:1
    |
125 | /// 独立 kill-ring(readline 语义:最近 16 条;不污染系统剪贴板)。
    | ^^^^^^^^^^^^^^^^^^^^^^^^^^^^^^^^^^^^^^^^^^^^^^^^^^^^^^^^^^^^^^^ rustdoc does not generate documentation for macro invocations
    |
    = help: to document an item produced by a macro, the macro must produce the documentation as part of its expansion

warning: unused doc comment
   --> crates\auto-lang\src\ui\iced\renderer.rs:983:1
    |
983 | /// 每个 textarea key 当前嵌入的 ghost 后缀(渲染时写入,编辑派发时读)。
    | ^^^^^^^^^^^^^^^^^^^^^^^^^^^^^^^^^^^^^^^^^^^^^^^^^^^^^^^^^^^^^^^^^^^^^^ rustdoc does not generate documentation for macro invocations
    |
    = help: to document an item produced by a macro, the macro must produce the documentation as part of its expansion

warning: unused import: `Fill`
    --> crates\auto-lang\src\ui\iced\renderer.rs:8648:36
     |
8648 |         use iced::widget::canvas::{Fill, Frame, Path, Stroke};
     |                                    ^^^^

warning: unused doc comment
     --> crates\auto-lang\src\ui\iced\renderer.rs:11007:5
      |
11007 |       /// RebuildNotes 事件重建 rows——in-proc 写集 + handler 同册语义）。
      |       ^^^^^^^^^^^^^^^^^^^^^^^^^^^^^^^^^^^^^^^^^^^^^^^^^^^^^^^^^^^^^^^^^^^
11008 | /     if state.desktop.shell_pipe.is_some() {
11009 | |         if state.desktop.notes_open {
11010 | |             push_notes_snapshot(
11011 | |                 state,
...     |
11015 | |         return;
11016 | |     }
      | |_____- rustdoc does not generate documentation for expressions
      |
      = help: use `//` for a plain comment

warning: unused doc comment
     --> crates\auto-lang\src\ui\iced\renderer.rs:11095:5
      |
11095 | /     /// 场）——launcher 独立 exe：已 attach 则快照推送（ApplyFilter 事件
11096 | |     /// + child 自主聚焦[D5 等价]）；未 spawn 则一次性 spawn（attach 异步
11097 | |     ///——ServiceTick 补推追赶）；伪窗聚焦承接键盘路由（D5 可聚焦语义）。
11098 | |     /// in-proc 轨原路径零变化（I2）。
      | |______________________________________^
11099 | /     if state.desktop.shell_pipe.is_some() {
11100 | |         state.desktop.launcher_open = true;
11101 | |         if state.desktop.launcher_pipe.is_some() {
11102 | |             if let Some(lwid) = state.desktop.launcher_wid {
...     |
11115 | |         return iced::Task::none();
11116 | |     }
      | |_____- rustdoc does not generate documentation for expressions
      |
      = help: use `//` for a plain comment

warning: unused doc comment
     --> crates\auto-lang\src\ui\iced\renderer.rs:11258:5
      |
11258 | /     ///（child 预装/懒装面 apply_writes + dispatch 重建 rows）；in-proc
11259 | |     /// 原路径零变化（I2）。开关镜像位 = switcher_open（层序/仲裁消费）。
      | |_________________________________________________________________________^
11260 | /     if state.desktop.shell_pipe.is_some() {
11261 | |         state.desktop.switcher_open = true;
11262 | |         push_switcher_snapshot(state, &[crate::ui::shell_projection::ShellEvent::RebuildMru]);
11263 | |         return iced::Task::none();
11264 | |     }
      | |_____- rustdoc does not generate documentation for expressions
      |
      = help: use `//` for a plain comment

warning: unused doc comment
     --> crates\auto-lang\src\ui\iced\renderer.rs:11353:5
      |
11353 | /     /// RebuildNotes 事件 + 未读清零；关 = visible=0 纯状态位）；in-proc
11354 | |     /// 原路径零变化（I2）。
      | |____________________________^
11355 | /     if state.desktop.shell_pipe.is_some() {
11356 | |         let open = !state.desktop.notes_open;
11357 | |         state.desktop.notes_open = open;
11358 | |         if open {
...     |
11364 | |         return iced::Task::none();
11365 | |     }
      | |_____- rustdoc does not generate documentation for expressions
      |
      = help: use `//` for a plain comment

warning: unused doc comment
     --> crates\auto-lang\src\ui\iced\renderer.rs:11665:5
      |
11665 |       ///（右上锚定：x = 视口 - w - 12，y = panel_top——035 固定外框契约）。
      |       ^^^^^^^^^^^^^^^^^^^^^^^^^^^^^^^^^^^^^^^^^^^^^^^^^^^^^^^^^^^^^^^^^^^^^
11666 | /     if let (Some(dwid), Some(host)) = (
11667 | |         state.desktop.shell_pseudo_wids.get(4).copied(),
11668 | |         state.host.as_mut(),
11669 | |     ) {
...     |
11686 | |     }
      | |_____- rustdoc does not generate documentation for expressions
      |
      = help: use `//` for a plain comment

warning: unused doc comment
     --> crates\auto-lang\src\ui\iced\renderer.rs:12225:5
      |
12225 |       /// 宿主行为两轨同源）+ 快照重推（RebuildFaces 事件重建 rows）。
      |       ^^^^^^^^^^^^^^^^^^^^^^^^^^^^^^^^^^^^^^^^^^^^^^^^^^^^^^^^^^^^^^^^
12226 | /     if state.desktop.shell_pipe.is_some() {
12227 | |         if state.desktop.dashboard_open {
12228 | |             push_dashboard_snapshot(
12229 | |                 state,
...     |
12233 | |         return;
12234 | |     }
      | |_____- rustdoc does not generate documentation for expressions
      |
      = help: use `//` for a plain comment

warning: unused doc comment
     --> crates\auto-lang\src\ui\iced\renderer.rs:12242:5
      |
12242 | /     ///（in-proc 注入与 outproc 快照两轨同源——孵化副作用/配置门/跨度/
12243 | |     /// 布局算式单一事实）。
      | |____________________________^
12244 |       let (faces, panel_w, panel_h, panel_top) = collect_dashboard_faces(state);
      |       -------------------------------------------------------------------------- rustdoc does not generate documentation for statements
      |
      = help: use `//` for a plain comment

warning: unused doc comment
     --> crates\auto-lang\src\ui\iced\renderer.rs:12305:5
      |
12305 | /     /// visible 置位 + RebuildFaces 事件快照；关 = visible=0 纯状态）；
12306 | |     /// in-proc 原路径零变化（I2）。
      | |____________________________________^
12307 | /     if state.desktop.shell_pipe.is_some() {
12308 | |         if state.desktop.dashboard_open {
12309 | |             state.desktop.dashboard_open = false;
12310 | |             push_dashboard_snapshot(state, &[]);
...     |
12318 | |         return iced::Task::none();
12319 | |     }
      | |_____- rustdoc does not generate documentation for expressions
      |
      = help: use `//` for a plain comment

warning: unused doc comment
     --> crates\auto-lang\src\ui\iced\renderer.rs:20462:25
      |
20462 | /                         /// spawn→attach 异步落差（launcher_open 挂起 +
20463 | |                         /// pipe 落地 + 指纹未建）时补推召唤快照。
      | |__________________________________________________________________^
20464 | /                         if state.desktop.launcher_open
20465 | |                             && state.desktop.launcher_pipe.is_some()
20466 | |                             && state.desktop.launcher_fp.is_none()
...     |
20474 | |                             );
20475 | |                         }
      | |_________________________- rustdoc does not generate documentation for expressions
      |
      = help: use `//` for a plain comment

warning: unused doc comment
     --> crates\auto-lang\src\ui\iced\renderer.rs:20841:25
      |
20841 | /                         /// 事件快照（child dispatch → SwitcherMsg::Advance）；
20842 | |                         /// 未可见 = 首召唤（switcher_open 置位 + RebuildMru +
20843 | |                         /// Advance 首步——in-proc 首按推进语义同册）。
      | |______________________________________________________________________^
20844 | /                         if state.desktop.shell_pipe.is_some() {
20845 | |                             if state.desktop.switcher_open {
20846 | |                                 push_switcher_snapshot(
20847 | |                                     state,
...     |
20860 | |                             return iced::Task::none();
20861 | |                         }
      | |_________________________- rustdoc does not generate documentation for expressions
      |
      = help: use `//` for a plain comment

warning: unused doc comment
     --> crates\auto-lang\src\ui\iced\renderer.rs:21139:29
      |
21139 | / ...                   /// ——Escape 事件快照（面板 .at Escape handler 置
21140 | | ...                   /// visible=0 + 镜像位复位；in-proc 走 app 内 bind
21141 | | ...                   /// 路径不动）。
      | |______________________________________^
21142 | / ...                   if state.desktop.shell_pipe.is_some() {
21143 | | ...                       if state.desktop.switcher_open {
21144 | | ...                           state.desktop.switcher_open = false;
21145 | | ...                           push_switcher_snapshot(
...     |
21174 | | ...                   }
      | |_______________________- rustdoc does not generate documentation for expressions
      |
      = help: use `//` for a plain comment

warning: unused doc comment
     --> crates\auto-lang\src\ui\iced\renderer.rs:21677:41
      |
21677 | / ...                   /// Pick 事件快照（child dispatch →
21678 | | ...                   /// SwitcherMsg::Pick 提交选中 →
21679 | | ...                   /// SendCmd focus 上行 DesktopBus）+
21680 | | ...                   /// 面板自隐（switcher_open 复位）。
      | |__________________________________________________________^
21681 | / ...                   if state.desktop.shell_pipe.is_some() {
21682 | | ...                       state.desktop.switcher_open = false;
21683 | | ...                       push_switcher_snapshot(
21684 | | ...                           state,
...     |
21687 | | ...                       return iced::Task::none();
21688 | | ...                   }
      | |_______________________- rustdoc does not generate documentation for expressions
      |
      = help: use `//` for a plain comment

warning: unused doc comment
     --> crates\auto-lang\src\ui\iced\renderer.rs:21964:17
      |
21964 | /                 /// 表面帧贴层（伪窗[4]，表面 = dashboard_layout 外框
21965 | |                 /// 720×176 spacer 链右上贴放）；in-proc = 面板 App 拆借
21966 | |                 /// 视图 wrapper（原路径零变化）。face 卡两轨共用（宿主
21967 | |                 /// 叠层——D1 修订：卡内容真渲保留宿主，面板 chrome/清单
21968 | |                 /// /grid = child）。
      | |_____________________________________^
21969 | /                 let msg_target = state
21970 | |                     .desktop
21971 | |                     .dashboard_app
21972 | |                     .unwrap_or(crate::ui::session::AppId(0));
      | |_____________________________________________________________- rustdoc does not generate documentation for statements
      |
      = help: use `//` for a plain comment

warning: unused doc comment
     --> crates\auto-lang\src\ui\iced\renderer.rs:22330:13
      |
22330 | /             ///（伪窗全屏——launcher 可见时置顶；child else 分支同语义
22331 | |             /// 渲透明空层）。
      | |______________________________^
22332 | /             if state.desktop.launcher_pipe.is_some() && state.launcher_visible() {
22333 | |                 if let Some(lwid) = state.desktop.launcher_wid {
22334 | |                     if let Some(el) = shell_surface_element_pipe(state, state.desktop.launcher_pipe.clone(), lwid) {
22335 | |                         let full = iced::widget::container(el)
...     |
22354 | |                 layers.push(launcher_client.map(move |m| DM::App(launcher_app, m)));
22355 | |             }
      | |_____________- rustdoc does not generate documentation for expressions
      |
      = help: use `//` for a plain comment

warning: unused doc comment
     --> crates\auto-lang\src\ui\iced\renderer.rs:22361:17
      |
22361 |                   /// 贴层（伪窗 [2]；面板内容/scrim 由 child DrawList 自绘）。
      |                   ^^^^^^^^^^^^^^^^^^^^^^^^^^^^^^^^^^^^^^^^^^^^^^^^^^^^^^^^^^^^^
22362 | /                 if state.desktop.shell_pipe.is_some() {
22363 | |                     let overlay_wid = state.desktop.shell_pseudo_wids.get(2).copied();
22364 | |                     if let Some(el) = overlay_wid.and_then(|w| shell_surface_element(state, w)) {
22365 | |                         let full = iced::widget::container(el)
...     |
22384 | |                 layers.push(switcher_client.map(move |m| DM::App(switcher_app, m)));
22385 | |                 }
      | |_________________- rustdoc does not generate documentation for expressions
      |
      = help: use `//` for a plain comment

warning: unused doc comment
     --> crates\auto-lang\src\ui\iced\renderer.rs:22397:17
      |
22397 |                   ///（伪窗 [3]；对齐/scrim 由 child 自绘）。
      |                   ^^^^^^^^^^^^^^^^^^^^^^^^^^^^^^^^^^^^^^^^^^^
22398 | /                 if state.desktop.shell_pipe.is_some() {
22399 | |                     let overlay_wid = state.desktop.shell_pseudo_wids.get(3).copied();
22400 | |                     if let Some(el) = overlay_wid.and_then(|w| shell_surface_element(state, w)) {
22401 | |                         let full = iced::widget::container(el)
...     |
22419 | |                 layers.push(panel_client.map(move |m| DM::App(panel_app, m)));
22420 | |                 }
      | |_________________- rustdoc does not generate documentation for expressions
      |
      = help: use `//` for a plain comment

warning: duplicated attribute
     --> crates\auto-lang\src\ui\iced\renderer.rs:31062:5
      |
31062 |     #[test]
      |     ^^^^^^^

warning: duplicated attribute
     --> crates\auto-lang\src\ui\iced\renderer.rs:31100:5
      |
31100 |     #[test]
      |     ^^^^^^^

warning: duplicated attribute
     --> crates\auto-lang\src\ui\iced\renderer.rs:31161:5
      |
31161 |     #[test]
      |     ^^^^^^^

warning: duplicated attribute
     --> crates\auto-lang\src\ui\iced\renderer.rs:31331:5
      |
31331 |     #[test]
      |     ^^^^^^^

warning: unused import: `super::*`
     --> crates\auto-lang\src\ui\iced\renderer.rs:30344:9
      |
30344 |     use super::*;
      |         ^^^^^^^^

warning: unused import: `Text`
   --> crates\auto-lang\src\ui\iced\broker_surface.rs:390:49
    |
390 |         use iced::widget::canvas::{Frame, Path, Text};
    |                                                 ^^^^

warning: unused import: `BorderSpec`
   --> crates\auto-lang\src\ui\iced\broker_surface.rs:561:5
    |
561 |     BorderSpec, DisplayList, DisplayOp, Fill as WireFill, ShadowSpec,
    |     ^^^^^^^^^^

warning: unused import: `super::*`
  --> crates\auto-lang\src\ui\host.rs:99:9
   |
99 |     use super::*;
   |         ^^^^^^^^

warning: use of deprecated struct `ui_gen::jet::components::Material3Registry`: Use WidgetRegistry instead
   --> crates\auto-lang\src\ui_gen\jet\components.rs:168:24
    |
168 |         let registry = Material3Registry::new();
    |                        ^^^^^^^^^^^^^^^^^
    |
    = note: `#[warn(deprecated)]` on by default

warning: use of deprecated struct `ui_gen::jet::components::Material3Registry`: Use WidgetRegistry instead
   --> crates\auto-lang\src\ui_gen\jet\components.rs:176:24
    |
176 |         let registry = Material3Registry::new();
    |                        ^^^^^^^^^^^^^^^^^

warning: use of deprecated struct `ui_gen::jet::components::Material3Registry`: Use WidgetRegistry instead
   --> crates\auto-lang\src\ui_gen\jet\components.rs:184:24
    |
184 |         let registry = Material3Registry::new();
    |                        ^^^^^^^^^^^^^^^^^

warning: use of deprecated struct `ui_gen::jet::components::Material3Registry`: Use WidgetRegistry instead
   --> crates\auto-lang\src\ui_gen\jet\components.rs:192:24
    |
192 |         let registry = Material3Registry::new();
    |                        ^^^^^^^^^^^^^^^^^

warning: use of deprecated unit variant `ast::fun::ParamMode::Take`: Use 'move' instead of 'take'
  --> crates\auto-lang\src\tests\plan_088_tests.rs:30:45
   |
30 |         assert_eq!(format!("{}", ParamMode::Take), "move"); // Displays as "move" per Plan 122
   |                                             ^^^^

warning: unused attribute
   --> crates\auto-lang\src\tests\vm_file_tests.rs:486:19
    |
486 | ...e] #[ignore = "BUG: (-1).to(String) outputs '<invalid string index: 0>' — TYPE_TO_STR misidentifies negative integers as string pool indices"]
    |       ^^^^^^^^^^^^^^^^^^^^^^^^^^^^^^^^^^^^^^^^^^^^^^^^^^^^^^^^^^^^^^^^^^^^^^^^^^^^^^^^^^^^^^^^^^^^^^^^^^^^^^^^^^^^^^^^^^^^^^^^^^^^^^^^^^^^^^^^^^^ help: remove this attribute
    |
note: attribute also specified here
   --> crates\auto-lang\src\tests\vm_file_tests.rs:486:9
    |
486 | #[test] #[ignore] #[ignore = "BUG: (-1).to(String) outputs '<invalid string index: 0>' — TYPE_TO_STR misidentifies negative integer...
    |         ^^^^^^^^^
    = note: `#[warn(unused_attributes)]` (part of `#[warn(unused)]`) on by default

warning: variable does not need to be mutable
    --> crates\auto-lang\src\vm\ffi\http_server.rs:3518:9
     |
3518 |     let mut loop_result = ();
     |         ----^^^^^^^^^^^
     |         |
     |         help: remove this `mut`
     |
     = note: `#[warn(unused_mut)]` (part of `#[warn(unused)]`) on by default

warning: variable does not need to be mutable
    --> crates\auto-lang\src\vm\ffi\http_server.rs:6139:30
     |
6139 |                     let (tx, mut rx) = tokio::sync::mpsc::channel::<String>(1);
     |                              ----^^
     |                              |
     |                              help: remove this `mut`

warning: variable does not need to be mutable
   --> crates\auto-lang\src\vm\ffi\http_stream.rs:208:13
    |
208 |         let mut space_wait = handle.space.notified();
    |             ----^^^^^^^^^^
    |             |
    |             help: remove this `mut`

warning: variable does not need to be mutable
   --> crates\auto-lang\src\vm\ffi\http_transport.rs:203:10
    |
203 |     let (mut parts, body) = request.into_parts();
    |          ----^^^^^
    |          |
    |          help: remove this `mut`

warning: falling back to `f32` as the trait bound `f32: From<f64>` is not satisfied
    --> crates\auto-lang\src\ui\terminal\iced\widget.rs:1063:28
     |
1063 |                     width: 0.0.into(),
     |                            ^^^ help: explicitly specify the type as `f32`: `0.0_f32`
     |
     = warning: this was previously accepted by the compiler but is being phased out; it will become a hard error in a future release!
     = note: for more information, see issue #154024 <https://github.com/rust-lang/rust/issues/154024>
     = note: `#[warn(float_literal_f32_fallback)]` (part of `#[warn(future_incompatible)]`) on by default

warning: falling back to `f32` as the trait bound `f32: From<f64>` is not satisfied
    --> crates\auto-lang\src\ui\terminal\iced\widget.rs:1348:32
     |
1348 |                         width: 1.0.into(),
     |                                ^^^ help: explicitly specify the type as `f32`: `1.0_f32`
     |
     = warning: this was previously accepted by the compiler but is being phased out; it will become a hard error in a future release!
     = note: for more information, see issue #154024 <https://github.com/rust-lang/rust/issues/154024>

warning: unused import: `HasWindowHandle`
   --> crates\auto-lang\src\ui\desktop_protocol\win_ime.rs:248:29
    |
248 |     use raw_window_handle::{HasWindowHandle, RawWindowHandle};
    |                             ^^^^^^^^^^^^^^^

warning: unused variable: `p`
   --> crates\auto-lang\src\ast\task.rs:948:14
    |
948 |         let (p, g, _) = &on_block.handlers[0];
    |              ^ help: if this is intentional, prefix it with an underscore: `_p`
    |
    = note: `#[warn(unused_variables)]` (part of `#[warn(unused)]`) on by default

warning: variable does not need to be mutable
   --> crates\auto-lang\src\aura\extract.rs:689:24
    |
689 |     let (mut handlers, mut handler_params) = if let Some(on) = &decl.on {
    |                        ----^^^^^^^^^^^^^^
    |                        |
    |                        help: remove this `mut`

warning: unused variable: `def`
   --> crates\auto-lang\src\aura\schema.rs:333:21
    |
333 |         if let Some(def) = self.elements.get(tag) {
    |                     ^^^ help: if this is intentional, prefix it with an underscore: `_def`

warning: unreachable pattern
   --> crates\auto-lang\src\a2ui\schema.rs:485:13
    |
478 |             A2UIMessage::SurfaceUpdate(update) => match &update.components[0].body {
    |             ---------------------------------- matches all the relevant values
...
485 |             _ => panic!("Expected SurfaceUpdate"),
    |             ^ no value can reach this
    |
    = note: `#[warn(unreachable_patterns)]` (part of `#[warn(unused)]`) on by default

warning: variable does not need to be mutable
    --> crates\auto-lang\src\ui_gen\vue.rs:7025:34
     |
7025 | ...                   let (mut static_classes, _dc, _ds) = self.extract_classes(tag, props);
     |                            ----^^^^^^^^^^^^^^
     |                            |
     |                            help: remove this `mut`

warning: unreachable pattern
    --> crates\auto-lang\src\ui_gen\vue.rs:9705:13
     |
9676 |             "option" | "Option" => "option".to_string(),
     |             ------------------- matches all the relevant values
...
9705 |             "option" | "Option" => "option".to_string(),
     |             ^^^^^^^^^^^^^^^^^^^ no value can reach this

warning: unreachable pattern
     --> crates\auto-lang\src\ui_gen\vue.rs:10370:17
      |
10370 |                 _ => {}
      |                 ^ no value can reach this
      |
note: multiple earlier patterns match some of the same values
     --> crates\auto-lang\src\ui_gen\vue.rs:10370:17
      |
10235 |                 AuraPropValue::StyleBinding(bindings) => {
      |                 ------------------------------------- matches some of the same values
...
10254 |                 AuraPropValue::Expr(crate::ast::Expr::Str(s)) => {
      |                 --------------------------------------------- matches some of the same values
...
10284 |                 AuraPropValue::Expr(crate::ast::Expr::If(if_stmt)) => {
      |                 -------------------------------------------------- matches some of the same values
...
10297 |                 AuraPropValue::Expr(crate::ast::Expr::Array(elems)) => {
      |                 --------------------------------------------------- matches some of the same values
...
10370 |                 _ => {}
      |                 ^ ...and 1 other patterns collectively make this unreachable

warning: unused variable: `attrs`
     --> crates\auto-lang\src\ui_gen\vue.rs:21708:14
      |
21708 |         let (attrs, _slot_content, slot_children) = gen.generate_shadcn_attrs("button", &props, &events);
      |              ^^^^^ help: if this is intentional, prefix it with an underscore: `_attrs`

warning: variable does not need to be mutable
     --> crates\auto-lang\src\ui_gen\vue.rs:21781:13
      |
21781 |         let mut gen = VueGenerator::new();
      |             ----^^^
      |             |
      |             help: remove this `mut`

warning: unused variable: `attrs`
     --> crates\auto-lang\src\ui_gen\vue.rs:22367:14
      |
22367 |         let (attrs, slot_content, _) = gen.generate_shadcn_attrs("tree_item", &props, &events);
      |              ^^^^^ help: if this is intentional, prefix it with an underscore: `_attrs`

warning: unused variable: `primary_component`
     --> crates\auto-lang\src\ui_gen\vue.rs:22382:13
      |
22382 |         let primary_component =
      |             ^^^^^^^^^^^^^^^^^ help: if this is intentional, prefix it with an underscore: `_primary_component`

warning: variable does not need to be mutable
     --> crates\auto-lang\src\ui_gen\vue.rs:30144:13
      |
30144 |         let mut gen = VueGenerator::new();
      |             ----^^^
      |             |
      |             help: remove this `mut`

warning: variable does not need to be mutable
     --> crates\auto-lang\src\ui_gen\vue.rs:30149:13
      |
30149 |         let mut gen_shadcn = VueGenerator::new_shadcn();
      |             ----^^^^^^^^^^
      |             |
      |             help: remove this `mut`

warning: unused variable: `store_check`
    --> crates\auto-lang\src\ui_gen\rust.rs:7920:21
     |
7920 |                 let store_check = format!("{}.{}", first, part);
     |                     ^^^^^^^^^^^ help: if this is intentional, prefix it with an underscore: `_store_check`

warning: unused variable: `known_tags`
     --> crates\auto-lang\src\ui_gen\rust.rs:13325:13
      |
13325 |         let known_tags: &[&str] = &[
      |             ^^^^^^^^^^ help: if this is intentional, prefix it with an underscore: `_known_tags`

warning: variable does not need to be mutable
    --> crates\auto-lang\src\ui_gen\jet\generator.rs:2937:13
     |
2937 |         let mut gen = JetGenerator::new();
     |             ----^^^
     |             |
     |             help: remove this `mut`

warning: unused variable: `gen`
    --> crates\auto-lang\src\ui_gen\jet\generator.rs:2937:13
     |
2937 |         let mut gen = JetGenerator::new();
     |             ^^^^^^^ help: if this is intentional, prefix it with an underscore: `_gen`

warning: variable does not need to be mutable
   --> crates\auto-lang\src\ui_gen\jet\layout.rs:833:13
    |
833 |         let mut props = HashMap::new();
    |             ----^^^^^
    |             |
    |             help: remove this `mut`

warning: variable does not need to be mutable
   --> crates\auto-lang\src\ui_gen\widget\registry.rs:417:13
    |
417 |         let mut scroll_scrollbar = WidgetSpec::new("ScrollAreaScrollbar", WidgetCategory::Layout)
    |             ----^^^^^^^^^^^^^^^^
    |             |
    |             help: remove this `mut`

warning: variable does not need to be mutable
   --> crates\auto-lang\src\ui_gen\widget\registry.rs:422:13
    |
422 |         let mut scroll_thumb = WidgetSpec::new("ScrollAreaThumb", WidgetCategory::Layout)
    |             ----^^^^^^^^^^^^
    |             |
    |             help: remove this `mut`

warning: variable does not need to be mutable
   --> crates\auto-lang\src\ui_gen\widget\registry.rs:615:13
    |
615 |         let mut select_value = WidgetSpec::new("SelectValue", WidgetCategory::Form)
    |             ----^^^^^^^^^^^^
    |             |
    |             help: remove this `mut`

warning: variable does not need to be mutable
    --> crates\auto-lang\src\ui_gen\widget\registry.rs:1225:13
     |
1225 |         let mut breadcrumb_sep = WidgetSpec::new("BreadcrumbSeparator", WidgetCategory::Navigation)
     |             ----^^^^^^^^^^^^^^
     |             |
     |             help: remove this `mut`

warning: variable does not need to be mutable
    --> crates\auto-lang\src\ui_gen\widget\registry.rs:1290:13
     |
1290 |         let mut pagination_link = WidgetSpec::new("PaginationLink", WidgetCategory::Navigation)
     |             ----^^^^^^^^^^^^^^^
     |             |
     |             help: remove this `mut`

warning: variable does not need to be mutable
    --> crates\auto-lang\src\ui_gen\widget\registry.rs:1295:13
     |
1295 |         let mut pagination_ellipsis = WidgetSpec::new("PaginationEllipsis", WidgetCategory::Navigation)
     |             ----^^^^^^^^^^^^^^^^^^^
     |             |
     |             help: remove this `mut`

warning: variable does not need to be mutable
    --> crates\auto-lang\src\ui_gen\widget\registry.rs:1300:13
     |
1300 |         let mut pagination_next = WidgetSpec::new("PaginationNext", WidgetCategory::Navigation)
     |             ----^^^^^^^^^^^^^^^
     |             |
     |             help: remove this `mut`

warning: variable does not need to be mutable
    --> crates\auto-lang\src\ui_gen\widget\registry.rs:1305:13
     |
1305 |         let mut pagination_prev = WidgetSpec::new("PaginationPrevious", WidgetCategory::Navigation)
     |             ----^^^^^^^^^^^^^^^
     |             |
     |             help: remove this `mut`

warning: variable does not need to be mutable
    --> crates\auto-lang\src\ui_gen\widget\registry.rs:2054:13
     |
2054 |         let mut toast_viewport = WidgetSpec::new("ToastViewport", WidgetCategory::Feedback)
     |             ----^^^^^^^^^^^^^^
     |             |
     |             help: remove this `mut`

warning: variable does not need to be mutable
    --> crates\auto-lang\src\ui_gen\widget\registry.rs:2065:13
     |
2065 |         let mut toast_close = WidgetSpec::new("ToastClose", WidgetCategory::Feedback)
     |             ----^^^^^^^^^^^
     |             |
     |             help: remove this `mut`

warning: variable does not need to be mutable
    --> crates\auto-lang\src\ui_gen\widget\registry.rs:2103:13
     |
2103 |         let mut sonner = WidgetSpec::new("Sonner", WidgetCategory::Feedback)
     |             ----^^^^^^
     |             |
     |             help: remove this `mut`

warning: variable does not need to be mutable
    --> crates\auto-lang\src\ui_gen\widget\registry.rs:2274:13
     |
2274 |         let mut calendar_day = WidgetSpec::new("CalendarDay", WidgetCategory::Data)
     |             ----^^^^^^^^^^^^
     |             |
     |             help: remove this `mut`

warning: unused variable: `key`
    --> crates\auto-lang\src\ui_gen\widget\registry.rs:2854:13
     |
2854 |         let key = a.widgets.keys().next().cloned().expect("non-empty defaults");
     |             ^^^ help: if this is intentional, prefix it with an underscore: `_key`

warning: value assigned to `sub_widgets_out` is never read
   --> crates\auto-lang\src\ui_gen\api.rs:849:44
    |
849 |     let mut sub_widgets_out: Vec<String> = Vec::new();
    |                                            ^^^^^^^^^^ this value is reassigned later and never used
...
912 |         sub_widgets_out = package_names;
    |         --------------- `sub_widgets_out` is overwritten here before the previous value is read
    |
    = note: `#[warn(unused_assignments)]` (part of `#[warn(unused)]`) on by default

warning: unused variable: `count`
   --> crates\auto-lang\src\ui_gen\validators.rs:674:9
    |
674 |     let count = template.matches("AutoDownEditor").count();
    |         ^^^^^ help: if this is intentional, prefix it with an underscore: `_count`

warning: unused variable: `w`
    --> crates\auto-lang\src\parser.rs:1383:21
     |
1383 |                 let w = "__w".to_string();
     |                     ^ help: if this is intentional, prefix it with an underscore: `_w`

warning: variable does not need to be mutable
    --> crates\auto-lang\src\parser.rs:2542:13
     |
2542 |         let mut rollback = |slf: &mut Self| {
     |             ----^^^^^^^^
     |             |
     |             help: remove this `mut`

warning: unused variable: `open`
     --> crates\auto-lang\src\parser.rs:10882:14
      |
10882 |         let (open, close, close_text) = if self.is_kind(TokenKind::Lt) {
      |              ^^^^ help: if this is intentional, prefix it with an underscore: `_open`

warning: unused variable: `events`
     --> crates\auto-lang\src\parser.rs:13242:45
      |
13242 |             ViewNode::Element { tag, props, events, children, .. } => {
      |                                             ^^^^^^ help: try ignoring the field: `events: _`

warning: unused variable: `same_line`
     --> crates\auto-lang\src\parser.rs:17718:13
      |
17718 |         let same_line = code.replace("};
      |             ^^^^^^^^^ help: if this is intentional, prefix it with an underscore: `_same_line`

warning: unused variable: `method`
    --> crates\auto-lang\src\trans\rust.rs:1041:31
     |
1041 |         if let Expr::Dot(obj, method) = call.name.as_ref() {
     |                               ^^^^^^ help: if this is intentional, prefix it with an underscore: `_method`

warning: unreachable pattern
    --> crates\auto-lang\src\trans\rust.rs:6542:34
     |
6442 |                         "Json" => match method.as_str() {
     |                         ------ matches all the relevant values
...
6542 |                         "json" | "Json" => match method.as_str() {
     |                                  ^^^^^^ no value can reach this

warning: unreachable pattern
    --> crates\auto-lang\src\trans\rust.rs:6686:29
     |
6608 | ...                   "as_int" => {
     |                       -------- matches all the relevant values
...
6686 | ...                   "as_int" => {
     |                       ^^^^^^^^ no value can reach this

warning: unused variable: `i`
    --> crates\auto-lang\src\trans\rust.rs:6947:38
     |
6947 | ...                   for (i, arg) in call.args.args.iter().enumerate().skip(1) {
     |                            ^ help: if this is intentional, prefix it with an underscore: `_i`

warning: unused variable: `name`
     --> crates\auto-lang\src\trans\rust.rs:12990:13
      |
12990 |         let name = td.name.as_str();
      |             ^^^^ help: if this is intentional, prefix it with an underscore: `_name`

warning: unused variable: `name`
     --> crates\auto-lang\src\trans\rust.rs:13542:9
      |
13542 |         name: &str,
      |         ^^^^ help: if this is intentional, prefix it with an underscore: `_name`

warning: irrefutable `if let` pattern
     --> crates\auto-lang\src\trans\rust.rs:21084:20
      |
21084 |                 if let crate::ast::Cover::Tag(tc) = cover {
      |                    ^^^^^^^^^^^^^^^^^^^^^^^^^^^^^^^^^^^^^^
      |
      = note: this pattern will always match, so the `if let` is useless
      = help: consider replacing the `if let` with a `let`
      = note: `#[warn(irrefutable_let_patterns)]` on by default

warning: unused variable: `derive_attr`
     --> crates\auto-lang\src\trans\rust.rs:23391:21
      |
23391 |                 let derive_attr = caps.get(1).unwrap().as_str();
      |                     ^^^^^^^^^^^ help: if this is intentional, prefix it with an underscore: `_derive_attr`

warning: unused variable: `has_kw`
  --> crates\auto-lang\src\trans\s2s_rules.rs:90:21
   |
90 |                 let has_kw = c
   |                     ^^^^^^ help: if this is intentional, prefix it with an underscore: `_has_kw`

warning: unused variable: `spec_decl`
    --> crates\auto-lang\src\vm\codegen.rs:2702:28
     |
2702 |             Stmt::SpecDecl(spec_decl) => {
     |                            ^^^^^^^^^ help: if this is intentional, prefix it with an underscore: `_spec_decl`

warning: unused variable: `enum_method`
    --> crates\auto-lang\src\vm\codegen.rs:8192:61
     |
8192 | ...                   let enum_method = format!("{}.{}", enum_name, method.as_ref());
     |                           ^^^^^^^^^^^ help: if this is intentional, prefix it with an underscore: `_enum_method`

warning: unreachable pattern
   --> crates\auto-lang\src\vm\abt\asm.rs:175:11
    |
151 |         | OpCode::LOAD_GLOBAL | OpCode::STORE_GLOBAL
    |           ------------------- matches all the relevant values
...
175 |         | OpCode::LOAD_GLOBAL | OpCode::STORE_GLOBAL
    |           ^^^^^^^^^^^^^^^^^^^ no value can reach this

warning: unreachable pattern
   --> crates\auto-lang\src\vm\abt\asm.rs:175:33
    |
151 |         | OpCode::LOAD_GLOBAL | OpCode::STORE_GLOBAL
    |                                 -------------------- matches all the relevant values
...
175 |         | OpCode::LOAD_GLOBAL | OpCode::STORE_GLOBAL
    |                                 ^^^^^^^^^^^^^^^^^^^^ no value can reach this

warning: unreachable pattern
   --> crates\auto-lang\src\vm\abt\disasm.rs:263:11
    |
239 |         | OpCode::LOAD_GLOBAL | OpCode::STORE_GLOBAL
    |           ------------------- matches all the relevant values
...
263 |         | OpCode::LOAD_GLOBAL | OpCode::STORE_GLOBAL
    |           ^^^^^^^^^^^^^^^^^^^ no value can reach this

warning: unreachable pattern
   --> crates\auto-lang\src\vm\abt\disasm.rs:263:33
    |
239 |         | OpCode::LOAD_GLOBAL | OpCode::STORE_GLOBAL
    |                                 -------------------- matches all the relevant values
...
263 |         | OpCode::LOAD_GLOBAL | OpCode::STORE_GLOBAL
    |                                 ^^^^^^^^^^^^^^^^^^^^ no value can reach this

warning: unused variable: `task_id`
   --> crates\auto-lang\src\vm\abt\tests.rs:197:9
    |
197 |     let task_id = vm.spawn_task(main_entry, 16384);
    |         ^^^^^^^ help: if this is intentional, prefix it with an underscore: `_task_id`

warning: variable does not need to be mutable
  --> crates\auto-lang\src\vm\abt\mod.rs:87:13
   |
87 | ...   let mut emit_line = |s: &str, src_line: Option<u32>, out: &mut String, map: &mut Vec<crate::trans::SourceMapEntry>, line_no: &...
   |           ----^^^^^^^^^
   |           |
   |           help: remove this `mut`

warning: variable does not need to be mutable
  --> crates\auto-lang\src\vm\tests_parser_stack.rs:30:13
   |
30 |         let mut session = crate::compile::CompileSession::new();
   |             ----^^^^^^^
   |             |
   |             help: remove this `mut`

warning: variable does not need to be mutable
  --> crates\auto-lang\src\vm\tests_parser_stack.rs:70:13
   |
70 |         let mut session = crate::compile::CompileSession::new();
   |             ----^^^^^^^
   |             |
   |             help: remove this `mut`

warning: variable does not need to be mutable
  --> crates\auto-lang\src\vm\tests_parser_stack.rs:93:13
   |
93 |         let mut session = crate::compile::CompileSession::new();
   |             ----^^^^^^^
   |             |
   |             help: remove this `mut`

warning: variable does not need to be mutable
   --> crates\auto-lang\src\vm\tests_parser_stack.rs:112:13
    |
112 |         let mut session = crate::compile::CompileSession::new();
    |             ----^^^^^^^
    |             |
    |             help: remove this `mut`

warning: variable does not need to be mutable
   --> crates\auto-lang\src\vm\tests_parser_stack.rs:130:13
    |
130 |         let mut session = crate::compile::CompileSession::new();
    |             ----^^^^^^^
    |             |
    |             help: remove this `mut`

warning: unused variable: `saved_saved_closure_id`
    --> crates\auto-lang\src\vm\engine.rs:2333:13
     |
2333 |         let saved_saved_closure_id = task.saved_closure_id;
     |             ^^^^^^^^^^^^^^^^^^^^^^ help: if this is intentional, prefix it with an underscore: `_saved_saved_closure_id`

warning: unused variable: `handle`
    --> crates\auto-lang\src\vm\engine.rs:7686:33
     |
7686 |                     if let Some(handle) = http_response_handle {
     |                                 ^^^^^^ help: if this is intentional, prefix it with an underscore: `_handle`

warning: unused variable: `other`
    --> crates\auto-lang\src\vm\engine.rs:8713:42
     |
8713 | ...                   Some(other) => {
     |                            ^^^^^ help: if this is intentional, prefix it with an underscore: `_other`

warning: value assigned to `old_field_ref` is never read
    --> crates\auto-lang\src\vm\engine.rs:5738:58
     |
5738 |                       let mut old_field_ref: Option<u64> = None;
     |                                                            ^^^^ this value is reassigned later and never used
...
5752 | /                                 old_field_ref = instance.fields.get(field_index).and_then(|v| match v {
5753 | |                                     Value::VmRef(r) => Some(r.id as u64),
5754 | |                                     _ => None,
5755 | |                                 });
     | |__________________________________- `old_field_ref` is overwritten here before the previous value is read

warning: variable does not need to be mutable
   --> crates\auto-lang\src\vm\rc.rs:355:22
    |
355 |             let Some(mut e) = self.heap_rc.get_mut(&id) else {
    |                      ----^
    |                      |
    |                      help: remove this `mut`

warning: unused variable: `k`
   --> crates\auto-lang\src\vm\rc.rs:694:25
    |
694 |             if let Some(k) = &key {
    |                         ^ help: if this is intentional, prefix it with an underscore: `_k`

warning: unused variable: `key`
  --> crates\auto-lang\src\vm\autodown_natives.rs:59:9
   |
59 |     let key = pop_string_arg(task, vm);
   |         ^^^ help: if this is intentional, prefix it with an underscore: `_key`

warning: unused variable: `vm`
   --> crates\auto-lang\src\vm\native.rs:320:38
    |
320 | fn shim_int_and(task: &mut AutoTask, vm: &AutoVM) -> Result<(), VMError> {
    |                                      ^^ help: if this is intentional, prefix it with an underscore: `_vm`

warning: unused variable: `vm`
   --> crates\auto-lang\src\vm\native.rs:328:37
    |
328 | fn shim_int_or(task: &mut AutoTask, vm: &AutoVM) -> Result<(), VMError> {
    |                                     ^^ help: if this is intentional, prefix it with an underscore: `_vm`

warning: unused variable: `vm`
   --> crates\auto-lang\src\vm\native.rs:336:38
    |
336 | fn shim_int_xor(task: &mut AutoTask, vm: &AutoVM) -> Result<(), VMError> {
    |                                      ^^ help: if this is intentional, prefix it with an underscore: `_vm`

warning: unused variable: `vm`
   --> crates\auto-lang\src\vm\native.rs:345:38
    |
345 | fn shim_int_not(task: &mut AutoTask, vm: &AutoVM) -> Result<(), VMError> {
    |                                      ^^ help: if this is intentional, prefix it with an underscore: `_vm`

warning: unused variable: `vm`
   --> crates\auto-lang\src\vm\native.rs:353:38
    |
353 | fn shim_int_shl(task: &mut AutoTask, vm: &AutoVM) -> Result<(), VMError> {
    |                                      ^^ help: if this is intentional, prefix it with an underscore: `_vm`

warning: unused variable: `vm`
   --> crates\auto-lang\src\vm\native.rs:364:38
    |
364 | fn shim_int_shr(task: &mut AutoTask, vm: &AutoVM) -> Result<(), VMError> {
    |                                      ^^ help: if this is intentional, prefix it with an underscore: `_vm`

warning: unused variable: `vm`
   --> crates\auto-lang\src\vm\native.rs:375:38
    |
375 | fn shim_int_sar(task: &mut AutoTask, vm: &AutoVM) -> Result<(), VMError> {
    |                                      ^^ help: if this is intentional, prefix it with an underscore: `_vm`

warning: unused variable: `vm`
   --> crates\auto-lang\src\vm\native.rs:389:38
    |
389 | fn shim_int_rol(task: &mut AutoTask, vm: &AutoVM) -> Result<(), VMError> {
    |                                      ^^ help: if this is intentional, prefix it with an underscore: `_vm`

warning: unused variable: `vm`
   --> crates\auto-lang\src\vm\native.rs:397:38
    |
397 | fn shim_int_ror(task: &mut AutoTask, vm: &AutoVM) -> Result<(), VMError> {
    |                                      ^^ help: if this is intentional, prefix it with an underscore: `_vm`

warning: unused variable: `vm`
   --> crates\auto-lang\src\vm\native.rs:405:45
    |
405 | fn shim_int_count_ones(task: &mut AutoTask, vm: &AutoVM) -> Result<(), VMError> {
    |                                             ^^ help: if this is intentional, prefix it with an underscore: `_vm`

warning: unused variable: `vm`
   --> crates\auto-lang\src\vm\native.rs:412:48
    |
412 | fn shim_int_leading_zeros(task: &mut AutoTask, vm: &AutoVM) -> Result<(), VMError> {
    |                                                ^^ help: if this is intentional, prefix it with an underscore: `_vm`

warning: unused variable: `vm`
   --> crates\auto-lang\src\vm\native.rs:419:49
    |
419 | fn shim_int_trailing_zeros(task: &mut AutoTask, vm: &AutoVM) -> Result<(), VMError> {
    |                                                 ^^ help: if this is intentional, prefix it with an underscore: `_vm`

warning: unused variable: `vm`
   --> crates\auto-lang\src\vm\native.rs:426:41
    |
426 | fn shim_int_bitrev(task: &mut AutoTask, vm: &AutoVM) -> Result<(), VMError> {
    |                                         ^^ help: if this is intentional, prefix it with an underscore: `_vm`

warning: unused variable: `vm`
   --> crates\auto-lang\src\vm\native.rs:435:43
    |
435 | fn shim_int_bit_read(task: &mut AutoTask, vm: &AutoVM) -> Result<(), VMError> {
    |                                           ^^ help: if this is intentional, prefix it with an underscore: `_vm`

warning: unused variable: `vm`
   --> crates\auto-lang\src\vm\native.rs:447:43
    |
447 | fn shim_int_bit_test(task: &mut AutoTask, vm: &AutoVM) -> Result<(), VMError> {
    |                                           ^^ help: if this is intentional, prefix it with an underscore: `_vm`

warning: unused variable: `vm`
   --> crates\auto-lang\src\vm\native.rs:458:41
    |
458 | fn shim_int_bit_on(task: &mut AutoTask, vm: &AutoVM) -> Result<(), VMError> {
    |                                         ^^ help: if this is intentional, prefix it with an underscore: `_vm`

warning: unused variable: `vm`
   --> crates\auto-lang\src\vm\native.rs:468:42
    |
468 | fn shim_int_bit_off(task: &mut AutoTask, vm: &AutoVM) -> Result<(), VMError> {
    |                                          ^^ help: if this is intentional, prefix it with an underscore: `_vm`

warning: unused variable: `vm`
   --> crates\auto-lang\src\vm\native.rs:478:43
    |
478 | fn shim_int_bit_flip(task: &mut AutoTask, vm: &AutoVM) -> Result<(), VMError> {
    |                                           ^^ help: if this is intentional, prefix it with an underscore: `_vm`

warning: unused variable: `vm`
   --> crates\auto-lang\src\vm\native.rs:509:43
    |
509 |         pub fn $name(task: &mut AutoTask, vm: &AutoVM) -> Result<(), VMError> {
    |                                           ^^
...
528 | math_unary_shim!(shim_math_sin, sin);
    | ------------------------------------ in this macro invocation
    |
help: `vm` is captured in macro and introduced a unused variable
   --> crates\auto-lang\src\vm\native.rs:509:43
    |
509 |         pub fn $name(task: &mut AutoTask, vm: &AutoVM) -> Result<(), VMError> {
    |                                           ^^
...
528 | math_unary_shim!(shim_math_sin, sin);
    | ------------------------------------ in this macro invocation
    = note: this warning originates in the macro `math_unary_shim` (in Nightly builds, run with -Z macro-backtrace for more info)

warning: unused variable: `vm`
   --> crates\auto-lang\src\vm\native.rs:509:43
    |
509 |         pub fn $name(task: &mut AutoTask, vm: &AutoVM) -> Result<(), VMError> {
    |                                           ^^
...
529 | math_unary_shim!(shim_math_cos, cos);
    | ------------------------------------ in this macro invocation
    |
help: `vm` is captured in macro and introduced a unused variable
   --> crates\auto-lang\src\vm\native.rs:509:43
    |
509 |         pub fn $name(task: &mut AutoTask, vm: &AutoVM) -> Result<(), VMError> {
    |                                           ^^
...
529 | math_unary_shim!(shim_math_cos, cos);
    | ------------------------------------ in this macro invocation
    = note: this warning originates in the macro `math_unary_shim` (in Nightly builds, run with -Z macro-backtrace for more info)

warning: unused variable: `vm`
   --> crates\auto-lang\src\vm\native.rs:509:43
    |
509 |         pub fn $name(task: &mut AutoTask, vm: &AutoVM) -> Result<(), VMError> {
    |                                           ^^
...
530 | math_unary_shim!(shim_math_tan, tan);
    | ------------------------------------ in this macro invocation
    |
help: `vm` is captured in macro and introduced a unused variable
   --> crates\auto-lang\src\vm\native.rs:509:43
    |
509 |         pub fn $name(task: &mut AutoTask, vm: &AutoVM) -> Result<(), VMError> {
    |                                           ^^
...
530 | math_unary_shim!(shim_math_tan, tan);
    | ------------------------------------ in this macro invocation
    = note: this warning originates in the macro `math_unary_shim` (in Nightly builds, run with -Z macro-backtrace for more info)

warning: unused variable: `vm`
   --> crates\auto-lang\src\vm\native.rs:509:43
    |
509 |         pub fn $name(task: &mut AutoTask, vm: &AutoVM) -> Result<(), VMError> {
    |                                           ^^
...
533 | math_unary_shim!(shim_math_abs_f, abs);
    | -------------------------------------- in this macro invocation
    |
help: `vm` is captured in macro and introduced a unused variable
   --> crates\auto-lang\src\vm\native.rs:509:43
    |
509 |         pub fn $name(task: &mut AutoTask, vm: &AutoVM) -> Result<(), VMError> {
    |                                           ^^
...
533 | math_unary_shim!(shim_math_abs_f, abs);
    | -------------------------------------- in this macro invocation
    = note: this warning originates in the macro `math_unary_shim` (in Nightly builds, run with -Z macro-backtrace for more info)

warning: unused variable: `vm`
   --> crates\auto-lang\src\vm\native.rs:509:43
    |
509 |         pub fn $name(task: &mut AutoTask, vm: &AutoVM) -> Result<(), VMError> {
    |                                           ^^
...
534 | math_unary_shim!(shim_math_floor, floor);
    | ---------------------------------------- in this macro invocation
    |
help: `vm` is captured in macro and introduced a unused variable
   --> crates\auto-lang\src\vm\native.rs:509:43
    |
509 |         pub fn $name(task: &mut AutoTask, vm: &AutoVM) -> Result<(), VMError> {
    |                                           ^^
...
534 | math_unary_shim!(shim_math_floor, floor);
    | ---------------------------------------- in this macro invocation
    = note: this warning originates in the macro `math_unary_shim` (in Nightly builds, run with -Z macro-backtrace for more info)

warning: unused variable: `vm`
   --> crates\auto-lang\src\vm\native.rs:509:43
    |
509 |         pub fn $name(task: &mut AutoTask, vm: &AutoVM) -> Result<(), VMError> {
    |                                           ^^
...
535 | math_unary_shim!(shim_math_ceil, ceil);
    | -------------------------------------- in this macro invocation
    |
help: `vm` is captured in macro and introduced a unused variable
   --> crates\auto-lang\src\vm\native.rs:509:43
    |
509 |         pub fn $name(task: &mut AutoTask, vm: &AutoVM) -> Result<(), VMError> {
    |                                           ^^
...
535 | math_unary_shim!(shim_math_ceil, ceil);
    | -------------------------------------- in this macro invocation
    = note: this warning originates in the macro `math_unary_shim` (in Nightly builds, run with -Z macro-backtrace for more info)

warning: unused variable: `vm`
   --> crates\auto-lang\src\vm\native.rs:509:43
    |
509 |         pub fn $name(task: &mut AutoTask, vm: &AutoVM) -> Result<(), VMError> {
    |                                           ^^
...
536 | math_unary_shim!(shim_math_round, round);
    | ---------------------------------------- in this macro invocation
    |
help: `vm` is captured in macro and introduced a unused variable
   --> crates\auto-lang\src\vm\native.rs:509:43
    |
509 |         pub fn $name(task: &mut AutoTask, vm: &AutoVM) -> Result<(), VMError> {
    |                                           ^^
...
536 | math_unary_shim!(shim_math_round, round);
    | ---------------------------------------- in this macro invocation
    = note: this warning originates in the macro `math_unary_shim` (in Nightly builds, run with -Z macro-backtrace for more info)

warning: unused variable: `vm`
   --> crates\auto-lang\src\vm\native.rs:509:43
    |
509 |         pub fn $name(task: &mut AutoTask, vm: &AutoVM) -> Result<(), VMError> {
    |                                           ^^
...
537 | math_unary_shim!(shim_math_exp, exp);
    | ------------------------------------ in this macro invocation
    |
help: `vm` is captured in macro and introduced a unused variable
   --> crates\auto-lang\src\vm\native.rs:509:43
    |
509 |         pub fn $name(task: &mut AutoTask, vm: &AutoVM) -> Result<(), VMError> {
    |                                           ^^
...
537 | math_unary_shim!(shim_math_exp, exp);
    | ------------------------------------ in this macro invocation
    = note: this warning originates in the macro `math_unary_shim` (in Nightly builds, run with -Z macro-backtrace for more info)

warning: unused variable: `vm`
   --> crates\auto-lang\src\vm\native.rs:509:43
    |
509 |         pub fn $name(task: &mut AutoTask, vm: &AutoVM) -> Result<(), VMError> {
    |                                           ^^
...
538 | math_unary_shim!(shim_math_ln, ln);
    | ---------------------------------- in this macro invocation
    |
help: `vm` is captured in macro and introduced a unused variable
   --> crates\auto-lang\src\vm\native.rs:509:43
    |
509 |         pub fn $name(task: &mut AutoTask, vm: &AutoVM) -> Result<(), VMError> {
    |                                           ^^
...
538 | math_unary_shim!(shim_math_ln, ln);
    | ---------------------------------- in this macro invocation
    = note: this warning originates in the macro `math_unary_shim` (in Nightly builds, run with -Z macro-backtrace for more info)

warning: unused variable: `vm`
   --> crates\auto-lang\src\vm\native.rs:509:43
    |
509 |         pub fn $name(task: &mut AutoTask, vm: &AutoVM) -> Result<(), VMError> {
    |                                           ^^
...
539 | math_unary_shim!(shim_math_log2, log2);
    | -------------------------------------- in this macro invocation
    |
help: `vm` is captured in macro and introduced a unused variable
   --> crates\auto-lang\src\vm\native.rs:509:43
    |
509 |         pub fn $name(task: &mut AutoTask, vm: &AutoVM) -> Result<(), VMError> {
    |                                           ^^
...
539 | math_unary_shim!(shim_math_log2, log2);
    | -------------------------------------- in this macro invocation
    = note: this warning originates in the macro `math_unary_shim` (in Nightly builds, run with -Z macro-backtrace for more info)

warning: unused variable: `vm`
   --> crates\auto-lang\src\vm\native.rs:509:43
    |
509 |         pub fn $name(task: &mut AutoTask, vm: &AutoVM) -> Result<(), VMError> {
    |                                           ^^
...
540 | math_unary_shim!(shim_math_log10, log10);
    | ---------------------------------------- in this macro invocation
    |
help: `vm` is captured in macro and introduced a unused variable
   --> crates\auto-lang\src\vm\native.rs:509:43
    |
509 |         pub fn $name(task: &mut AutoTask, vm: &AutoVM) -> Result<(), VMError> {
    |                                           ^^
...
540 | math_unary_shim!(shim_math_log10, log10);
    | ---------------------------------------- in this macro invocation
    = note: this warning originates in the macro `math_unary_shim` (in Nightly builds, run with -Z macro-backtrace for more info)

warning: unused variable: `vm`
   --> crates\auto-lang\src\vm\native.rs:509:43
    |
509 |         pub fn $name(task: &mut AutoTask, vm: &AutoVM) -> Result<(), VMError> {
    |                                           ^^
...
541 | math_unary_shim!(shim_math_signum, signum);
    | ------------------------------------------ in this macro invocation
    |
help: `vm` is captured in macro and introduced a unused variable
   --> crates\auto-lang\src\vm\native.rs:509:43
    |
509 |         pub fn $name(task: &mut AutoTask, vm: &AutoVM) -> Result<(), VMError> {
    |                                           ^^
...
541 | math_unary_shim!(shim_math_signum, signum);
    | ------------------------------------------ in this macro invocation
    = note: this warning originates in the macro `math_unary_shim` (in Nightly builds, run with -Z macro-backtrace for more info)

warning: unused variable: `vm`
   --> crates\auto-lang\src\vm\native.rs:509:43
    |
509 |         pub fn $name(task: &mut AutoTask, vm: &AutoVM) -> Result<(), VMError> {
    |                                           ^^
...
542 | math_unary_shim!(shim_math_asin, asin);
    | -------------------------------------- in this macro invocation
    |
help: `vm` is captured in macro and introduced a unused variable
   --> crates\auto-lang\src\vm\native.rs:509:43
    |
509 |         pub fn $name(task: &mut AutoTask, vm: &AutoVM) -> Result<(), VMError> {
    |                                           ^^
...
542 | math_unary_shim!(shim_math_asin, asin);
    | -------------------------------------- in this macro invocation
    = note: this warning originates in the macro `math_unary_shim` (in Nightly builds, run with -Z macro-backtrace for more info)

warning: unused variable: `vm`
   --> crates\auto-lang\src\vm\native.rs:509:43
    |
509 |         pub fn $name(task: &mut AutoTask, vm: &AutoVM) -> Result<(), VMError> {
    |                                           ^^
...
543 | math_unary_shim!(shim_math_acos, acos);
    | -------------------------------------- in this macro invocation
    |
help: `vm` is captured in macro and introduced a unused variable
   --> crates\auto-lang\src\vm\native.rs:509:43
    |
509 |         pub fn $name(task: &mut AutoTask, vm: &AutoVM) -> Result<(), VMError> {
    |                                           ^^
...
543 | math_unary_shim!(shim_math_acos, acos);
    | -------------------------------------- in this macro invocation
    = note: this warning originates in the macro `math_unary_shim` (in Nightly builds, run with -Z macro-backtrace for more info)

warning: unused variable: `vm`
   --> crates\auto-lang\src\vm\native.rs:509:43
    |
509 |         pub fn $name(task: &mut AutoTask, vm: &AutoVM) -> Result<(), VMError> {
    |                                           ^^
...
544 | math_unary_shim!(shim_math_atan, atan);
    | -------------------------------------- in this macro invocation
    |
help: `vm` is captured in macro and introduced a unused variable
   --> crates\auto-lang\src\vm\native.rs:509:43
    |
509 |         pub fn $name(task: &mut AutoTask, vm: &AutoVM) -> Result<(), VMError> {
    |                                           ^^
...
544 | math_unary_shim!(shim_math_atan, atan);
    | -------------------------------------- in this macro invocation
    = note: this warning originates in the macro `math_unary_shim` (in Nightly builds, run with -Z macro-backtrace for more info)

warning: unused variable: `vm`
   --> crates\auto-lang\src\vm\native.rs:509:43
    |
509 |         pub fn $name(task: &mut AutoTask, vm: &AutoVM) -> Result<(), VMError> {
    |                                           ^^
...
545 | math_unary_shim!(shim_math_to_radians, to_radians);
    | -------------------------------------------------- in this macro invocation
    |
help: `vm` is captured in macro and introduced a unused variable
   --> crates\auto-lang\src\vm\native.rs:509:43
    |
509 |         pub fn $name(task: &mut AutoTask, vm: &AutoVM) -> Result<(), VMError> {
    |                                           ^^
...
545 | math_unary_shim!(shim_math_to_radians, to_radians);
    | -------------------------------------------------- in this macro invocation
    = note: this warning originates in the macro `math_unary_shim` (in Nightly builds, run with -Z macro-backtrace for more info)

warning: unused variable: `vm`
   --> crates\auto-lang\src\vm\native.rs:509:43
    |
509 |         pub fn $name(task: &mut AutoTask, vm: &AutoVM) -> Result<(), VMError> {
    |                                           ^^
...
546 | math_unary_shim!(shim_math_to_degrees, to_degrees);
    | -------------------------------------------------- in this macro invocation
    |
help: `vm` is captured in macro and introduced a unused variable
   --> crates\auto-lang\src\vm\native.rs:509:43
    |
509 |         pub fn $name(task: &mut AutoTask, vm: &AutoVM) -> Result<(), VMError> {
    |                                           ^^
...
546 | math_unary_shim!(shim_math_to_degrees, to_degrees);
    | -------------------------------------------------- in this macro invocation
    = note: this warning originates in the macro `math_unary_shim` (in Nightly builds, run with -Z macro-backtrace for more info)

warning: unused variable: `vm`
   --> crates\auto-lang\src\vm\native.rs:519:43
    |
519 |         pub fn $name(task: &mut AutoTask, vm: &AutoVM) -> Result<(), VMError> {
    |                                           ^^
...
547 | math_binary_shim!(shim_math_pow, powf);
    | -------------------------------------- in this macro invocation
    |
help: `vm` is captured in macro and introduced a unused variable
   --> crates\auto-lang\src\vm\native.rs:519:43
    |
519 |         pub fn $name(task: &mut AutoTask, vm: &AutoVM) -> Result<(), VMError> {
    |                                           ^^
...
547 | math_binary_shim!(shim_math_pow, powf);
    | -------------------------------------- in this macro invocation
    = note: this warning originates in the macro `math_binary_shim` (in Nightly builds, run with -Z macro-backtrace for more info)

warning: unused variable: `vm`
   --> crates\auto-lang\src\vm\native.rs:519:43
    |
519 |         pub fn $name(task: &mut AutoTask, vm: &AutoVM) -> Result<(), VMError> {
    |                                           ^^
...
548 | math_binary_shim!(shim_math_powf, powf);
    | --------------------------------------- in this macro invocation
    |
help: `vm` is captured in macro and introduced a unused variable
   --> crates\auto-lang\src\vm\native.rs:519:43
    |
519 |         pub fn $name(task: &mut AutoTask, vm: &AutoVM) -> Result<(), VMError> {
    |                                           ^^
...
548 | math_binary_shim!(shim_math_powf, powf);
    | --------------------------------------- in this macro invocation
    = note: this warning originates in the macro `math_binary_shim` (in Nightly builds, run with -Z macro-backtrace for more info)

warning: unused variable: `vm`
   --> crates\auto-lang\src\vm\native.rs:559:45
    |
559 | pub fn shim_math_atan2(task: &mut AutoTask, vm: &AutoVM) -> Result<(), VMError> {
    |                                             ^^ help: if this is intentional, prefix it with an underscore: `_vm`

warning: unused variable: `vm`
    --> crates\auto-lang\src\vm\native.rs:2146:48
     |
2146 | pub fn shim_console_clear(task: &mut AutoTask, vm: &AutoVM) -> Result<(), VMError> {
     |                                                ^^ help: if this is intentional, prefix it with an underscore: `_vm`

warning: unused variable: `vm`
    --> crates\auto-lang\src\vm\native.rs:7660:46
     |
7660 | pub fn shim_rand_random(task: &mut AutoTask, vm: &AutoVM) -> Result<(), VMError> {
     |                                              ^^ help: if this is intentional, prefix it with an underscore: `_vm`

warning: unused variable: `vm`
    --> crates\auto-lang\src\vm\native.rs:7678:44
     |
7678 | pub fn shim_log_noop(_task: &mut AutoTask, vm: &AutoVM) -> Result<(), VMError> {
     |                                            ^^ help: if this is intentional, prefix it with an underscore: `_vm`

warning: unused variable: `vm`
    --> crates\auto-lang\src\vm\native.rs:9466:45
     |
9466 | pub fn shim_result_ok(_task: &mut AutoTask, vm: &AutoVM) -> Result<(), VMError> {
     |                                             ^^ help: if this is intentional, prefix it with an underscore: `_vm`

warning: unused variable: `vm`
    --> crates\auto-lang\src\vm\native.rs:9520:45
     |
9520 | pub fn shim_rand_float(task: &mut AutoTask, vm: &AutoVM) -> Result<(), VMError> {
     |                                             ^^ help: if this is intentional, prefix it with an underscore: `_vm`

warning: unused variable: `vm`
    --> crates\auto-lang\src\vm\native.rs:9533:44
     |
9533 | pub fn shim_rand_bool(task: &mut AutoTask, vm: &AutoVM) -> Result<(), VMError> {
     |                                            ^^ help: if this is intentional, prefix it with an underscore: `_vm`

warning: variable does not need to be mutable
   --> crates\auto-lang\src\vm\task_system.rs:950:13
    |
950 |         let mut instance = TaskInstance::new("TestTask".to_string(), 2);
    |             ----^^^^^^^^
    |             |
    |             help: remove this `mut`

warning: unused variable: `vm`
    --> crates\auto-lang\src\vm\ffi\stdlib.rs:3752:58
     |
3752 | pub fn shim_net_tcp_listener_accept(task: &mut AutoTask, vm: &AutoVM) -> Result<(), VMError> {
     |                                                          ^^ help: if this is intentional, prefix it with an underscore: `_vm`

warning: unused variable: `vm`
    --> crates\auto-lang\src\vm\ffi\stdlib.rs:3791:57
     |
3791 | pub fn shim_net_tcp_listener_close(task: &mut AutoTask, vm: &AutoVM) -> Result<(), VMError> {
     |                                                         ^^ help: if this is intentional, prefix it with an underscore: `_vm`

warning: unused variable: `vm`
    --> crates\auto-lang\src\vm\ffi\stdlib.rs:3933:55
     |
3933 | pub fn shim_net_tcp_stream_close(task: &mut AutoTask, vm: &AutoVM) -> Result<(), VMError> {
     |                                                       ^^ help: if this is intentional, prefix it with an underscore: `_vm`

warning: unused variable: `vm`
    --> crates\auto-lang\src\vm\ffi\stdlib.rs:3954:66
     |
3954 | pub fn shim_net_tcp_stream_set_read_timeout(task: &mut AutoTask, vm: &AutoVM) -> Result<(), VMError> {
     |                                                                  ^^ help: if this is intentional, prefix it with an underscore: `_vm`

warning: unused variable: `vm`
    --> crates\auto-lang\src\vm\ffi\stdlib.rs:3973:67
     |
3973 | pub fn shim_net_tcp_stream_set_write_timeout(task: &mut AutoTask, vm: &AutoVM) -> Result<(), VMError> {
     |                                                                   ^^ help: if this is intentional, prefix it with an underscore: `_vm`

warning: unused variable: `vm`
    --> crates\auto-lang\src\vm\ffi\stdlib.rs:3995:55
     |
3995 | pub fn shim_net_tcp_stream_flush(task: &mut AutoTask, vm: &AutoVM) -> Result<(), VMError> {
     |                                                       ^^ help: if this is intentional, prefix it with an underscore: `_vm`

warning: unused variable: `vm`
    --> crates\auto-lang\src\vm\ffi\stdlib.rs:4011:61
     |
4011 | pub fn shim_net_tcp_stream_set_nodelay(task: &mut AutoTask, vm: &AutoVM) -> Result<(), VMError> {
     |                                                             ^^ help: if this is intentional, prefix it with an underscore: `_vm`

warning: unused variable: `vm`
    --> crates\auto-lang\src\vm\ffi\stdlib.rs:4143:46
     |
4143 | pub fn shim_http_server(task: &mut AutoTask, vm: &AutoVM) -> Result<(), VMError> {
     |                                              ^^ help: if this is intentional, prefix it with an underscore: `_vm`

warning: unused variable: `vm`
    --> crates\auto-lang\src\vm\ffi\stdlib.rs:4762:48
     |
4762 | pub fn shim_http_response(task: &mut AutoTask, vm: &AutoVM) -> Result<(), VMError> {
     |                                                ^^ help: if this is intentional, prefix it with an underscore: `_vm`

warning: unused variable: `vm`
    --> crates\auto-lang\src\vm\ffi\stdlib.rs:4775:55
     |
4775 | pub fn shim_http_response_status(task: &mut AutoTask, vm: &AutoVM) -> Result<(), VMError> {
     |                                                       ^^ help: if this is intentional, prefix it with an underscore: `_vm`

warning: unused variable: `vm`
    --> crates\auto-lang\src\vm\ffi\stdlib.rs:4899:50
     |
4899 | pub fn shim_http_rate_limit(task: &mut AutoTask, vm: &AutoVM) -> Result<(), VMError> {
     |                                                  ^^ help: if this is intentional, prefix it with an underscore: `_vm`

warning: unused variable: `vm`
    --> crates\auto-lang\src\vm\ffi\stdlib.rs:6115:55
     |
6115 | pub fn shim_response_status_code(task: &mut AutoTask, vm: &AutoVM) -> Result<(), VMError> {
     |                                                       ^^ help: if this is intentional, prefix it with an underscore: `_vm`

warning: unused variable: `vm`
    --> crates\auto-lang\src\vm\ffi\stdlib.rs:7827:51
     |
7827 | pub fn shim_http_last_status(task: &mut AutoTask, vm: &AutoVM) -> Result<(), VMError> {
     |                                                   ^^ help: if this is intentional, prefix it with an underscore: `_vm`

warning: unused variable: `vm`
    --> crates\auto-lang\src\vm\ffi\stdlib.rs:7859:47
     |
7859 | pub fn shim_http_listen(_task: &mut AutoTask, vm: &AutoVM) -> Result<(), VMError> {
     |                                               ^^ help: if this is intentional, prefix it with an underscore: `_vm`

warning: unused variable: `iter_id`
     --> crates\auto-lang\src\vm\ffi\stdlib.rs:11715:23
      |
11715 |         let (task_id, iter_id, stream_id) = {
      |                       ^^^^^^^ help: if this is intentional, prefix it with an underscore: `_iter_id`

warning: variable does not need to be mutable
    --> crates\auto-lang\src\vm\ffi\http_server.rs:3895:5
     |
3895 |     mut ctx: DispatchCtx,
     |     ----^^^
     |     |
     |     help: remove this `mut`

warning: unused variable: `stream_id`
   --> crates\auto-lang\src\vm\ffi\http_stream.rs:394:5
    |
394 |     stream_id: u64,
    |     ^^^^^^^^^ help: if this is intentional, prefix it with an underscore: `_stream_id`

warning: unused variable: `mod_ast`
    --> crates\auto-lang\src\lib.rs:3252:20
     |
3252 |             let Ok(mod_ast) = parser.parse() else { continue };
     |                    ^^^^^^^ help: if this is intentional, prefix it with an underscore: `_mod_ast`

warning: taking a mutable reference to a `const` item
    --> crates\auto-lang\src\lib.rs:6042:54
     |
6042 |         scan_at_files(&src_root, &mut type_store, 0, &mut SCAN_MAX_FILES);
     |                                                      ^^^^^^^^^^^^^^^^^^^
     |
     = note: each usage of a `const` item creates a new temporary
     = note: the mutable reference will refer to this temporary, not the original `const` item
note: `const` item defined here
    --> crates\auto-lang\src\lib.rs:5992:9
     |
5992 |         const SCAN_MAX_FILES: usize = 400;
     |         ^^^^^^^^^^^^^^^^^^^^^^^^^^^
     = note: `#[warn(const_item_mutation)]` on by default

warning: variable does not need to be mutable
  --> crates\auto-lang\src\tests\plan710_supply_probes.rs:95:13
   |
95 |         let mut widget = crate::aura::extract::extract_widget_from_decl(decl).expect("extract");
   |             ----^^^^^^
   |             |
   |             help: remove this `mut`

warning: variable does not need to be mutable
   --> crates\auto-lang\src\tests\plan710_supply_probes.rs:373:13
    |
373 |         let mut widget = crate::aura::extract::extract_widget_from_decl(decl).expect("extract");
    |             ----^^^^^^
    |             |
    |             help: remove this `mut`

warning: variable does not need to be mutable
  --> crates\auto-lang\src\tests\plan716_supply_probes.rs:87:13
   |
87 |         let mut widget = crate::aura::extract::extract_widget_from_decl(decl).expect("extract");
   |             ----^^^^^^
   |             |
   |             help: remove this `mut`

warning: unused variable: `lines`
   --> crates\auto-lang\src\tests\plan716_supply_probes.rs:329:13
    |
329 |         let lines = hunks * 40; // ~19B/行 → 全尺寸≈300MB? 控制在 ~100MB：~5.2M 行
    |             ^^^^^ help: if this is intentional, prefix it with an underscore: `_lines`

warning: unused variable: `case`
   --> crates\auto-lang\src\tests\ffi_dep_parity_tests.rs:123:11
    |
123 | fn vm_leg(case: &str, src: &str) -> AutoResult<String> {
    |           ^^^^ help: if this is intentional, prefix it with an underscore: `_case`

warning: unused variable: `r`
    --> crates\auto-lang\src\tests\list_tests.rs:1006:10
     |
1006 |     let (r, s) = crate::run_with_capture(code).unwrap();
     |          ^ help: if this is intentional, prefix it with an underscore: `_r`

warning: variable does not need to be mutable
  --> crates\auto-lang\src\tests\plan066_native_widget_tests.rs:96:13
   |
96 |         let mut dc = match build_app("src/front/app.at") {
   |             ----^^
   |             |
   |             help: remove this `mut`

warning: unused variable: `out`
  --> crates\auto-lang\src\tests\plan046_obj_natives_tests.rs:48:13
   |
48 |         let out = run(
   |             ^^^ help: if this is intentional, prefix it with an underscore: `_out`

warning: variable does not need to be mutable
   --> crates\auto-lang\src\tests\plan705_spike_tests.rs:950:9
    |
950 |     let mut stream = std::net::TcpStream::connect(("127.0.0.1", server_port)).expect("connect");
    |         ----^^^^^^
    |         |
    |         help: remove this `mut`

warning: value assigned to `got` is never read
   --> crates\auto-lang\src\tests\plan707_spike_tests.rs:180:19
    |
180 |     let mut got = String::new();
    |                   ^^^^^^^^^^^^^ this value is reassigned later and never used
...
191 |             got = s;
    |             --- `got` is overwritten here before the previous value is read

warning: unused variable: `tx`
   --> crates\auto-lang\src\tests\plan707_stream_tests.rs:357:10
    |
357 |     let (tx, _rx) = tokio::sync::oneshot::channel::<()>();
    |          ^^ help: if this is intentional, prefix it with an underscore: `_tx`

warning: unused variable: `ext`
   --> crates\auto-lang\src\ui\code_editor\core\highlight.rs:337:14
    |
337 |     let Some(ext) = lang_to_extension(lang) else {
    |              ^^^ help: if this is intentional, prefix it with an underscore: `_ext`

warning: variable does not need to be mutable
    --> crates\auto-lang\src\ui\code_editor\core\rope.rs:1387:13
     |
1387 |         let mut r = Rope::from_str(&text);
     |             ----^
     |             |
     |             help: remove this `mut`

warning: unused variable: `fs`
    --> crates\auto-lang\src\ui\code_editor\core\mod.rs:2712:31
     |
2712 |             with_font_system(|fs| {
     |                               ^^ help: if this is intentional, prefix it with an underscore: `_fs`

warning: unused variable: `fs`
    --> crates\auto-lang\src\ui\code_editor\core\mod.rs:2798:44
     |
2798 |         let abs_bottom = with_font_system(|fs| {
     |                                            ^^ help: if this is intentional, prefix it with an underscore: `_fs`

warning: unused variable: `fs`
    --> crates\auto-lang\src\ui\code_editor\core\mod.rs:2787:37
     |
2787 |         let abs = with_font_system(|fs| {
     |                                     ^^ help: if this is intentional, prefix it with an underscore: `_fs`

warning: unused variable: `fs`
    --> crates\auto-lang\src\ui\code_editor\core\mod.rs:2873:50
     |
2873 |         let (line, vertical) = with_font_system(|fs| {
     |                                                  ^^ help: if this is intentional, prefix it with an underscore: `_fs`

warning: unused variable: `core`
    --> crates\auto-lang\src\ui\code_editor\core\mod.rs:3052:13
     |
3052 |         let core = code_editor(&key, &config);
     |             ^^^^ help: if this is intentional, prefix it with an underscore: `_core`

warning: unused variable: `core`
    --> crates\auto-lang\src\ui\code_editor\core\mod.rs:3096:13
     |
3096 |         let core = code_editor(&key, &config);
     |             ^^^^ help: if this is intentional, prefix it with an underscore: `_core`

warning: unused variable: `col`
    --> crates\auto-lang\src\ui\code_editor\core\mod.rs:3740:28
     |
3740 |                 let (line, col, _) = core.cursor_info();
     |                            ^^^ help: if this is intentional, prefix it with an underscore: `_col`

warning: variable does not need to be mutable
   --> crates\auto-lang\src\ui\code_editor\diff\envelope.rs:307:9
    |
307 |     let mut push_row = |rows: &mut Vec<Row>, row_idx: &mut usize, row: Row| {
    |         ----^^^^^^^^
    |         |
    |         help: remove this `mut`

warning: variable does not need to be mutable
   --> crates\auto-lang\src\ui\code_editor\diff\envelope.rs:547:13
    |
547 |         let mut a = numbered("L", 40);
    |             ----^
    |             |
    |             help: remove this `mut`

warning: variable does not need to be mutable
    --> crates\auto-lang\src\ui\terminal\iced\widget.rs:1464:13
     |
1464 |         let mut observe =
     |             ----^^^^^^^
     |             |
     |             help: remove this `mut`

warning: unused variable: `travel`
   --> crates\auto-lang\src\ui\scroll\geometry.rs:185:13
    |
185 |         let travel = rail - min; // 150
    |             ^^^^^^ help: if this is intentional, prefix it with an underscore: `_travel`

warning: variable does not need to be mutable
   --> crates\auto-lang\src\ui\scroll\host.rs:303:13
    |
303 |         let mut inner = host;
    |             ----^^^^^
    |             |
    |             help: remove this `mut`

warning: unused variable: `warnings`
   --> crates\auto-lang\src\ui\action_config.rs:804:19
    |
804 |         let (cfg, warnings) = UiActionConfig::parse(SAMPLE).unwrap();
    |                   ^^^^^^^^ help: if this is intentional, prefix it with an underscore: `_warnings`

warning: variable does not need to be mutable
   --> crates\auto-lang\src\ui\vm_bridge.rs:851:21
    |
851 |                 let mut od = crate::vm::types::ObjectData::new();
    |                     ----^^
    |                     |
    |                     help: remove this `mut`

warning: unused variable: `g`
    --> crates\auto-lang\src\ui\vm_bridge.rs:1244:25
     |
1244 |                     let g = obj.read().unwrap();
     |                         ^ help: if this is intentional, prefix it with an underscore: `_g`

warning: unused variable: `name`
    --> crates\auto-lang\src\ui\vm_bridge.rs:1487:14
     |
1487 |         for (name, val) in result.iter_mut() {
     |              ^^^^ help: if this is intentional, prefix it with an underscore: `_name`

warning: variable does not need to be mutable
    --> crates\auto-lang\src\ui\vm_bridge.rs:4004:13
     |
4004 |         let mut bridge = VmBridge::new_from_decls(
     |             ----^^^^^^
     |             |
     |             help: remove this `mut`

warning: variable does not need to be mutable
    --> crates\auto-lang\src\ui\vm_bridge.rs:4076:13
     |
4076 |         let mut bridge = VmBridge::new_from_decls(
     |             ----^^^^^^
     |             |
     |             help: remove this `mut`

warning: variable does not need to be mutable
    --> crates\auto-lang\src\ui\vm_bridge.rs:4172:13
     |
4172 |         let mut bridge = VmBridge::new_from_decls(&decl, &[], vec![],
     |             ----^^^^^^
     |             |
     |             help: remove this `mut`

warning: variable does not need to be mutable
    --> crates\auto-lang\src\ui\vm_bridge.rs:5175:13
     |
5175 |         let mut bridge = VmBridge::new_from_decls(&decl, &[], Vec::new(), &Default::default(), false)
     |             ----^^^^^^
     |             |
     |             help: remove this `mut`

warning: unused variable: `app_src`
    --> crates\auto-lang\src\ui\vm_bridge.rs:5717:13
     |
5717 |         let app_src = match std::fs::read_to_string(front.join("app.at")) {
     |             ^^^^^^^ help: if this is intentional, prefix it with an underscore: `_app_src`

warning: unused variable: `state_dot`
    --> crates\auto-lang\src\ui\handler_codegen.rs:1082:9
     |
1082 |     let state_dot = |field: &str| {
     |         ^^^^^^^^^ help: if this is intentional, prefix it with an underscore: `_state_dot`

warning: unused variable: `store_fields`
    --> crates\auto-lang\src\ui\handler_codegen.rs:1955:5
     |
1955 |     store_fields: &HashMap<String, Vec<String>>,
     |     ^^^^^^^^^^^^ help: if this is intentional, prefix it with an underscore: `_store_fields`

warning: unused variable: `store_widget_names`
    --> crates\auto-lang\src\ui\handler_codegen.rs:1956:5
     |
1956 |     store_widget_names: &HashMap<String, String>,
     |     ^^^^^^^^^^^^^^^^^^ help: if this is intentional, prefix it with an underscore: `_store_widget_names`

warning: unused variable: `app_root`
    --> crates\auto-lang\src\ui\session.rs:3931:26
     |
3931 |         let (child_name, app_root) = Self::outproc_child_identity(&spec, name);
     |                          ^^^^^^^^ help: if this is intentional, prefix it with an underscore: `_app_root`

warning: variable does not need to be mutable
    --> crates\auto-lang\src\ui\session.rs:7565:13
     |
7565 |         let mut view = ds
     |             ----^^^^
     |             |
     |             help: remove this `mut`

warning: variable does not need to be mutable
    --> crates\auto-lang\src\ui\session.rs:7921:13
     |
7921 |         let mut projector = RqProjector::new(component, 480.0, 320.0);
     |             ----^^^^^^^^^
     |             |
     |             help: remove this `mut`

warning: variable does not need to be mutable
    --> crates\auto-lang\src\ui\session.rs:9279:13
     |
9279 |         let mut child = std::process::Command::new("ping")
     |             ----^^^^^
     |             |
     |             help: remove this `mut`

warning: variable does not need to be mutable
   --> crates\auto-lang\src\ui\desktop_protocol\client_entry.rs:151:17
    |
151 |             let mut projector = RqProjector::new(component, opts.width, opts.height);
    |                 ----^^^^^^^^^
    |                 |
    |                 help: remove this `mut`

warning: unused variable: `e`
   --> crates\auto-lang\src\ui\desktop_protocol\client_runtime.rs:549:26
    |
549 |                 Some(Err(e)) => {
    |                          ^ help: if this is intentional, prefix it with an underscore: `_e`

warning: unreachable pattern
   --> crates\auto-lang\src\ui\desktop_protocol\coverage.rs:859:9
    |
783 |         SC::Opacity(_) => "opacity-50".into(),
    |         -------------- matches all the relevant values
...
859 |         SC::Opacity(_) => "opacity-50".into(),
    |         ^^^^^^^^^^^^^^ no value can reach this

warning: unused variable: `component`
   --> crates\auto-lang\src\ui\desktop_protocol\coverage.rs:927:5
    |
927 |     component: &crate::ui::dynamic::DynamicComponent,
    |     ^^^^^^^^^ help: if this is intentional, prefix it with an underscore: `_component`

warning: unreachable pattern
    --> crates\auto-lang\src\ui\desktop_protocol\native_projector.rs:2921:9
     |
2886 |         StyleClass::GradientFrom(c) => s.bg = s.bg.or(resolve_typed_color(c)),
     |         --------------------------- matches all the relevant values
...
2921 |         StyleClass::GradientFrom(c) => s.grad_from = resolve_typed_color(c),
     |         ^^^^^^^^^^^^^^^^^^^^^^^^^^^ no value can reach this

warning: irrefutable `if let` pattern
    --> crates\auto-lang\src\ui\desktop_protocol\native_projector.rs:3911:20
     |
3911 |                 if let TbMsg::Pick(i, v) = msg {
     |                    ^^^^^^^^^^^^^^^^^^^^^^^^^^^
     |
     = note: this pattern will always match, so the `if let` is useless
     = help: consider replacing the `if let` with a `let`

warning: irrefutable `if let` pattern
    --> crates\auto-lang\src\ui\desktop_protocol\native_projector.rs:4358:16
     |
4358 |             if let SMsg::Vol(v) = msg {
     |                ^^^^^^^^^^^^^^^^^^^^^^
     |
     = note: this pattern will always match, so the `if let` is useless
     = help: consider replacing the `if let` with a `let`

warning: irrefutable `if let` pattern
    --> crates\auto-lang\src\ui\desktop_protocol\native_projector.rs:4415:20
     |
4415 |                 if let SMsg::Vol(v) = msg {
     |                    ^^^^^^^^^^^^^^^^^^^^^^
     |
     = note: this pattern will always match, so the `if let` is useless
     = help: consider replacing the `if let` with a `let`

warning: irrefutable `if let` pattern
    --> crates\auto-lang\src\ui\desktop_protocol\native_projector.rs:4452:16
     |
4452 |             if let SbMsg::Pick(_, s) = msg {
     |                ^^^^^^^^^^^^^^^^^^^^^^^^^^^
     |
     = note: this pattern will always match, so the `if let` is useless
     = help: consider replacing the `if let` with a `let`

warning: irrefutable `if let` pattern
    --> crates\auto-lang\src\ui\desktop_protocol\native_projector.rs:4577:16
     |
4577 |             if let ScMsg::Scrolled(oy) = msg {
     |                ^^^^^^^^^^^^^^^^^^^^^^^^^^^^^
     |
     = note: this pattern will always match, so the `if let` is useless
     = help: consider replacing the `if let` with a `let`

warning: unused variable: `conn_thread`
   --> crates\auto-lang\src\ui\desktop_protocol\pixels.rs:590:13
    |
590 |         let conn_thread = std::thread::spawn(move || {
    |             ^^^^^^^^^^^ help: if this is intentional, prefix it with an underscore: `_conn_thread`

warning: variable does not need to be mutable
   --> crates\auto-lang\src\ui\desktop_protocol\remote.rs:319:13
    |
319 |         let mut remote_hello = |remote: &mut Box<dyn crate::ui::desktop_protocol::transport::Transport + Send>| {
    |             ----^^^^^^^^^^^^
    |             |
    |             help: remove this `mut`

warning: variable does not need to be mutable
   --> crates\auto-lang\src\ui\desktop_protocol\rqhost.rs:651:5
    |
651 |     mut end: Box<dyn Transport + Send>,
    |     ----^^^
    |     |
    |     help: remove this `mut`

warning: value assigned to `reclaimed` is never read
    --> crates\auto-lang\src\ui\desktop_protocol\rqhost.rs:1570:29
     |
1570 |         let mut reclaimed = false;
     |                             ^^^^^ this value is reassigned later and never used
...
1575 |                 reclaimed = true;
     |                 ---------------- `reclaimed` is overwritten here before the previous value is read

warning: value assigned to `reclaimed` is never read
    --> crates\auto-lang\src\ui\desktop_protocol\rqhost.rs:1711:29
     |
1711 |         let mut reclaimed = false;
     |                             ^^^^^ this value is reassigned later and never used
...
1719 |                 reclaimed = true;
     |                 ---------------- `reclaimed` is overwritten here before the previous value is read

warning: variable does not need to be mutable
  --> crates\auto-lang\src\ui\desktop_protocol\render_cli.rs:99:13
   |
99 |         let mut next = |i: &mut usize, flag: &str| -> Result<String, String> {
   |             ----^^^^
   |             |
   |             help: remove this `mut`

warning: variable does not need to be mutable
   --> crates\auto-lang\src\ui\desktop_protocol\shell_client.rs:287:13
    |
287 |         let mut chrome =
    |             ----^^^^^^
    |             |
    |             help: remove this `mut`

warning: variable does not need to be mutable
   --> crates\auto-lang\src\ui\desktop_protocol\shell_client.rs:289:13
    |
289 |         let mut background =
    |             ----^^^^^^^^^^
    |             |
    |             help: remove this `mut`

warning: unused variable: `wid`
    --> crates\auto-lang\src\ui\desktop_protocol\stage3.rs:3449:17
     |
3449 |         for (i, wid) in wids.iter().enumerate() {
     |                 ^^^ help: if this is intentional, prefix it with an underscore: `_wid`

warning: unused variable: `stage`
    --> crates\auto-lang\src\ui\desktop_protocol\stage3.rs:3986:14
     |
3986 |         for (stage, want) in [1usize, 3, 5].into_iter().enumerate() {
     |              ^^^^^ help: if this is intentional, prefix it with an underscore: `_stage`

warning: variable does not need to be mutable
    --> crates\auto-lang\src\ui\desktop_protocol\stage3.rs:5710:14
     |
5710 |         let (mut app_c, _app_c_tail) = spawn_q(&auto_exe, &dir_converter, &wellknown);
     |              ----^^^^^
     |              |
     |              help: remove this `mut`

warning: variable does not need to be mutable
    --> crates\auto-lang\src\ui\desktop_protocol\stage3.rs:5722:14
     |
5722 |         let (mut app_h, app_h_tail) = spawn_q(&auto_exe, &dir_hello, &wellknown);
     |              ----^^^^^
     |              |
     |              help: remove this `mut`

warning: variable does not need to be mutable
    --> crates\auto-lang\src\ui\desktop_protocol\stage3.rs:5881:14
     |
5881 |         let (mut app_i, app_i_tail) = spawn_q(
     |              ----^^^^^
     |              |
     |              help: remove this `mut`

warning: variable does not need to be mutable
    --> crates\auto-lang\src\ui\desktop_protocol\stage3.rs:6178:14
     |
6178 |         let (mut app_fm, app_fm_tail) = spawn_q(&auto_exe, &dir_fm, &wellknown);
     |              ----^^^^^^
     |              |
     |              help: remove this `mut`

warning: variable does not need to be mutable
    --> crates\auto-lang\src\ui\desktop_protocol\stage3.rs:6198:14
     |
6198 |         let (mut app_c, _app_c_tail) = spawn_q(&auto_exe, &dir_conv, &wellknown);
     |              ----^^^^^
     |              |
     |              help: remove this `mut`

warning: variable does not need to be mutable
    --> crates\auto-lang\src\ui\desktop_protocol\stage3.rs:6222:13
     |
6222 |         let mut direct = direct.spawn().expect("spawn auto run -r vm 直挂");
     |             ----^^^^^^
     |             |
     |             help: remove this `mut`

warning: variable does not need to be mutable
   --> crates\auto-lang\src\ui\desktop_protocol\transport.rs:917:17
    |
917 |             let mut client =
    |                 ----^^^^^^
    |                 |
    |                 help: remove this `mut`

warning: unused variable: `pid`
    --> crates\auto-lang\src\ui\native_dock\win32.rs:2073:30
     |
2073 | pub fn main_window_minimized(pid: u32) -> bool {
     |                              ^^^ help: if this is intentional, prefix it with an underscore: `_pid`

warning: variable does not need to be mutable
   --> crates\auto-lang\src\ui\snapshot_builder.rs:305:21
    |
305 |                 let mut props = vec![
    |                     ----^^^^^
    |                     |
    |                     help: remove this `mut`

warning: unused variable: `shared_handle`
    --> crates\auto-lang\src\ui\mcp_server.rs:1274:22
     |
1274 | fn tool_editor_state(shared_handle: &SharedStateHandle, args: serde_json::Value) -> serde_json::Value {
     |                      ^^^^^^^^^^^^^ help: if this is intentional, prefix it with an underscore: `_shared_handle`

warning: unused variable: `ids`
    --> crates\auto-lang\src\ui\mcp_server.rs:4075:13
     |
4075 |         let ids: Vec<String> = matches.iter()
     |             ^^^ help: if this is intentional, prefix it with an underscore: `_ids`

warning: unused variable: `stripped`
   --> crates\auto-lang\src\ui\aura_view_builder.rs:895:21
    |
895 |                 let stripped = store_field.as_deref().unwrap_or(stripped);
    |                     ^^^^^^^^ help: if this is intentional, prefix it with an underscore: `_stripped`

warning: unused variable: `index`
    --> crates\auto-lang\src\ui\aura_view_builder.rs:1244:9
     |
1244 |         index: &Option<String>,
     |         ^^^^^ help: if this is intentional, prefix it with an underscore: `_index`

warning: unused variable: `stripped`
    --> crates\auto-lang\src\ui\aura_view_builder.rs:7578:13
     |
7578 |         let stripped = store_field.as_deref().unwrap_or(stripped);
     |             ^^^^^^^^ help: if this is intentional, prefix it with an underscore: `_stripped`

warning: unreachable pattern
     --> crates\auto-lang\src\ui\aura_view_builder.rs:12198:13
      |
12122 |             Expr::Bina(_, Op::Add, _) => {
      |             ------------------------- matches all the relevant values
...
12198 |             Expr::Bina(l, Op::Add, r) => format!(
      |             ^^^^^^^^^^^^^^^^^^^^^^^^^ no value can reach this

warning: unused variable: `cond`
     --> crates\auto-lang\src\ui\aura_view_builder.rs:12735:13
      |
12735 |         let cond = condition.trim();
      |             ^^^^ help: if this is intentional, prefix it with an underscore: `_cond`

warning: unused variable: `other`
     --> crates\auto-lang\src\ui\aura_view_builder.rs:19455:13
      |
19455 |             other => panic!("期望 Row（flex 行）,得到其他布局"),
      |             ^^^^^ help: if this is intentional, prefix it with an underscore: `_other`

warning: variable does not need to be mutable
     --> crates\auto-lang\src\ui\aura_view_builder.rs:22764:13
      |
22764 |         let mut bridge = VmBridge::new(&host).unwrap();
      |             ----^^^^^^
      |             |
      |             help: remove this `mut`

warning: variable does not need to be mutable
     --> crates\auto-lang\src\ui\aura_view_builder.rs:22887:13
      |
22887 |         let mut bridge = VmBridge::new(&host).unwrap();
      |             ----^^^^^^
      |             |
      |             help: remove this `mut`

warning: variable does not need to be mutable
     --> crates\auto-lang\src\ui\aura_view_builder.rs:22945:13
      |
22945 |         let mut bridge = VmBridge::new(&host).unwrap();
      |             ----^^^^^^
      |             |
      |             help: remove this `mut`

warning: variable does not need to be mutable
     --> crates\auto-lang\src\ui\aura_view_builder.rs:23008:13
      |
23008 |         let mut bridge = VmBridge::new(&host).unwrap();
      |             ----^^^^^^
      |             |
      |             help: remove this `mut`

warning: value assigned to `v2` is never read
     --> crates\auto-lang\src\ui\aura_view_builder.rs:23132:22
      |
23132 |         let mut v2 = build_once(&bridge);
      |                      ^^^^^^^^^^^^^^^^^^^ this value is reassigned later and never used
...
23135 |             v2 = build_once(&bridge);
      |             -- `v2` is overwritten here before the previous value is read

warning: variable does not need to be mutable
     --> crates\auto-lang\src\ui\aura_view_builder.rs:23848:13
      |
23848 |         let mut bridge = VmBridge::new(&widget).unwrap();
      |             ----^^^^^^
      |             |
      |             help: remove this `mut`

warning: variable does not need to be mutable
     --> crates\auto-lang\src\ui\aura_view_builder.rs:23933:13
      |
23933 |         let mut bridge = VmBridge::new(&widget).unwrap();
      |             ----^^^^^^
      |             |
      |             help: remove this `mut`

warning: variable does not need to be mutable
    --> crates\auto-lang\src\ui\dynamic.rs:4081:13
     |
4081 |         let mut comp = comp;
     |             ----^^^^
     |             |
     |             help: remove this `mut`

warning: variable does not need to be mutable
    --> crates\auto-lang\src\ui\dynamic.rs:5485:13
     |
5485 |         let mut comp = build(&src);
     |             ----^^^^
     |             |
     |             help: remove this `mut`

warning: variable does not need to be mutable
    --> crates\auto-lang\src\ui\dynamic.rs:5520:13
     |
5520 |         let mut comp = build(&src);
     |             ----^^^^
     |             |
     |             help: remove this `mut`

warning: variable does not need to be mutable
    --> crates\auto-lang\src\ui\dynamic.rs:5605:13
     |
5605 |         let mut comp = build(&src);
     |             ----^^^^
     |             |
     |             help: remove this `mut`

warning: variable does not need to be mutable
    --> crates\auto-lang\src\ui\dynamic.rs:5621:13
     |
5621 |         let mut comp = build(&src);
     |             ----^^^^
     |             |
     |             help: remove this `mut`

warning: variable does not need to be mutable
    --> crates\auto-lang\src\ui\dynamic.rs:5683:13
     |
5683 |         let mut comp = build(&src);
     |             ----^^^^
     |             |
     |             help: remove this `mut`

warning: unused variable: `keymap`
    --> crates\auto-lang\src\ui\iced\renderer.rs:4971:95
     |
4971 |             AbstractView::Textarea { placeholder, value, on_change, on_submit, height, style, keymap, .. } => {
     |                                                                                               ^^^^^^ help: try ignoring the field: `keymap: _`

warning: variable does not need to be mutable
    --> crates\auto-lang\src\ui\iced\renderer.rs:9161:9
     |
9161 |     let mut lock = match guard.lock() {
     |         ----^^^^
     |         |
     |         help: remove this `mut`

warning: variable does not need to be mutable
     --> crates\auto-lang\src\ui\iced\renderer.rs:10615:14
      |
10615 |     let Some(mut v) = state.split_mut(app_id) else {
      |              ----^
      |              |
      |              help: remove this `mut`

warning: variable does not need to be mutable
     --> crates\auto-lang\src\ui\iced\renderer.rs:11200:13
      |
11200 |         let mut app = state.apps.get_mut(&launcher).expect("launcher mounted");
      |             ----^^^
      |             |
      |             help: remove this `mut`

warning: unused variable: `dragged_slot`
     --> crates\auto-lang\src\ui\iced\renderer.rs:15381:9
      |
15381 |     let dragged_slot = cells
      |         ^^^^^^^^^^^^ help: if this is intentional, prefix it with an underscore: `_dragged_slot`

warning: variable does not need to be mutable
     --> crates\auto-lang\src\ui\iced\renderer.rs:20988:36
      |
20988 |                         let (exit, mut tasks) = drain_and_execute_desktop_commands(state);
      |                                    ----^^^^^
      |                                    |
      |                                    help: remove this `mut`

warning: variable does not need to be mutable
     --> crates\auto-lang\src\ui\iced\renderer.rs:21010:36
      |
21010 |                         let (exit, mut tasks) = drain_and_execute_desktop_commands(state);
      |                                    ----^^^^^
      |                                    |
      |                                    help: remove this `mut`

warning: variable does not need to be mutable
     --> crates\auto-lang\src\ui\iced\renderer.rs:21057:32
      |
21057 |                     let (exit, mut tasks) = drain_and_execute_desktop_commands(state);
      |                                ----^^^^^
      |                                |
      |                                help: remove this `mut`

warning: variable does not need to be mutable
     --> crates\auto-lang\src\ui\iced\renderer.rs:23315:13
      |
23315 |         let mut buf = state.app.devtools.console_buffer.lock().unwrap();
      |             ----^^^
      |             |
      |             help: remove this `mut`

warning: variable does not need to be mutable
     --> crates\auto-lang\src\ui\iced\renderer.rs:25507:15
      |
25507 | fn apply_edit(mut state: crate::ui::session::SessionViewMut) {
      |               ----^^^^^
      |               |
      |               help: remove this `mut`

warning: unused variable: `on_change`
     --> crates\auto-lang\src\ui\iced\renderer.rs:26115:5
      |
26115 |     on_change: Option<M>,
      |     ^^^^^^^^^ help: if this is intentional, prefix it with an underscore: `_on_change`

warning: unused variable: `placeholder`
     --> crates\auto-lang\src\ui\iced\renderer.rs:26117:5
      |
26117 |     placeholder: Option<String>,
      |     ^^^^^^^^^^^ help: if this is intentional, prefix it with an underscore: `_placeholder`

warning: unreachable pattern
     --> crates\auto-lang\src\ui\iced\renderer.rs:26422:9
      |
26404 |         AbstractView::Popover { anchor, content, .. } => {
      |         --------------------------------------------- matches all the relevant values
...
26422 |         AbstractView::Popover { anchor, content, .. } => {
      |         ^^^^^^^^^^^^^^^^^^^^^^^^^^^^^^^^^^^^^^^^^^^^^ no value can reach this

warning: unused variable: `key`
     --> crates\auto-lang\src\ui\iced\renderer.rs:27343:40
      |
27343 |         AbstractView::AutodownEditor { key, value, is_final, on_change, on_focus, placeholder, style: _ } => {
      |                                        ^^^ help: try ignoring the field: `key: _`

warning: unused variable: `is_final`
     --> crates\auto-lang\src\ui\iced\renderer.rs:27343:52
      |
27343 |         AbstractView::AutodownEditor { key, value, is_final, on_change, on_focus, placeholder, style: _ } => {
      |                                                    ^^^^^^^^ help: try ignoring the field: `is_final: _`

warning: unused variable: `on_change`
     --> crates\auto-lang\src\ui\iced\renderer.rs:27343:62
      |
27343 |         AbstractView::AutodownEditor { key, value, is_final, on_change, on_focus, placeholder, style: _ } => {
      |                                                              ^^^^^^^^^ help: try ignoring the field: `on_change: _`

warning: unused variable: `placeholder`
     --> crates\auto-lang\src\ui\iced\renderer.rs:27343:83
      |
27343 |         AbstractView::AutodownEditor { key, value, is_final, on_change, on_focus, placeholder, style: _ } => {
      |                                                                                   ^^^^^^^^^^^ help: try ignoring the field: `placeholder: _`

warning: unused variable: `tick_msg`
     --> crates\auto-lang\src\ui\iced\renderer.rs:28747:19
      |
28747 |     let (tick_ms, tick_msg) = (tick.tick_interval_ms(), tick.tick_msg());
      |                   ^^^^^^^^ help: if this is intentional, prefix it with an underscore: `_tick_msg`

warning: unused variable: `interval`
     --> crates\auto-lang\src\ui\iced\renderer.rs:28748:9
      |
28748 |     let interval = tick_ms.map(|ms| std::time::Duration::from_millis(ms as u64));
      |         ^^^^^^^^ help: if this is intentional, prefix it with an underscore: `_interval`

warning: unused variable: `db`
     --> crates\auto-lang\src\ui\iced\renderer.rs:30015:22
      |
30015 |         let (fb, ab, db) = (bg_of(&focus), bg_of(&active), bg_of(&disabled));
      |                      ^^ help: if this is intentional, prefix it with an underscore: `_db`

warning: variable does not need to be mutable
     --> crates\auto-lang\src\ui\iced\renderer.rs:32855:13
      |
32855 |         let mut ds = t3_session_with_shell();
      |             ----^^
      |             |
      |             help: remove this `mut`

warning: unused variable: `ds`
     --> crates\auto-lang\src\ui\iced\renderer.rs:32855:13
      |
32855 |         let mut ds = t3_session_with_shell();
      |             ^^^^^^ help: if this is intentional, prefix it with an underscore: `_ds`

warning: variable does not need to be mutable
   --> crates\auto-lang\src\ui\iced\table_resize.rs:193:17
    |
193 |             let mut lay_row =
    |                 ----^^^^^^^
    |                 |
    |                 help: remove this `mut`

warning: variable does not need to be mutable
    --> crates\auto-lang\src\lib.rs:7485:13
     |
7485 |         let mut cs = crate::compile::CompileSession::new();
     |             ----^^
     |             |
     |             help: remove this `mut`

warning: variable does not need to be mutable
    --> crates\auto-lang\src\lib.rs:7503:13
     |
7503 |         let mut cs = crate::compile::CompileSession::new();
     |             ----^^
     |             |
     |             help: remove this `mut`

warning: variable does not need to be mutable
   --> crates\auto-lang\src\tests\p614_tree_vm_probe.rs:252:14
    |
252 |     let Some(mut dc) =
    |              ----^^
    |              |
    |              help: remove this `mut`

warning: variable does not need to be mutable
   --> crates\auto-lang\src\tests\p618_filter_tree_probe.rs:123:14
    |
123 |     let Some(mut dc) = crate::plan370_test_support::build_component_from_app(&manifest) else {
    |              ----^^
    |              |
    |              help: remove this `mut`

warning: type `TodoItem` is more private than the item `ui::session::AppState::todos`
    --> crates\auto-lang\src\ui\session.rs:49:5
     |
  49 |     pub todos: Vec<TodoItem>,
     |     ^^^^^^^^^^^^^^^^^^^^^^^^ field `ui::session::AppState::todos` is reachable at visibility `pub`
     |
note: but type `TodoItem` is only usable at visibility `pub(crate)`
    --> crates\auto-lang\src\ui\iced\renderer.rs:7545:1
     |
7545 | pub(crate) struct TodoItem {
     | ^^^^^^^^^^^^^^^^^^^^^^^^^^
     = note: `#[warn(private_interfaces)]` on by default

warning: type `DebugElementInfo` is more private than the item `ui::session::DevToolsState::debug_element_styles`
     --> crates\auto-lang\src\ui\session.rs:150:5
      |
  150 |     pub debug_element_styles: RefCell<HashMap<String, DebugElementInfo>>,
      |     ^^^^^^^^^^^^^^^^^^^^^^^^^^^^^^^^^^^^^^^^^^^^^^^^^^^^^^^^^^^^^^^^^^^^ field `ui::session::DevToolsState::debug_element_styles` is reachable at visibility `pub`
      |
note: but type `DebugElementInfo` is only usable at visibility `pub(crate)`
     --> crates\auto-lang\src\ui\iced\renderer.rs:25667:1
      |
25667 | pub(crate) struct DebugElementInfo {
      | ^^^^^^^^^^^^^^^^^^^^^^^^^^^^^^^^^^

warning: type `InspectorSubTab` is more private than the item `ui::session::DevToolsState::inspector_subtab`
     --> crates\auto-lang\src\ui\session.rs:155:5
      |
  155 |     pub inspector_subtab: RefCell<InspectorSubTab>,
      |     ^^^^^^^^^^^^^^^^^^^^^^^^^^^^^^^^^^^^^^^^^^^^^^ field `ui::session::DevToolsState::inspector_subtab` is reachable at visibility `pub`
      |
note: but type `InspectorSubTab` is only usable at visibility `pub(crate)`
     --> crates\auto-lang\src\ui\iced\renderer.rs:10517:1
      |
10517 | pub(crate) enum InspectorSubTab {
      | ^^^^^^^^^^^^^^^^^^^^^^^^^^^^^^^

warning: type `InspectorSections` is more private than the item `ui::session::DevToolsState::inspector_sections`
     --> crates\auto-lang\src\ui\session.rs:156:5
      |
  156 |     pub inspector_sections: RefCell<InspectorSections>,
      |     ^^^^^^^^^^^^^^^^^^^^^^^^^^^^^^^^^^^^^^^^^^^^^^^^^^ field `ui::session::DevToolsState::inspector_sections` is reachable at visibility `pub`
      |
note: but type `InspectorSections` is only usable at visibility `pub(crate)`
     --> crates\auto-lang\src\ui\iced\renderer.rs:10557:1
      |
10557 | pub(crate) struct InspectorSections {
      | ^^^^^^^^^^^^^^^^^^^^^^^^^^^^^^^^^^^

warning: type `DevToolsTab` is more private than the item `ui::session::DevToolsState::devtools_tab`
     --> crates\auto-lang\src\ui\session.rs:158:5
      |
  158 |     pub devtools_tab: RefCell<DevToolsTab>,
      |     ^^^^^^^^^^^^^^^^^^^^^^^^^^^^^^^^^^^^^^ field `ui::session::DevToolsState::devtools_tab` is reachable at visibility `pub`
      |
note: but type `DevToolsTab` is only usable at visibility `pub(crate)`
     --> crates\auto-lang\src\ui\iced\renderer.rs:10504:1
      |
10504 | pub(crate) enum DevToolsTab {
      | ^^^^^^^^^^^^^^^^^^^^^^^^^^^

warning: type `DebugTreeNode` is more private than the item `ui::session::DevToolsState::component_tree`
     --> crates\auto-lang\src\ui\session.rs:165:5
      |
  165 |     pub component_tree: RefCell<Option<DebugTreeNode>>,
      |     ^^^^^^^^^^^^^^^^^^^^^^^^^^^^^^^^^^^^^^^^^^^^^^^^^^ field `ui::session::DevToolsState::component_tree` is reachable at visibility `pub`
      |
note: but type `DebugTreeNode` is only usable at visibility `pub(crate)`
     --> crates\auto-lang\src\ui\iced\renderer.rs:25622:1
      |
25622 | pub(crate) struct DebugTreeNode {
      | ^^^^^^^^^^^^^^^^^^^^^^^^^^^^^^^

warning: type `ToastReq` is more private than the item `DesktopState::toasts`
     --> crates\auto-lang\src\ui\session.rs:301:5
      |
  301 |     pub toasts: RefCell<Vec<ToastReq>>,
      |     ^^^^^^^^^^^^^^^^^^^^^^^^^^^^^^^^^^ field `DesktopState::toasts` is reachable at visibility `pub`
      |
note: but type `ToastReq` is only usable at visibility `pub(crate)`
     --> crates\auto-lang\src\ui\iced\renderer.rs:10572:1
      |
10572 | pub(crate) struct ToastReq {
      | ^^^^^^^^^^^^^^^^^^^^^^^^^^

warning: type `NotificationEntry` is more private than the item `DesktopState::notifications`
   --> crates\auto-lang\src\ui\session.rs:316:5
    |
316 |     pub notifications: RefCell<Vec<NotificationEntry>>,
    |     ^^^^^^^^^^^^^^^^^^^^^^^^^^^^^^^^^^^^^^^^^^^^^^^^^^ field `DesktopState::notifications` is reachable at visibility `pub`
    |
note: but type `NotificationEntry` is only usable at visibility `pub(crate)`
   --> crates\auto-lang\src\ui\session.rs:274:1
    |
274 | pub(crate) struct NotificationEntry {
    | ^^^^^^^^^^^^^^^^^^^^^^^^^^^^^^^^^^^

warning: type `sendinput::Input` is more private than the item `sendinput::unicode_inputs`
  --> crates\auto-lang\src\ui\desktop_protocol\sendinput.rs:89:1
   |
89 | pub fn unicode_inputs(text: &str) -> Vec<Input> {
   | ^^^^^^^^^^^^^^^^^^^^^^^^^^^^^^^^^^^^^^^^^^^^^^^ function `sendinput::unicode_inputs` is reachable at visibility `pub`
   |
note: but type `sendinput::Input` is only usable at visibility `pub(self)`
  --> crates\auto-lang\src\ui\desktop_protocol\sendinput.rs:54:1
   |
54 | struct Input {
   | ^^^^^^^^^^^^

warning: type `sendinput::Input` is more private than the item `sendinput::vk_inputs`
   --> crates\auto-lang\src\ui\desktop_protocol\sendinput.rs:100:1
    |
100 | pub fn vk_inputs(vk: u32) -> Vec<Input> {
    | ^^^^^^^^^^^^^^^^^^^^^^^^^^^^^^^^^^^^^^^ function `sendinput::vk_inputs` is reachable at visibility `pub`
    |
note: but type `sendinput::Input` is only usable at visibility `pub(self)`
   --> crates\auto-lang\src\ui\desktop_protocol\sendinput.rs:54:1
    |
 54 | struct Input {
    | ^^^^^^^^^^^^

warning: type `sendinput::Input` is more private than the item `sendinput::send`
   --> crates\auto-lang\src\ui\desktop_protocol\sendinput.rs:106:1
    |
106 | pub fn send(inputs: &[Input]) -> u32 {
    | ^^^^^^^^^^^^^^^^^^^^^^^^^^^^^^^^^^^^ function `sendinput::send` is reachable at visibility `pub`
    |
note: but type `sendinput::Input` is only usable at visibility `pub(self)`
   --> crates\auto-lang\src\ui\desktop_protocol\sendinput.rs:54:1
    |
 54 | struct Input {
    | ^^^^^^^^^^^^

warning: type `PreviewCardUiState` is more private than the item `aura_view_builder::AuraViewBuilder::<'a>::with_preview_states`
   --> crates\auto-lang\src\ui\aura_view_builder.rs:423:5
    |
423 |     pub fn with_preview_states(mut self, states: &'a std::collections::HashMap<String, crate::ui::dynamic::PreviewCardUiState>) -> Self {
    |     ^^^^^^^^^^^^^^^^^^^^^^^^^^^^^^^^^^^^^^^^^^^^^^^^^^^^^^^^^^^^^^^^^^^^^^^^^^^^^^^^^^^^^^^^^^^^^^^^^^^^^^^^^^^^^^^^^^^^^^^^^^^^^^^^^^^ method `aura_view_builder::AuraViewBuilder::<'a>::with_preview_states` is reachable at visibility `pub`
    |
note: but type `PreviewCardUiState` is only usable at visibility `pub(crate)`
   --> crates\auto-lang\src\ui\dynamic.rs:355:1
    |
355 | pub(crate) struct PreviewCardUiState {
    | ^^^^^^^^^^^^^^^^^^^^^^^^^^^^^^^^^^^^

warning: constant `AUTO_LIB_FILES_V2` is never used
    --> crates\auto-lang\src\lib.rs:1893:18
     |
1893 | pub(crate) const AUTO_LIB_FILES_V2: &[&str] = &[
     |                  ^^^^^^^^^^^^^^^^^
     |
     = note: `#[warn(dead_code)]` (part of `#[warn(unused)]`) on by default

warning: function `aavm2_lib_source` is never used
    --> crates\auto-lang\src\lib.rs:1909:15
     |
1909 | pub(crate) fn aavm2_lib_source(project_root: &std::path::Path) -> AutoResult<String> {
     |               ^^^^^^^^^^^^^^^^

warning: function `extract_api_imports_from_ast` is never used
    --> crates\auto-lang\src\lib.rs:6759:4
     |
6759 | fn extract_api_imports_from_ast(code: &crate::ast::Code) -> Vec<String> {
     |    ^^^^^^^^^^^^^^^^^^^^^^^^^^^^

warning: function `is_api_use_stmt` is never used
    --> crates\auto-lang\src\lib.rs:6772:4
     |
6772 | fn is_api_use_stmt(use_stmt: &crate::ast::Use) -> bool {
     |    ^^^^^^^^^^^^^^^

warning: method `has_subscribers` is never used
    --> crates\auto-lang\src\back_proxy.rs:1118:8
     |
1102 | impl SessionBus {
     | --------------- method in this implementation
...
1118 |     fn has_subscribers(&self) -> bool {
     |        ^^^^^^^^^^^^^^^

warning: function `key_of` is never used
   --> crates\auto-lang\src\ui_gen\vue.rs:198:8
    |
198 |     fn key_of(node: &AuraNode) -> Option<String> {
    |        ^^^^^^

warning: function `test_pattern_to_handler_name` is never used
     --> crates\auto-lang\src\ui_gen\vue.rs:21382:8
      |
21382 |     fn test_pattern_to_handler_name() {
      |        ^^^^^^^^^^^^^^^^^^^^^^^^^^^^

warning: function `test_actions_menubar_synthesis` is never used
     --> crates\auto-lang\src\ui_gen\vue.rs:24825:8
      |
24825 |     fn test_actions_menubar_synthesis() {
      |        ^^^^^^^^^^^^^^^^^^^^^^^^^^^^^^

warning: associated function `collect_pattern_idents` is never used
     --> crates\auto-lang\src\trans\rust.rs:21068:8
      |
  485 | impl RustTrans {
      | -------------- associated function in this implementation
...
21068 |     fn collect_pattern_idents(expr: &Expr, out: &mut HashSet<AutoStr>) {
      |        ^^^^^^^^^^^^^^^^^^^^^^

warning: function `escape_analysis_summary` is never used
     --> crates\auto-lang\src\trans\rust.rs:24704:15
      |
24704 | pub(crate) fn escape_analysis_summary(code: &str) -> std::collections::HashMap<AutoStr, usize> {
      |               ^^^^^^^^^^^^^^^^^^^^^^^

warning: function `pop_str_idx` is never used
  --> crates\auto-lang\src\vm\engine.rs:91:4
   |
91 | fn pop_str_idx(ram: &mut VirtualRAM) -> usize {
   |    ^^^^^^^^^^^

warning: methods `decode_tagged_value` and `intern_string` are never used
    --> crates\auto-lang\src\vm\engine.rs:936:8
     |
 695 | impl AutoVM {
     | ----------- methods in this implementation
...
 936 |     fn decode_tagged_value(&self, raw: i32) -> auto_val::Value {
     |        ^^^^^^^^^^^^^^^^^^^
...
1122 |     fn intern_string(&mut self, bytes: &[u8]) -> usize {
     |        ^^^^^^^^^^^^^

warning: field `req_id` is never read
    --> crates\auto-lang\src\vm\ffi\stdlib.rs:7008:5
     |
7004 | struct HttpJsonJob {
     |        ----------- field in this struct
...
7008 |     req_id: u64,
     |     ^^^^^^

warning: function `http_status_reason` is never used
   --> crates\auto-lang\src\vm\ffi\http_server.rs:480:4
    |
480 | fn http_status_reason(code: u16) -> &'static str {
    |    ^^^^^^^^^^^^^^^^^^

warning: function `set_life_permit_capacity_for_test` is never used
    --> crates\auto-lang\src\vm\ffi\http_server.rs:4590:15
     |
4590 | pub(crate) fn set_life_permit_capacity_for_test(cap: usize) {
     |               ^^^^^^^^^^^^^^^^^^^^^^^^^^^^^^^^^

warning: function `life_permit_available` is never used
    --> crates\auto-lang\src\vm\ffi\http_server.rs:4746:15
     |
4746 | pub(crate) fn life_permit_available() -> usize {
     |               ^^^^^^^^^^^^^^^^^^^^^

warning: field `0` is never read
    --> crates\auto-lang\src\vm\ffi\http_server.rs:5282:12
     |
5282 |     Future(u32),
     |     ------ ^^^
     |     |
     |     field in this variant
     |
help: consider changing the field to be of unit type to suppress this warning while preserving the field numbering, or remove the field
     |
5282 -     Future(u32),
5282 +     Future(()),
     |

warning: function `stream_limits` is never used
   --> crates\auto-lang\src\vm\ffi\http_stream.rs:113:15
    |
113 | pub(crate) fn stream_limits() -> StreamLimits {
    |               ^^^^^^^^^^^^^

warning: function `stream_remove` is never used
   --> crates\auto-lang\src\vm\ffi\http_stream.rs:311:15
    |
311 | pub(crate) fn stream_remove(stream_id: u64) {
    |               ^^^^^^^^^^^^^

warning: field `qualified_methods` is never read
  --> crates\auto-lang\src\tests\a2r_std_signature_parity.rs:33:5
   |
22 | struct PairOpt {
   |        ------- field in this struct
...
33 |     qualified_methods: bool,
   |     ^^^^^^^^^^^^^^^^^

warning: constant `CASES` is never used
  --> crates\auto-lang\src\tests\ffi_dep_parity_tests.rs:23:7
   |
23 | const CASES: &[&str] = &["016_dep_abi_matrix", "017_dep_lifecycle", "018_dep_fields", "020_dep_traits_generics", "021_dep_callback"];
   |       ^^^^^

warning: field `seed` is never read
  --> crates\auto-lang\src\tests\test_util\program_generator.rs:40:5
   |
34 | pub struct ProgramGenerator {
   |            ---------------- field in this struct
...
40 |     seed: u64,
   |     ^^^^

warning: method `seed` is never used
  --> crates\auto-lang\src\tests\test_util\program_generator.rs:54:12
   |
43 | impl ProgramGenerator {
   | --------------------- method in this implementation
...
54 |     pub fn seed(&self) -> u64 {
   |            ^^^^

warning: function `collect_snapshot` is never used
  --> crates\auto-lang\src\tests\plan639_bp_tests.rs:33:4
   |
33 | fn collect_snapshot(node: &crate::aura::AuraNode, tags: &mut Vec<String>, texts: &mut Vec<String>) {
   |    ^^^^^^^^^^^^^^^^

warning: function `locate_app_at` is never used
  --> crates\auto-lang\src\plan370_test_support.rs:21:15
   |
21 | pub(crate) fn locate_app_at() -> Option<PathBuf> {
   |               ^^^^^^^^^^^^^

warning: field `root` is never read
   --> crates\auto-lang\src\ui\image_pipeline.rs:983:5
    |
981 | struct MediaSession {
    |        ------------ field in this struct
982 |     id: String,
983 |     root: PathBuf,
    |     ^^^^
    |
    = note: `MediaSession` has a derived impl for the trait `Debug`, but this is intentionally ignored during dead code analysis

warning: constant `DEFAULT_FG` is never used
   --> crates\auto-lang\src\ui\terminal\iced\widget.rs:102:7
    |
102 | const DEFAULT_FG: Color = Color::from_rgb8(0xe8, 0xe8, 0xe8);
    |       ^^^^^^^^^^

warning: function `row_rebuilds` is never used
   --> crates\auto-lang\src\ui\terminal\iced\widget.rs:160:15
    |
160 | pub(crate) fn row_rebuilds() -> u64 {
    |               ^^^^^^^^^^^^

warning: function `row_rebuilds_reset` is never used
   --> crates\auto-lang\src\ui\terminal\iced\widget.rs:165:15
    |
165 | pub(crate) fn row_rebuilds_reset() -> u64 {
    |               ^^^^^^^^^^^^^^^^^^

warning: function `test_grid_map_msg_remaps_cells` is never used
    --> crates\auto-lang\src\ui\view.rs:4736:8
     |
4736 |     fn test_grid_map_msg_remaps_cells() {
     |        ^^^^^^^^^^^^^^^^^^^^^^^^^^^^^^

warning: function `backfill_bounds_sets_bounds_and_box_model` is never used
   --> crates\auto-lang\src\ui\debug\inspector_cache.rs:319:8
    |
319 |     fn backfill_bounds_sets_bounds_and_box_model() {
    |        ^^^^^^^^^^^^^^^^^^^^^^^^^^^^^^^^^^^^^^^^^

warning: method `retain_heap_result` is never used
    --> crates\auto-lang\src\ui\vm_bridge.rs:2550:8
     |
 557 | impl VmBridge {
     | ------------- method in this implementation
...
2550 |     fn retain_heap_result(&self, out: &Value) {
     |        ^^^^^^^^^^^^^^^^^^

warning: function `rewrite_stmt` is never used
   --> crates\auto-lang\src\ui\handler_codegen.rs:338:4
    |
338 | fn rewrite_stmt(stmt: &mut Stmt, state_fields: &HashSet<String>) {
    |    ^^^^^^^^^^^^

warning: function `synthesize_handler_fn_from_decl` is never used
    --> crates\auto-lang\src\ui\handler_codegen.rs:1819:4
     |
1819 | fn synthesize_handler_fn_from_decl(
     |    ^^^^^^^^^^^^^^^^^^^^^^^^^^^^^^^

warning: function `skeleton_children` is never used
   --> crates\auto-lang\src\ui\memo_deps.rs:941:4
    |
941 | fn skeleton_children(children: &[AuraNode], h: &mut std::collections::hash_map::DefaultHasher) {
    |    ^^^^^^^^^^^^^^^^^

warning: function `wire_round_trip_full_family` is never used
    --> crates\auto-lang\src\ui\shell_projection.rs:1614:8
     |
1614 |     fn wire_round_trip_full_family() {
     |        ^^^^^^^^^^^^^^^^^^^^^^^^^^^

warning: constant `INPUT_H` is never used
   --> crates\auto-lang\src\ui\desktop_protocol\client_runtime.rs:113:7
    |
113 | const INPUT_H: f32 = 32.0;
    |       ^^^^^^^

warning: constant `INPUT_PAD` is never used
   --> crates\auto-lang\src\ui\desktop_protocol\client_runtime.rs:114:7
    |
114 | const INPUT_PAD: f32 = 10.0;
    |       ^^^^^^^^^

warning: field `font_italic` is never read
   --> crates\auto-lang\src\ui\desktop_protocol\client_runtime.rs:149:16
    |
124 | pub(crate) struct NodeStyle {
    |                   --------- field in this struct
...
149 |     pub(crate) font_italic: bool,
    |                ^^^^^^^^^^^
    |
    = note: `NodeStyle` has a derived impl for the trait `Clone`, but this is intentionally ignored during dead code analysis

warning: static `PUMP_T0` is never used
   --> crates\auto-lang\src\ui\desktop_protocol\client_runtime.rs:472:8
    |
472 | static PUMP_T0: std::sync::OnceLock<std::time::Instant> = std::sync::OnceLock::new();
    |        ^^^^^^^

warning: function `t0` is never used
   --> crates\auto-lang\src\ui\desktop_protocol\client_runtime.rs:474:4
    |
474 | fn t0() -> std::time::Instant {
    |    ^^

warning: function `example_source_all` is never used
   --> crates\auto-lang\src\ui\desktop_protocol\stage3.rs:349:8
    |
349 |     fn example_source_all(dir: &str) -> String {
    |        ^^^^^^^^^^^^^^^^^^

warning: variant `ScrollMoved` is never constructed
   --> crates\auto-lang\src\ui\desktop_protocol\stage3.rs:412:9
    |
410 |     pub enum P029Msg {
    |              ------- variant in this enum
411 |         BufChanged,
412 |         ScrollMoved(f32, f32),
    |         ^^^^^^^^^^^
    |
    = note: `P029Msg` has derived impls for the traits `Debug` and `Clone`, but these are intentionally ignored during dead code analysis

warning: function `quads_of` is never used
    --> crates\auto-lang\src\ui\desktop_protocol\stage3.rs:2603:12
     |
2603 |         fn quads_of(ops: &[DrawOp]) -> Vec<(f32, f32, f32, f32)> {
     |            ^^^^^^^^

warning: struct `RECT` is never constructed
    --> crates\auto-lang\src\ui\desktop_protocol\stage3.rs:5430:16
     |
5430 |         struct RECT {
     |                ^^^^

warning: function `lparam_of` is never used
    --> crates\auto-lang\src\ui\desktop_protocol\stage3.rs:5514:16
     |
5514 |         pub fn lparam_of(x: i32, y: i32) -> isize {
     |                ^^^^^^^^^

warning: function `load_blue_test_icon` is never used
    --> crates\auto-lang\src\ui\native_dock\win32.rs:1841:4
     |
1841 | fn load_blue_test_icon() -> windows::Win32::UI::WindowsAndMessaging::HICON {
     |    ^^^^^^^^^^^^^^^^^^^

warning: function `parse_aura_id` is never used
    --> crates\auto-lang\src\ui\mcp_server.rs:3336:4
     |
3336 | fn parse_aura_id(s: &str) -> Option<AuraNodeId> {
     |    ^^^^^^^^^^^^^

warning: function `view_kind_str` is never used
    --> crates\auto-lang\src\ui\mcp_server.rs:3476:4
     |
3476 | fn view_kind_str(view: &View<DynamicMessage>) -> &'static str {
     |    ^^^^^^^^^^^^^

warning: multiple associated items are never used
     --> crates\auto-lang\src\ui\aura_view_builder.rs:3616:8
      |
  298 | impl<'a> AuraViewBuilder<'a> {
      | ---------------------------- associated items in this implementation
...
 3616 |     fn autodown_scroll_binding(
      |        ^^^^^^^^^^^^^^^^^^^^^^^
...
 3729 |     fn autodown_table_widths(
      |        ^^^^^^^^^^^^^^^^^^^^^
...
 3770 |     fn autodown_on_col_resize_binding(
      |        ^^^^^^^^^^^^^^^^^^^^^^^^^^^^^^
...
 3795 |     fn autodown_padding_class(
      |        ^^^^^^^^^^^^^^^^^^^^^^
...
 3814 |     fn autodown_placeholder(
      |        ^^^^^^^^^^^^^^^^^^^^
...
 3853 |     fn autodown_on_focus_binding(
      |        ^^^^^^^^^^^^^^^^^^^^^^^^^
...
 5321 |     fn icon_to_emoji(icon: &str) -> Option<&'static str> {
      |        ^^^^^^^^^^^^^
...
 5450 |     fn render_outlet(&self, bindings: &Bindings) -> View<DynamicMessage> {
      |        ^^^^^^^^^^^^^
...
 9308 |     fn modal_dialog_family(tag: &str) -> ModalDialogFamily {
      |        ^^^^^^^^^^^^^^^^^^^
...
13933 |     fn extract_f64(
      |        ^^^^^^^^^^^

warning: constant `LEADING_EMPTY` is never used
    --> crates\auto-lang\src\ui\aura_view_builder.rs:9191:35
     |
9191 | ...                   const LEADING_EMPTY: &str = "w-4 h-4 shrink-0";
     |                             ^^^^^^^^^^^^^

warning: function `svg_attr_literal` is never used
     --> crates\auto-lang\src\ui\aura_view_builder.rs:20357:4
      |
20357 | fn svg_attr_literal(expr: &Expr) -> Option<String> {
      |    ^^^^^^^^^^^^^^^^

warning: function `test_autodown_widget_true_render` is never used
     --> crates\auto-lang\src\ui\aura_view_builder.rs:16276:8
      |
16276 |     fn test_autodown_widget_true_render() {
      |        ^^^^^^^^^^^^^^^^^^^^^^^^^^^^^^^^

warning: function `onkeydown_suffix` is never used
    --> crates\auto-lang\src\ui\dynamic.rs:3058:4
     |
3058 | fn onkeydown_suffix(event_key: &str) -> Option<&str> {
     |    ^^^^^^^^^^^^^^^^

warning: variants `Handler` and `Swallow` are never constructed
   --> crates\auto-lang\src\ui\iced\renderer.rs:153:5
    |
138 | enum LineEditOp {
    |      ---------- variants in this enum
...
153 |     Handler,
    |     ^^^^^^^
...
161 |     Swallow,
    |     ^^^^^^^
    |
    = note: `LineEditOp` has derived impls for the traits `Clone` and `Debug`, but these are intentionally ignored during dead code analysis

warning: function `table_cell_container` is never used
    --> crates\auto-lang\src\ui\iced\renderer.rs:1578:4
     |
1578 | fn table_cell_container<'a, M: 'static>(
     |    ^^^^^^^^^^^^^^^^^^^^

warning: function `table_row_rule` is never used
    --> crates\auto-lang\src\ui\iced\renderer.rs:1603:4
     |
1603 | fn table_row_rule<M: 'static>() -> iced::Element<'static, M> {
     |    ^^^^^^^^^^^^^^

warning: function `build_floating_layer` is never used
    --> crates\auto-lang\src\ui\iced\renderer.rs:3054:4
     |
3054 | fn build_floating_layer<M: Clone + Debug + 'static>(
     |    ^^^^^^^^^^^^^^^^^^^^

warning: function `build_floating_layer_capture` is never used
    --> crates\auto-lang\src\ui\iced\renderer.rs:3063:4
     |
3063 | fn build_floating_layer_capture<M: Clone + Debug + 'static>(
     |    ^^^^^^^^^^^^^^^^^^^^^^^^^^^^

warning: function `widget_tick` is never used
    --> crates\auto-lang\src\ui\iced\renderer.rs:8400:4
     |
8400 | fn widget_tick(
     |    ^^^^^^^^^^^

warning: field `id` is never read
     --> crates\auto-lang\src\ui\iced\renderer.rs:10573:5
      |
10572 | pub(crate) struct ToastReq {
      |                   -------- field in this struct
10573 |     id: u64,
      |     ^^

warning: function `target_slot_default` is never used
     --> crates\auto-lang\src\ui\iced\renderer.rs:15303:4
      |
15303 | fn target_slot_default() -> usize {
      |    ^^^^^^^^^^^^^^^^^^^

warning: function `ade_fg_dark` is never used
     --> crates\auto-lang\src\ui\iced\renderer.rs:36869:4
      |
36869 | fn ade_fg_dark() -> crate::ui::code_editor::theme::Rgba {
      |    ^^^^^^^^^^^

warning: function `ade_fg_light` is never used
     --> crates\auto-lang\src\ui\iced\renderer.rs:36872:4
      |
36872 | fn ade_fg_light() -> crate::ui::code_editor::theme::Rgba {
      |    ^^^^^^^^^^^^

warning: field `0` is never read
     --> crates\auto-lang\src\ui\iced\renderer.rs:31697:9
      |
31696 |     struct StorageTestIsolation(
      |            -------------------- field in this struct
31697 |         std::sync::MutexGuard<'static, ()>,
      |         ^^^^^^^^^^^^^^^^^^^^^^^^^^^^^^^^^^
      |
help: consider changing the field to be of unit type to suppress this warning while preserving the field numbering, or remove the field
      |
31697 -         std::sync::MutexGuard<'static, ()>,
31697 +         (),
      |

warning: field `0` is never read
     --> crates\auto-lang\src\ui\iced\renderer.rs:34889:16
      |
34889 |         Toggle(bool),
      |         ------ ^^^^
      |         |
      |         field in this variant
      |
      = note: `TestMessage` has derived impls for the traits `Debug` and `Clone`, but these are intentionally ignored during dead code analysis
help: consider changing the field to be of unit type to suppress this warning while preserving the field numbering, or remove the field
      |
34889 -         Toggle(bool),
34889 +         Toggle(()),
      |

warning: struct `HostFixture` is never constructed
  --> crates\auto-lang\src\tests\plan632_demo_bridge_tests.rs:21:8
   |
21 | struct HostFixture {
   |        ^^^^^^^^^^^

warning: struct `Fixture` is never constructed
  --> crates\auto-lang\src\tests\plan633_fullstack_embed_tests.rs:16:8
   |
16 | struct Fixture {
   |        ^^^^^^^

warning: variable `_stake__disc` should have a snake case name
    --> crates\auto-lang\src\vm\native.rs:3845:13
     |
3845 |         let _stake__disc = crate::vm::native::StakeGuard::nv(vm, _disc);
     |             ^^^^^^^^^^^^ help: convert the identifier to snake case: `_stake_disc`
     |
     = note: `#[warn(non_snake_case)]` (part of `#[warn(nonstandard_style)]`) on by default

warning: variable `_stake__closure_id` should have a snake case name
    --> crates\auto-lang\src\vm\native.rs:4209:9
     |
4209 |     let _stake__closure_id = crate::vm::native::StakeGuard::new(vm, _closure_id as i64 as u64);
     |         ^^^^^^^^^^^^^^^^^^ help: convert the identifier to snake case: `_stake_closure_id`

warning: variable `_stake__func_addr` should have a snake case name
    --> crates\auto-lang\src\vm\native.rs:5215:9
     |
5215 |     let _stake__func_addr = crate::vm::native::StakeGuard::new(vm, _func_addr as i64 as u64); // Not used in MVP
     |         ^^^^^^^^^^^^^^^^^ help: convert the identifier to snake case: `_stake_func_addr`

warning: variable `_stake__func_addr` should have a snake case name
    --> crates\auto-lang\src\vm\native.rs:5269:9
     |
5269 |     let _stake__func_addr = crate::vm::native::StakeGuard::new(vm, _func_addr as i64 as u64); // Not used in MVP
     |         ^^^^^^^^^^^^^^^^^ help: convert the identifier to snake case: `_stake_func_addr`

warning: variable `_stake__capacity` should have a snake case name
    --> crates\auto-lang\src\vm\native.rs:6026:9
     |
6026 |     let _stake__capacity = crate::vm::native::StakeGuard::new(vm, _capacity as i64 as u64);
     |         ^^^^^^^^^^^^^^^^ help: convert the identifier to snake case: `_stake_capacity`

warning: variable `_stake__capacity` should have a snake case name
    --> crates\auto-lang\src\vm\native.rs:6858:9
     |
6858 |     let _stake__capacity = crate::vm::native::StakeGuard::new(vm, _capacity as i64 as u64);
     |         ^^^^^^^^^^^^^^^^ help: convert the identifier to snake case: `_stake_capacity`

warning: variable `_stake__arr_id` should have a snake case name
    --> crates\auto-lang\src\vm\native.rs:7371:9
     |
7371 |     let _stake__arr_id = crate::vm::native::StakeGuard::new(vm, _arr_id as i64 as u64);
     |         ^^^^^^^^^^^^^^ help: convert the identifier to snake case: `_stake_arr_id`

warning: variable `_stake__inst_id` should have a snake case name
    --> crates\auto-lang\src\vm\native.rs:7476:9
     |
7476 |     let _stake__inst_id = crate::vm::native::StakeGuard::new(vm, _inst_id as i64 as u64);
     |         ^^^^^^^^^^^^^^^ help: convert the identifier to snake case: `_stake_inst_id`

warning: variable `_stake__inst_id` should have a snake case name
    --> crates\auto-lang\src\vm\native.rs:7489:9
     |
7489 |     let _stake__inst_id = crate::vm::native::StakeGuard::new(vm, _inst_id as i64 as u64);
     |         ^^^^^^^^^^^^^^^ help: convert the identifier to snake case: `_stake_inst_id`

warning: calls to `std::mem::drop` with a value that implements `Copy` does nothing
    --> crates\auto-lang\src\vm\ffi\stdlib.rs:9779:13
     |
9779 |             drop(i64::pop_from_stack(task, vm).unwrap_or(0));
     |             ^^^^^------------------------------------------^
     |                  |
     |                  argument has type `i64`
     |
     = note: `#[warn(dropping_copy_types)]` on by default
help: use `let _ = ...` to ignore the expression or result
     |
9779 -             drop(i64::pop_from_stack(task, vm).unwrap_or(0));
9779 +             let _ = i64::pop_from_stack(task, vm).unwrap_or(0);
     |

warning: calls to `std::mem::drop` with a value that implements `Copy` does nothing
    --> crates\auto-lang\src\vm\ffi\stdlib.rs:9783:13
     |
9783 |             drop(i64::pop_from_stack(task, vm).unwrap_or(0));
     |             ^^^^^------------------------------------------^
     |                  |
     |                  argument has type `i64`
     |
help: use `let _ = ...` to ignore the expression or result
     |
9783 -             drop(i64::pop_from_stack(task, vm).unwrap_or(0));
9783 +             let _ = i64::pop_from_stack(task, vm).unwrap_or(0);
     |

warning: comparison is useless due to type limits
     --> crates\auto-lang\src\vm\ffi\stdlib.rs:11723:21
      |
11723 |             assert!(iter_id >= 0, "subscribe returns a real iterator id, got {iter_id}");
      |                     ^^^^^^^^^^^^
      |
      = note: `#[warn(unused_comparisons)]` on by default

warning: variable `_stake__cfg` should have a snake case name
   --> crates\auto-lang\src\vm\ffi\musk_response_ctor.rs:836:16
    |
836 |     let (_cfg, _stake__cfg) = pop_value_staked(task, vm); // config Value (unused for the default)
    |                ^^^^^^^^^^^ help: convert the identifier to snake case: `_stake_cfg`

warning: calls to `std::str::from_utf8` with an invalid literal always return an error
   --> crates\auto-lang\src\tests\ffi_tests.rs:238:20
    |
237 |     let bytes: &[u8] = &[0xFF, 0xFE];
    |                         ------------ the literal was valid UTF-8 up to the 0 bytes
238 |     let utf8_err = std::str::from_utf8(bytes).unwrap_err();
    |                    ^^^^^^^^^^^^^^^^^^^^^^^^^^
    |
    = note: `#[warn(invalid_from_utf8)]` on by default

warning: using `.clone()` on a double reference, which returns `&view::View<ui::interpreter::bridge::DynamicMessage>` instead of cloning the inner type
   --> crates\auto-lang\src\tests\plan536_t1_reactive_probe_tests.rs:613:69
    |
613 |             View::Button { label, .. } if label == "noz-x" => Some(v.clone()),
    |                                                                     ^^^^^^^^
    |
    = note: `#[warn(suspicious_double_ref_op)]` on by default

warning: function `test_prop_initialized_state_var_sees_defineProps_first` should have a snake case name
  --> crates\auto-lang\src\tests\autodown_codegen_debts_tests.rs:32:8
   |
32 |     fn test_prop_initialized_state_var_sees_defineProps_first() {
   |        ^^^^^^^^^^^^^^^^^^^^^^^^^^^^^^^^^^^^^^^^^^^^^^^^^^^^^^ help: convert the identifier to snake case: `test_prop_initialized_state_var_sees_define_props_first`

warning: function `test_vfor_unknown_source_reports_R012_error` should have a snake case name
  --> crates\auto-lang\src\tests\autodown_codegen_debts_tests.rs:64:8
   |
64 |     fn test_vfor_unknown_source_reports_R012_error() {
   |        ^^^^^^^^^^^^^^^^^^^^^^^^^^^^^^^^^^^^^^^^^^^ help: convert the identifier to snake case: `test_vfor_unknown_source_reports_r012_error`

warning: function `test_vfor_known_sources_report_no_R012` should have a snake case name
   --> crates\auto-lang\src\tests\autodown_codegen_debts_tests.rs:107:8
    |
107 |     fn test_vfor_known_sources_report_no_R012() {
    |        ^^^^^^^^^^^^^^^^^^^^^^^^^^^^^^^^^^^^^^ help: convert the identifier to snake case: `test_vfor_known_sources_report_no_r012`

warning: for loop over a `&Option`. This is more readably written as an `if let` statement
   --> crates\auto-lang\src\ui\vm_bridge.rs:539:15
    |
539 |     for on in &decl.on {
    |               ^^^^^^^^
    |
    = note: `#[warn(for_loops_over_fallibles)]` on by default
help: to check pattern in a loop use `while let`
    |
539 -     for on in &decl.on {
539 +     while let Some(on) = &decl.on {
    |
help: consider using `if let` to clear intent
    |
539 -     for on in &decl.on {
539 +     if let Some(on) = &decl.on {
    |

warning: calls to `std::mem::drop` with a reference instead of an owned value does nothing
    --> crates\auto-lang\src\ui\session.rs:8773:9
     |
8773 |         drop(host);
     |         ^^^^^----^
     |              |
     |              argument has type `&mut HostCtx`
     |
     = note: `#[warn(dropping_references)]` on by default
help: use `let _ = ...` to ignore the expression or result
     |
8773 -         drop(host);
8773 +         let _ = host;
     |

warning: calls to `std::mem::drop` with a reference instead of an owned value does nothing
    --> crates\auto-lang\src\ui\session.rs:8795:9
     |
8795 |         drop(host);
     |         ^^^^^----^
     |              |
     |              argument has type `&HostCtx`
     |
help: use `let _ = ...` to ignore the expression or result
     |
8795 -         drop(host);
8795 +         let _ = host;
     |

warning: calls to `std::mem::drop` with a reference instead of an owned value does nothing
    --> crates\auto-lang\src\ui\session.rs:8805:9
     |
8805 |         drop(host);
     |         ^^^^^----^
     |              |
     |              argument has type `&HostCtx`
     |
help: use `let _ = ...` to ignore the expression or result
     |
8805 -         drop(host);
8805 +         let _ = host;
     |

warning: calls to `std::mem::drop` with a reference instead of an owned value does nothing
    --> crates\auto-lang\src\ui\session.rs:8810:9
     |
8810 |         drop(host);
     |         ^^^^^----^
     |              |
     |              argument has type `&HostCtx`
     |
help: use `let _ = ...` to ignore the expression or result
     |
8810 -         drop(host);
8810 +         let _ = host;
     |

warning: calls to `std::mem::drop` with a reference instead of an owned value does nothing
    --> crates\auto-lang\src\ui\session.rs:8835:9
     |
8835 |         drop(host);
     |         ^^^^^----^
     |              |
     |              argument has type `&HostCtx`
     |
help: use `let _ = ...` to ignore the expression or result
     |
8835 -         drop(host);
8835 +         let _ = host;
     |

warning: calls to `std::mem::drop` with a reference instead of an owned value does nothing
    --> crates\auto-lang\src\ui\session.rs:8846:9
     |
8846 |         drop(host);
     |         ^^^^^----^
     |              |
     |              argument has type `&HostCtx`
     |
help: use `let _ = ...` to ignore the expression or result
     |
8846 -         drop(host);
8846 +         let _ = host;
     |

warning: unused `BOOL` that must be used
   --> crates\auto-lang\src\ui\desktop_protocol\win_ime.rs:321:9
    |
321 |         ImmReleaseContext(hwnd, himc);
    |         ^^^^^^^^^^^^^^^^^^^^^^^^^^^^^
    |
    = note: `#[warn(unused_must_use)]` (part of `#[warn(unused)]`) on by default
help: use `let _ = ...` to ignore the resulting value
    |
321 |         let _ = ImmReleaseContext(hwnd, himc);
    |         +++++++

warning: unused `BOOL` that must be used
   --> crates\auto-lang\src\ui\desktop_protocol\win_ime.rs:151:26
    |
151 |                 unsafe { ImmReleaseContext(hwnd, himc) };
    |                          ^^^^^^^^^^^^^^^^^^^^^^^^^^^^^
    |
help: use `let _ = ...` to ignore the resulting value
    |
151 |                 unsafe { let _ = ImmReleaseContext(hwnd, himc); };
    |                          +++++++                              +

warning: direct cast of function item into an integer
   --> crates\auto-lang\src\ui\desktop_protocol\win_ime.rs:177:25
    |
177 |             ime_wndproc as usize as isize,
    |                         ^^^^^^^^
    |
    = note: `#[warn(function_casts_as_integer)]` on by default
help: first cast to a pointer `as *const ()`
    |
177 |             ime_wndproc as *const () as usize as isize,
    |                         ++++++++++++

warning: structure field `PageFaultCount` should have a snake case name
   --> crates\auto-lang\src\ui\desktop_protocol\stage3.rs:162:13
    |
162 |         pub PageFaultCount: u32,
    |             ^^^^^^^^^^^^^^ help: convert the identifier to snake case: `page_fault_count`

warning: structure field `PeakWorkingSetSize` should have a snake case name
   --> crates\auto-lang\src\ui\desktop_protocol\stage3.rs:163:13
    |
163 |         pub PeakWorkingSetSize: usize,
    |             ^^^^^^^^^^^^^^^^^^ help: convert the identifier to snake case: `peak_working_set_size`

warning: structure field `WorkingSetSize` should have a snake case name
   --> crates\auto-lang\src\ui\desktop_protocol\stage3.rs:164:13
    |
164 |         pub WorkingSetSize: usize,
    |             ^^^^^^^^^^^^^^ help: convert the identifier to snake case: `working_set_size`

warning: structure field `QuotaPeakPagedPoolUsage` should have a snake case name
   --> crates\auto-lang\src\ui\desktop_protocol\stage3.rs:165:13
    |
165 |         pub QuotaPeakPagedPoolUsage: usize,
    |             ^^^^^^^^^^^^^^^^^^^^^^^ help: convert the identifier to snake case: `quota_peak_paged_pool_usage`

warning: structure field `QuotaPagedPoolUsage` should have a snake case name
   --> crates\auto-lang\src\ui\desktop_protocol\stage3.rs:166:13
    |
166 |         pub QuotaPagedPoolUsage: usize,
    |             ^^^^^^^^^^^^^^^^^^^ help: convert the identifier to snake case: `quota_paged_pool_usage`

warning: structure field `QuotaPeakNonPagedPoolUsage` should have a snake case name
   --> crates\auto-lang\src\ui\desktop_protocol\stage3.rs:167:13
    |
167 |         pub QuotaPeakNonPagedPoolUsage: usize,
    |             ^^^^^^^^^^^^^^^^^^^^^^^^^^ help: convert the identifier to snake case: `quota_peak_non_paged_pool_usage`

warning: structure field `QuotaNonPagedPoolUsage` should have a snake case name
   --> crates\auto-lang\src\ui\desktop_protocol\stage3.rs:168:13
    |
168 |         pub QuotaNonPagedPoolUsage: usize,
    |             ^^^^^^^^^^^^^^^^^^^^^^ help: convert the identifier to snake case: `quota_non_paged_pool_usage`

warning: structure field `PagefileUsage` should have a snake case name
   --> crates\auto-lang\src\ui\desktop_protocol\stage3.rs:169:13
    |
169 |         pub PagefileUsage: usize,
    |             ^^^^^^^^^^^^^ help: convert the identifier to snake case: `pagefile_usage`

warning: structure field `PeakPagefileUsage` should have a snake case name
   --> crates\auto-lang\src\ui\desktop_protocol\stage3.rs:170:13
    |
170 |         pub PeakPagefileUsage: usize,
    |             ^^^^^^^^^^^^^^^^^ help: convert the identifier to snake case: `peak_pagefile_usage`

warning: structure field `PrivateUsage` should have a snake case name
   --> crates\auto-lang\src\ui\desktop_protocol\stage3.rs:171:13
    |
171 |         pub PrivateUsage: usize,
    |             ^^^^^^^^^^^^ help: convert the identifier to snake case: `private_usage`

warning: unused `iced::Task` that must be used
    --> crates\auto-lang\src\ui\desktop_protocol\stage3.rs:1246:9
     |
1246 |         crate::ui::iced::renderer::summon_launcher(&mut session);
     |         ^^^^^^^^^^^^^^^^^^^^^^^^^^^^^^^^^^^^^^^^^^^^^^^^^^^^^^^^
     |
     = note: `Task` must be returned to the runtime to take effect; normally in your `update` or `new` functions.
help: use `let _ = ...` to ignore the resulting value
     |
1246 |         let _ = crate::ui::iced::renderer::summon_launcher(&mut session);
     |         +++++++

warning: unused `std::result::Result` that must be used
    --> crates\auto-lang\src\ui\desktop_protocol\stage3.rs:3638:9
     |
3638 | /         server_end.send(&ph.endpoint.close().unwrap_or(
3639 | |             crate::ui::desktop_protocol::message::ProtocolMsg::Handshake(
3640 | |                 crate::ui::desktop_protocol::message::HandshakeMsg::Ready))); // no-op 填充，真实断连靠 drop
     | |____________________________________________________________________________^
     |
     = note: this `Result` may be an `Err` variant, which should be handled
help: use `let _ = ...` to ignore the resulting value
     |
3638 |         let _ = server_end.send(&ph.endpoint.close().unwrap_or(
     |         +++++++

warning: direct cast of function item into an integer
    --> crates\auto-lang\src\ui\desktop_protocol\stage3.rs:5461:37
     |
5461 |                 EnumWindows(on_enum as isize, &ctx as *const RefCell<Ctx> as isize);
     |                                     ^^^^^^^^
     |
help: first cast to a pointer `as *const ()`
     |
5461 |                 EnumWindows(on_enum as *const () as isize, &ctx as *const RefCell<Ctx> as isize);
     |                                     ++++++++++++

warning: direct cast of function item into an integer
    --> crates\auto-lang\src\ui\desktop_protocol\stage3.rs:5501:37
     |
5501 |                 EnumWindows(on_enum as isize, &ctx as *const RefCell<Ctx> as isize);
     |                                     ^^^^^^^^
     |
help: first cast to a pointer `as *const ()`
     |
5501 |                 EnumWindows(on_enum as *const () as isize, &ctx as *const RefCell<Ctx> as isize);
     |                                     ++++++++++++

warning: unused `std::result::Result` that must be used
     --> crates\auto-lang\src\ui\aura_view_builder.rs:19255:9
      |
19255 | /         bridge.write_state(
19256 | |             "mentionNames",
19257 | |             Value::Array(auto_val::Array::from(vec![
19258 | |                 Value::Str("assistant".into()),
19259 | |                 Value::Str("Planner".into()),
19260 | |             ])),
19261 | |         );
      | |_________^
      |
      = note: this `Result` may be an `Err` variant, which should be handled
help: use `let _ = ...` to ignore the resulting value
      |
19255 |         let _ = bridge.write_state(
      |         +++++++

warning: calls to `std::mem::drop` with a reference instead of an owned value does nothing
     --> crates\auto-lang\src\ui\iced\renderer.rs:14003:5
      |
14003 |     drop(host);
      |     ^^^^^----^
      |          |
      |          argument has type `&HostCtx`
      |
help: use `let _ = ...` to ignore the expression or result
      |
14003 -     drop(host);
14003 +     let _ = host;
      |

warning: calls to `std::mem::drop` with a reference instead of an owned value does nothing
     --> crates\auto-lang\src\ui\iced\renderer.rs:31132:9
      |
31132 |         drop(app);
      |         ^^^^^---^
      |              |
      |              argument has type `&AppSession`
      |
help: use `let _ = ...` to ignore the expression or result
      |
31132 -         drop(app);
31132 +         let _ = app;
      |

warning: calls to `std::mem::drop` with a reference instead of an owned value does nothing
     --> crates\auto-lang\src\ui\iced\renderer.rs:31905:9
      |
31905 |         drop(host);
      |         ^^^^^----^
      |              |
      |              argument has type `&HostCtx`
      |
help: use `let _ = ...` to ignore the expression or result
      |
31905 -         drop(host);
31905 +         let _ = host;
      |

warning: unused `std::result::Result` that must be used
     --> crates\auto-lang\src\ui\iced\renderer.rs:33598:9
      |
33598 |         crate::ui::desktop_config::save_to(&cfg_path, &cfg);
      |         ^^^^^^^^^^^^^^^^^^^^^^^^^^^^^^^^^^^^^^^^^^^^^^^^^^^
      |
      = note: this `Result` may be an `Err` variant, which should be handled
help: use `let _ = ...` to ignore the resulting value
      |
33598 |         let _ = crate::ui::desktop_config::save_to(&cfg_path, &cfg);
      |         +++++++

warning: unused `std::result::Result` that must be used
     --> crates\auto-lang\src\ui\iced\renderer.rs:33617:9
      |
33617 |         crate::ui::desktop_config::save(&ds.desktop.config);
      |         ^^^^^^^^^^^^^^^^^^^^^^^^^^^^^^^^^^^^^^^^^^^^^^^^^^^
      |
      = note: this `Result` may be an `Err` variant, which should be handled
help: use `let _ = ...` to ignore the resulting value
      |
33617 |         let _ = crate::ui::desktop_config::save(&ds.desktop.config);
      |         +++++++

warning: `K32GetProcessMemoryInfo` redeclared with a different signature
   --> crates\auto-lang\src\ui\desktop_protocol\stage3.rs:148:9
    |
148 | /         fn K32GetProcessMemoryInfo(
149 | |             hProcess: isize,
150 | |             ppsmemCounters: *mut PROCESS_MEMORY_COUNTERS,
151 | |             cb: u32,
152 | |         ) -> i32;
    | |_________________^ this signature doesn't match the previous declaration
    |
   ::: crates\auto-lang\src\ui\mem_guard.rs:256:9
    |
256 | /         fn K32GetProcessMemoryInfo(
257 | |             process: *mut core::ffi::c_void,
258 | |             counters: *mut ProcessMemoryCounters,
259 | |             cb: u32,
260 | |         ) -> i32;
    | |_________________- `K32GetProcessMemoryInfo` previously declared here
    |
    = note: expected `unsafe extern "system" fn(*mut c_void, *mut ProcessMemoryCounters, u32) -> i32`
               found `unsafe extern "system" fn(isize, *mut PROCESS_MEMORY_COUNTERS, u32) -> i32`
    = note: `#[warn(clashing_extern_declarations)]` on by default

warning: `EnumWindows` redeclared with a different signature
    --> crates\auto-lang\src\ui\desktop_protocol\stage3.rs:5418:13
     |
5418 |             fn EnumWindows(lpEnumFunc: isize, lParam: isize) -> i32;
     |             ^^^^^^^^^^^^^^^^^^^^^^^^^^^^^^^^^^^^^^^^^^^^^^^^^^^^^^^^ this signature doesn't match the previous declaration
     |
    ::: crates\auto-lang\src\vm\native.rs:1632:9
     |
1632 |         fn EnumWindows(cb: extern "system" fn(isize, isize) -> i32, lparam: isize) -> i32;
     |         ---------------------------------------------------------------------------------- `EnumWindows` previously declared here
     |
     = note: expected `unsafe extern "system" fn(extern "system" fn(isize, isize) -> i32, isize) -> i32`
                found `unsafe extern "system" fn(isize, isize) -> i32`

warning: `auto-lang` (lib test) generated 523 warnings (run `cargo fix --lib -p auto-lang --tests` to apply 281 suggestions)
    Finished `test` profile [unoptimized + debuginfo] target(s) in 0.97s
────────────
 Nextest run ID 625a79bd-16b0-4db1-95df-0113432536d9 with nextest profile: tv
    Starting 162 tests across 1 binary (6330 tests skipped, including 5818 tests via profile.tv.default-filter)
        PASS [   0.116s] (  1/162) auto-lang tests::conformance_tests::conformance_014_float_arith
        PASS [   0.117s] (  2/162) auto-lang tests::conformance_tests::conformance_006_struct_access
        PASS [   0.133s] (  3/162) auto-lang tests::conformance_tests::conformance_004_for_range
        PASS [   0.132s] (  4/162) auto-lang tests::conformance_tests::conformance_013_negation
        PASS [   0.150s] (  5/162) auto-lang tests::conformance_tests::conformance_018_for_iterator
        PASS [   0.151s] (  6/162) auto-lang tests::conformance_tests::conformance_003_if_else
        PASS [   0.151s] (  7/162) auto-lang tests::conformance_tests::conformance_002_str_concat
        PASS [   0.168s] (  8/162) auto-lang tests::conformance_tests::conformance_016_loop_break
        PASS [   0.168s] (  9/162) auto-lang tests::conformance_tests::conformance_005_fstring
        PASS [   0.167s] ( 10/162) auto-lang tests::conformance_tests::conformance_010_array_index
        PASS [   0.169s] ( 11/162) auto-lang tests::conformance_tests::conformance_011_int_div
        PASS [   0.197s] ( 12/162) auto-lang tests::conformance_tests::conformance_015_nested_if
        PASS [   0.213s] ( 13/162) auto-lang tests::conformance_tests::conformance_001_int_add
        PASS [   0.213s] ( 14/162) auto-lang tests::conformance_tests::conformance_012_int_mod
        PASS [   0.213s] ( 15/162) auto-lang tests::conformance_tests::conformance_009_comparison
        PASS [   0.225s] ( 16/162) auto-lang tests::conformance_tests::conformance_008_arithmetic
        PASS [   0.225s] ( 17/162) auto-lang tests::conformance_tests::conformance_007_func_call
        PASS [   0.210s] ( 18/162) auto-lang tests::conformance_tests::conformance_019_enum_scalar
        PASS [   0.210s] ( 19/162) auto-lang tests::conformance_tests::conformance_020_enum_match
        PASS [   0.226s] ( 20/162) auto-lang tests::conformance_tests::conformance_022_list_push_pop
        PASS [   0.227s] ( 21/162) auto-lang tests::conformance_tests::conformance_017_loop_continue
        PASS [   0.245s] ( 22/162) auto-lang tests::conformance_tests::conformance_021_string_methods
        PASS [   0.160s] ( 23/162) auto-lang tests::conformance_tests::conformance_024_map_basic
        PASS [   0.160s] ( 24/162) auto-lang tests::conformance_tests::conformance_023_list_map_filter
        PASS [   0.157s] ( 25/162) auto-lang tests::conformance_tests::conformance_026_result_basic
        PASS [   0.140s] ( 26/162) auto-lang tests::conformance_tests::conformance_027_nested_func
        PASS [   0.167s] ( 27/162) auto-lang tests::conformance_tests::conformance_025_option_basic
        PASS [   0.137s] ( 28/162) auto-lang tests::conformance_tests::conformance_030_str_to_int
        PASS [   0.154s] ( 29/162) auto-lang tests::conformance_tests::conformance_028_recursive_func
        PASS [   0.140s] ( 30/162) auto-lang tests::conformance_tests::conformance_040_while_basic
        PASS [   0.157s] ( 31/162) auto-lang tests::conformance_tests::conformance_029_multi_param
        PASS [   0.167s] ( 32/162) auto-lang tests::conformance_tests::conformance_042_try_no_error
        PASS [   0.127s] ( 33/162) auto-lang tests::cookbook_vm_tests::cb_algorithms_sort_int
        PASS [   0.161s] ( 34/162) auto-lang tests::cookbook_vm_tests::cb_algorithms_sort_float
        PASS [   0.227s] ( 35/162) auto-lang tests::conformance_tests::conformance_043_try_catch_param
        PASS [   0.162s] ( 36/162) auto-lang tests::cookbook_vm_tests::cb_asynchronous_channel
        PASS [   0.149s] ( 37/162) auto-lang tests::cookbook_vm_tests::cb_asynchronous_ftc
        PASS [   0.182s] ( 38/162) auto-lang tests::cookbook_vm_tests::cb_algorithms_sort_struct
        PASS [   0.172s] ( 39/162) auto-lang tests::cookbook_vm_tests::cb_asynchronous_fs
        PASS [   0.156s] ( 40/162) auto-lang tests::cookbook_vm_tests::cb_asynchronous_rt
        PASS [   0.186s] ( 41/162) auto-lang tests::cookbook_vm_tests::cb_concurrency_crossbeam_complex
        PASS [   0.203s] ( 42/162) auto-lang tests::cookbook_vm_tests::cb_concurrency_global_mut_state
        PASS [   0.201s] ( 43/162) auto-lang tests::cookbook_vm_tests::cb_concurrency_rayon_iter_mut
        PASS [   0.307s] ( 44/162) auto-lang tests::conformance_tests::conformance_differential_reproducibility
        PASS [   0.185s] ( 45/162) auto-lang tests::cookbook_vm_tests::cb_concurrency_rayon_map_reduce
        PASS [   0.180s] ( 46/162) auto-lang tests::cookbook_vm_tests::cb_concurrency_rayon_parallel_search
        PASS [   0.174s] ( 47/162) auto-lang tests::cookbook_vm_tests::cb_concurrency_rayon_parallel_sort
        PASS [   0.278s] ( 48/162) auto-lang tests::cookbook_vm_tests::cb_devtools_log_env
        PASS [   0.275s] ( 49/162) auto-lang tests::cookbook_vm_tests::cb_devtools_log_stdout
        PASS [   0.310s] ( 50/162) auto-lang tests::cookbook_vm_tests::cb_devtools_log_error
        PASS [   0.580s] ( 51/162) auto-lang tests::cookbook_vm_tests::cb_cli_ansi_term
        PASS [   0.579s] ( 52/162) auto-lang tests::cookbook_vm_tests::cb_compression_tar_compress
        PASS [   0.593s] ( 53/162) auto-lang tests::cookbook_vm_tests::cb_concurrency_crossbeam_spawn
        PASS [   0.598s] ( 54/162) auto-lang tests::cookbook_vm_tests::cb_concurrency_rayon_any_all
        PASS [   0.636s] ( 55/162) auto-lang tests::cookbook_vm_tests::cb_cli_clap_basic
        PASS [   0.646s] ( 56/162) auto-lang tests::cookbook_vm_tests::cb_concurrency_crossbeam_spsc
        PASS [   0.671s] ( 57/162) auto-lang tests::cookbook_vm_tests::cb_compression_tar_decompress
        PASS [   0.176s] ( 58/162) auto-lang tests::cookbook_vm_tests::cb_devtools_tracing_console
        PASS [   0.593s] ( 59/162) auto-lang tests::cookbook_vm_tests::cb_datetime_parse_string
        PASS [   0.604s] ( 60/162) auto-lang tests::cookbook_vm_tests::cb_cryptography_hmac
        PASS [   0.810s] ( 61/162) auto-lang tests::conformance_tests::conformance_bootstrap
        PASS [   0.173s] ( 62/162) auto-lang tests::cookbook_vm_tests::cb_encoding_csv_delimiter
        PASS [   0.651s] ( 63/162) auto-lang tests::cookbook_vm_tests::cb_cryptography_pbkdf2
        PASS [   0.650s] ( 64/162) auto-lang tests::cookbook_vm_tests::cb_cryptography_sha_digest
        PASS [   0.185s] ( 65/162) auto-lang tests::cookbook_vm_tests::cb_encoding_csv_filter
        PASS [   0.172s] ( 66/162) auto-lang tests::cookbook_vm_tests::cb_encoding_csv_invalid
        PASS [   0.167s] ( 67/162) auto-lang tests::cookbook_vm_tests::cb_encoding_csv_read
        PASS [   0.685s] ( 68/162) auto-lang tests::cookbook_vm_tests::cb_concurrency_threadpool_walk
        PASS [   0.186s] ( 69/162) auto-lang tests::cookbook_vm_tests::cb_encoding_csv_serialize
        PASS [   0.210s] ( 70/162) auto-lang tests::cookbook_vm_tests::cb_encoding_csv_serde_serialize
        PASS [   0.153s] ( 71/162) auto-lang tests::cookbook_vm_tests::cb_encoding_csv_transform
        PASS [   0.166s] ( 72/162) auto-lang tests::cookbook_vm_tests::cb_encoding_endian_byte
        PASS [   0.666s] ( 73/162) auto-lang tests::cookbook_vm_tests::cb_devtools_log_custom_location
        PASS [   0.716s] ( 74/162) auto-lang tests::cookbook_vm_tests::cb_devtools_log_custom
        PASS [   0.203s] ( 75/162) auto-lang tests::cookbook_vm_tests::cb_encoding_hex
        PASS [   0.155s] ( 76/162) auto-lang tests::cookbook_vm_tests::cb_encoding_toml
        PASS [   0.679s] ( 77/162) auto-lang tests::cookbook_vm_tests::cb_devtools_log_mod
        PASS [   0.425s] ( 78/162) auto-lang tests::cookbook_vm_tests::cb_devtools_log_syslog
        PASS [   0.146s] ( 79/162) auto-lang tests::cookbook_vm_tests::cb_errors_anyhow
        PASS [   0.720s] ( 80/162) auto-lang tests::cookbook_vm_tests::cb_devtools_log_debug
        PASS [   0.157s] ( 81/162) auto-lang tests::cookbook_vm_tests::cb_errors_boxed_error
        PASS [   0.163s] ( 82/162) auto-lang tests::cookbook_vm_tests::cb_errors_retain
        PASS [   0.178s] ( 83/162) auto-lang tests::cookbook_vm_tests::cb_errors_backtrace
        PASS [   0.467s] ( 84/162) auto-lang tests::cookbook_vm_tests::cb_devtools_log_timestamp
        PASS [   1.105s] ( 85/162) auto-lang tests::conformance_tests::conformance_differential_stability
        PASS [   0.158s] ( 86/162) auto-lang tests::cookbook_vm_tests::cb_file_read_lines
        PASS [   0.159s] ( 87/162) auto-lang tests::cookbook_vm_tests::cb_file_png
        PASS [   0.155s] ( 88/162) auto-lang tests::cookbook_vm_tests::cb_file_read_lines_temp
        PASS [   0.171s] ( 89/162) auto-lang tests::cookbook_vm_tests::cb_hardware_cpu_count
        PASS [   0.134s] ( 90/162) auto-lang tests::cookbook_vm_tests::cb_os_env_variable
        PASS [   0.152s] ( 91/162) auto-lang tests::cookbook_vm_tests::cb_mem_lazy_cell
        PASS [   0.147s] ( 92/162) auto-lang tests::cookbook_vm_tests::cb_os_process_continuous
        PASS [   0.520s] ( 93/162) auto-lang tests::cookbook_vm_tests::cb_encoding_base64
        PASS [   0.180s] ( 94/162) auto-lang tests::cookbook_vm_tests::cb_safety_heapless
        PASS [   0.184s] ( 95/162) auto-lang tests::cookbook_vm_tests::cb_text_from_str
        PASS [   0.185s] ( 96/162) auto-lang tests::cookbook_vm_tests::cb_text_filter_log
        PASS [   0.185s] ( 97/162) auto-lang tests::cookbook_vm_tests::cb_text_phone
        PASS [   0.188s] ( 98/162) auto-lang tests::cookbook_vm_tests::cb_versioning_semver_command
        PASS [   0.484s] ( 99/162) auto-lang tests::cookbook_vm_tests::cb_encoding_percent_encode
        PASS [   0.508s] (100/162) auto-lang tests::cookbook_vm_tests::cb_encoding_json
        PASS [   0.223s] (101/162) auto-lang tests::cookbook_vm_tests::cb_text_regex_replace
        PASS [   0.280s] (102/162) auto-lang tests::cookbook_vm_tests::cb_text_regex_email
        PASS [   0.473s] (103/162) auto-lang tests::cookbook_vm_tests::cb_encoding_url_encode
        FAIL [   0.258s] (104/162) auto-lang tests::cookbook_vm_tests::cb_versioning_semver_parse
  stdout ───

    running 1 test
    test tests::cookbook_vm_tests::cb_versioning_semver_parse ... FAILED

    failures:

    failures:
        tests::cookbook_vm_tests::cb_versioning_semver_parse

    test result: FAILED. 0 passed; 1 failed; 0 ignored; 0 measured; 6501 filtered out; finished in 0.02s

  stderr ───

    thread 'tests::cookbook_vm_tests::cb_versioning_semver_parse' (25940) panicked at crates\auto-lang\src\tests\cookbook_vm_tests.rs:195:91:
    called `Result::unwrap()` on an `Err` value: Msg("RuntimeError(\"Assertion failed\") at line 6 (ip=0x0043)")
    note: run with `RUST_BACKTRACE=1` environment variable to display a backtrace

        FAIL [   0.277s] (105/162) auto-lang tests::cookbook_vm_tests::cb_versioning_semver_latest
  stdout ───

    running 1 test
    test tests::cookbook_vm_tests::cb_versioning_semver_latest ... FAILED

    failures:

    failures:
        tests::cookbook_vm_tests::cb_versioning_semver_latest

    test result: FAILED. 0 passed; 1 failed; 0 ignored; 0 measured; 6501 filtered out; finished in 0.02s

  stderr ───

    thread 'tests::cookbook_vm_tests::cb_versioning_semver_latest' (40284) panicked at crates\auto-lang\src\tests\cookbook_vm_tests.rs:197:93:
    called `Result::unwrap()` on an `Err` value: Msg("RuntimeError(\"Assertion failed\") at line 12 (ip=0x00a1)")
    note: run with `RUST_BACKTRACE=1` environment variable to display a backtrace

        PASS [   0.504s] (106/162) auto-lang tests::cookbook_vm_tests::cb_file_modified
        PASS [   0.454s] (107/162) auto-lang tests::cookbook_vm_tests::cb_text_graphemes
        PASS [   0.503s] (108/162) auto-lang tests::cookbook_vm_tests::cb_text_regex_hashtags
        PASS [   0.615s] (109/162) auto-lang tests::cookbook_vm_tests::cb_versioning_semver_complex
        FAIL [   0.652s] (110/162) auto-lang tests::cookbook_vm_tests::cb_versioning_semver_increment
  stdout ───

    running 1 test
    test tests::cookbook_vm_tests::cb_versioning_semver_increment ... FAILED

    failures:

    failures:
        tests::cookbook_vm_tests::cb_versioning_semver_increment

    test result: FAILED. 0 passed; 1 failed; 0 ignored; 0 measured; 6501 filtered out; finished in 0.37s

  stderr ───

    thread 'tests::cookbook_vm_tests::cb_versioning_semver_increment' (16272) panicked at crates\auto-lang\src\tests\cookbook_vm_tests.rs:196:99:
    called `Result::unwrap()` on an `Err` value: Msg("RuntimeError(\"Invalid object ID: 4000002\") at line 6 (ip=0x0038)")
    note: run with `RUST_BACKTRACE=1` environment variable to display a backtrace

        FAIL [   0.675s] (111/162) auto-lang tests::cookbook_vm_tests::cb_versioning_semver_prerelease
  stdout ───

    running 1 test
    test tests::cookbook_vm_tests::cb_versioning_semver_prerelease ... FAILED

    failures:

    failures:
        tests::cookbook_vm_tests::cb_versioning_semver_prerelease

    test result: FAILED. 0 passed; 1 failed; 0 ignored; 0 measured; 6501 filtered out; finished in 0.40s

  stderr ───

    thread 'tests::cookbook_vm_tests::cb_versioning_semver_prerelease' (40884) panicked at crates\auto-lang\src\tests\cookbook_vm_tests.rs:54:9:
    assertion `left == right` failed: Output mismatch for versioning/006_semver_prerelease
      left: "Major: 1\nPre: 0\n"
     right: "Major: 1\nPre: alpha.1\n"
    note: run with `RUST_BACKTRACE=1` environment variable to display a backtrace

        PASS [   0.987s] (112/162) auto-lang tests::vm_file_tests::test_07_objects_010_map_bracket_write
        PASS [   1.054s] (113/162) auto-lang tests::vm_file_tests::test_15_nested_mutation_015_self_list_push
        PASS [   1.170s] (114/162) auto-lang tests::vm_file_tests::test_19_rust_std_003_pathbuf
        PASS [   1.218s] (115/162) auto-lang tests::vm_file_tests::test_19_rust_std_001_time
        PASS [   1.203s] (116/162) auto-lang tests::vm_file_tests::test_19_rust_std_002_duration
        PASS [   1.235s] (117/162) auto-lang tests::vm_file_tests::test_19_rust_std_004_duration_print
        PASS [   1.158s] (118/162) auto-lang tests::vm_file_tests::test_19_rust_std_007_pathbuf
        PASS [   1.210s] (119/162) auto-lang tests::vm_file_tests::test_19_rust_std_008_box_cell
        PASS [   1.141s] (120/162) auto-lang tests::vm_file_tests::test_99_idiom2_d01b_nested_fn_capture
        PASS [   1.234s] (121/162) auto-lang tests::vm_file_tests::test_19_rust_std_009_duration_f64
        PASS [   1.077s] (122/162) auto-lang tests::vm_file_tests::test_99_idiom2_m01_field_rw
        PASS [   1.023s] (123/162) auto-lang tests::vm_file_tests::test_99_idiom2_m02_method_calls_method
        PASS [   1.436s] (124/162) auto-lang tests::cookbook_vm_tests::cb_web_mime
        PASS [   1.185s] (125/162) auto-lang tests::vm_file_tests::test_99_idiom2_d01_nested_fn_void
        PASS [   0.903s] (126/162) auto-lang tests::vm_file_tests::test_99_idiom2_m03_static_new_chain
        PASS [   1.306s] (127/162) auto-lang tests::vm_file_tests::test_19_rust_std_010_process_command
        PASS [   1.186s] (128/162) auto-lang tests::vm_file_tests::test_99_idiom2_d02_struct_misuse
        PASS [   0.851s] (129/162) auto-lang tests::vm_file_tests::test_99_idiom2_m05_list_elem_method
        PASS [   0.971s] (130/162) auto-lang tests::vm_file_tests::test_99_idiom2_m04_positional_ctor
        PASS [   0.888s] (131/162) auto-lang tests::vm_file_tests::test_99_idiom2_m06_method_value
        PASS [   0.887s] (132/162) auto-lang tests::vm_file_tests::test_99_idiom2_m07_ext_method
        PASS [   0.870s] (133/162) auto-lang tests::vm_file_tests::test_99_idiom2_m10_pipe
        PASS [   0.824s] (134/162) auto-lang tests::vm_file_tests::test_99_idiom_probe_p01_is_string
        PASS [   0.941s] (135/162) auto-lang tests::vm_file_tests::test_99_idiom2_m08_receiver_forms
        PASS [   0.941s] (136/162) auto-lang tests::vm_file_tests::test_99_idiom2_m09_method_name_set
        PASS [   0.878s] (137/162) auto-lang tests::vm_file_tests::test_99_idiom_probe_p02b_enum_or_arm
        PASS [   2.037s] (138/162) auto-lang tests::vm_file_tests::test_19_rust_std_006_sync
        PASS [   0.843s] (139/162) auto-lang tests::vm_file_tests::test_99_idiom_probe_p03_enum_payload
        PASS [   0.813s] (140/162) auto-lang tests::vm_file_tests::test_99_idiom_probe_p08_guard_arm
        PASS [   0.856s] (141/162) auto-lang tests::vm_file_tests::test_99_idiom_probe_p05_double_match
        PASS [   2.124s] (142/162) auto-lang tests::vm_file_tests::test_19_rust_std_005_instant_duration
        PASS [   0.848s] (143/162) auto-lang tests::vm_file_tests::test_99_idiom_probe_p07_cond_for_continue
        PASS [   0.911s] (144/162) auto-lang tests::vm_file_tests::test_99_idiom_probe_p04_runtime_concat_payload
        PASS [   3.261s] (145/162) auto-lang tests::cookbook_vm_tests::cb_datetime_checked
        PASS [   0.896s] (146/162) auto-lang tests::vm_file_tests::test_99_idiom_probe_p09g_local_var_workaround
        PASS [   0.868s] (147/162) auto-lang tests::vm_file_tests::test_99_idiom_probe_p09h_inline_enum_payload
        PASS [   0.882s] (148/162) auto-lang tests::vm_file_tests::test_99_idiom_probe_p11_is_char
        PASS [   0.882s] (149/162) auto-lang tests::vm_file_tests::test_99_idiom_probe_p10_enum_reassign_eq
        PASS [   0.791s] (150/162) auto-lang tests::vm_file_tests::test_99_idiom_probe_p13a_struct_field_enum
        PASS [   0.975s] (151/162) auto-lang tests::vm_file_tests::test_99_idiom_probe_p06_while_continue
        PASS [   0.906s] (152/162) auto-lang tests::vm_file_tests::test_99_idiom_probe_p12_is_binding_types
        PASS [   0.699s] (153/162) auto-lang tests::vm_file_tests::test_99_idiom_probe_p13b_struct_literal_field
        PASS [   0.661s] (154/162) auto-lang tests::vm_file_tests::test_99_idiom_probe_p13c_struct_literal_literal_payload
        PASS [   0.598s] (155/162) auto-lang tests::vm_file_tests::test_99_p588debt_003_operand_shapes
        PASS [   0.636s] (156/162) auto-lang tests::vm_file_tests::test_99_p588debt_002_str_return_fn
        PASS [   0.651s] (157/162) auto-lang tests::vm_file_tests::test_99_p588debt_001_inline_arg_accum
        PASS [   0.580s] (158/162) auto-lang tests::vm_file_tests::test_99_short_circuit_001_and_or
        PASS [   0.543s] (159/162) auto-lang tests::vm_file_tests::test_99_short_circuit_003_negative_index_guard
        PASS [   0.597s] (160/162) auto-lang tests::vm_file_tests::test_99_py_dispatch_02_auto_str_unchanged
        PASS [   0.612s] (161/162) auto-lang tests::vm_file_tests::test_99_plan664_001_value_lexemes
        PASS [   0.598s] (162/162) auto-lang tests::vm_file_tests::test_99_short_circuit_002_calc_eval_expr
────────────
     Summary [   4.196s] 162 tests run: 158 passed, 4 failed, 6330 skipped
        FAIL [   0.258s] (104/162) auto-lang tests::cookbook_vm_tests::cb_versioning_semver_parse
        FAIL [   0.277s] (105/162) auto-lang tests::cookbook_vm_tests::cb_versioning_semver_latest
        FAIL [   0.652s] (110/162) auto-lang tests::cookbook_vm_tests::cb_versioning_semver_increment
        FAIL [   0.675s] (111/162) auto-lang tests::cookbook_vm_tests::cb_versioning_semver_prerelease
error: test run failed
